source1_entity_id,missed_target_id,reason,country_mismatch,beyond_rank_cut,postings_budget_dropped
S1-14541988,S3-838869165,beyond_rank_cut,False,True,False
S1-889681716,S2-580261705,beyond_rank_cut,False,True,False
S1-62632211,S3-768580695,beyond_rank_cut,False,True,False
S1-510817063,S3-150462538,beyond_rank_cut,False,True,False
S1-518753588,S3-279007170,no_shared_term,False,False,False
S1-518753588,S3-567725427,beyond_rank_cut,False,True,False
S1-518753588,S3-82860715,beyond_rank_cut,False,True,False
S1-465791955,S2-815556727,no_shared_term,False,False,False
S1-733961272,S2-566690427,no_shared_term,False,False,False
S1-733961272,S3-318302554,no_shared_term,False,False,False
S1-733961272,S3-431627915,no_shared_term,False,False,False
S1-733961272,S3-548942431,no_shared_term,False,False,False
S1-878904874,S2-492743243,beyond_rank_cut,False,True,False
S1-559465748,S3-238149096,no_shared_term,False,False,False
S1-559465748,S3-529063159,no_shared_term,False,False,False
S1-93136530,S2-828254450,beyond_rank_cut,False,True,False
S1-93136530,S3-274663730,beyond_rank_cut,False,True,False
S1-171271069,S3-357841207,beyond_rank_cut,False,True,False
S1-132222606,S3-473759564,beyond_rank_cut,False,True,False
S1-108667277,S3-537570654,beyond_rank_cut,False,True,False
S1-856442289,S2-185171960,beyond_rank_cut,False,True,False
S1-856442289,S2-759323779,beyond_rank_cut,False,True,False
S1-353813872,S2-645824977,no_shared_term,False,False,False
S1-429879456,S2-814924904,no_shared_term,False,False,False
S1-429879456,S3-622571996,beyond_rank_cut,False,True,False
S1-478222711,S2-58132978,beyond_rank_cut,False,True,False
S1-502019687,S3-293670151,beyond_rank_cut,False,True,False
S1-644830606,S2-794095709,no_shared_term,False,False,False
S1-644830606,S3-834814676,no_shared_term,False,False,False
S1-683978618,S3-753400696,beyond_rank_cut,False,True,False
S1-97581850,S3-256916098,beyond_rank_cut,False,True,False
S1-97581850,S3-3248296,beyond_rank_cut,False,True,False
S1-97581850,S3-60652506,no_shared_term,False,False,False
S1-842006083,S2-262876642,beyond_rank_cut,False,True,False
S1-290196545,S2-882931229,no_shared_term,False,False,False
S1-859030799,S2-808841124,no_shared_term,False,False,False
S1-859030799,S3-900638540,no_shared_term,False,False,False
S1-71172417,S3-806740086,beyond_rank_cut,False,True,False
S1-719254155,S2-349371707,no_shared_term,False,False,False
S1-327326162,S3-739697873,no_shared_term,False,False,False
S1-303161839,S2-557617201,no_shared_term,False,False,False
S1-303161839,S3-602572832,no_shared_term,False,False,False
S1-887158282,S3-641292303,no_shared_term,False,False,False
S1-496902896,S3-867294255,beyond_rank_cut,False,True,False
S1-748981483,S3-411314873,beyond_rank_cut,False,True,False
S1-799384661,S3-614068251,beyond_rank_cut,False,True,False
S1-161665255,S3-473725940,no_shared_term,False,False,False
S1-318749106,S3-916543250,beyond_rank_cut,False,True,False
S1-815919937,S2-127680244,beyond_rank_cut,False,True,False
S1-951192072,S2-374827640,beyond_rank_cut,False,True,False
S1-951192072,S2-518809729,beyond_rank_cut,False,True,False
S1-952176357,S3-875161736,beyond_rank_cut,False,True,False
S1-324280856,S3-649523586,beyond_rank_cut,False,True,False
S1-687863817,S3-657986617,no_shared_term,False,False,False
S1-200966106,S3-458484674,beyond_rank_cut,False,True,False
S1-278971057,S2-558784176,beyond_rank_cut,False,True,False
S1-975383995,S3-409617329,no_shared_term,False,False,False
S1-916429117,S2-80731967,no_shared_term,False,False,False
S1-916429117,S3-434111591,no_shared_term,False,False,False
S1-777861069,S2-344587174,no_shared_term,False,False,False
S1-606725408,S3-741068886,no_shared_term,False,False,False
S1-276628790,S2-658324123,no_shared_term,False,False,False
S1-766397865,S3-65887500,no_shared_term,False,False,False
S1-545533386,S3-200911313,beyond_rank_cut,False,True,False
S1-545533386,S3-696396160,beyond_rank_cut,False,True,False
S1-475888190,S2-763285690,no_shared_term,False,False,False
S1-517032843,S3-166490023,no_shared_term,False,False,False
S1-192322775,S2-138754785,beyond_rank_cut,False,True,False
S1-442692708,S3-563078917,beyond_rank_cut,False,True,False
S1-649212151,S3-507486430,no_shared_term,False,False,False
S1-985730591,S3-783650873,no_shared_term,False,False,False
S1-45632498,S3-948956091,beyond_rank_cut,False,True,False
S1-771954199,S3-733515979,beyond_rank_cut,False,True,False
S1-677294419,S3-208142174,beyond_rank_cut,False,True,False
S1-250560089,S3-86282638,beyond_rank_cut,False,True,False
S1-995807535,S3-270940676,beyond_rank_cut,False,True,False
S1-430532829,S3-795214209,beyond_rank_cut,False,True,False
S1-330986419,S3-737870614,beyond_rank_cut,False,True,False
S1-979251771,S3-261581231,beyond_rank_cut,False,True,False
S1-403511064,S2-314376986,beyond_rank_cut,False,True,False
S1-377725516,S2-828252278,no_shared_term,False,False,False
S1-956022059,S3-469188038,beyond_rank_cut,False,True,False
S1-164687898,S2-785912647,beyond_rank_cut,False,True,False
S1-100473658,S3-33242982,no_shared_term,False,False,False
S1-610248599,S2-193637051,beyond_rank_cut,False,True,False
S1-610248599,S3-237378089,beyond_rank_cut,False,True,False
S1-744740269,S2-592636553,no_shared_term,False,False,False
S1-744740269,S2-727025154,no_shared_term,False,False,False
S1-744740269,S2-992693006,no_shared_term,False,False,False
S1-744740269,S3-368832047,no_shared_term,False,False,False
S1-384783810,S2-161152035,beyond_rank_cut,False,True,False
S1-844382523,S3-786512457,beyond_rank_cut,False,True,False
S1-277388344,S2-603570207,beyond_rank_cut,False,True,False
S1-566993876,S3-690871668,no_shared_term,False,False,False
S1-566993876,S3-692288700,no_shared_term,False,False,False
S1-975101795,S2-142675191,beyond_rank_cut,False,True,False
S1-975101795,S2-189032736,beyond_rank_cut,False,True,False
S1-591737486,S2-815379297,beyond_rank_cut,False,True,False
S1-592470689,S2-134379045,beyond_rank_cut,False,True,False
S1-625443565,S3-19628042,no_shared_term,False,False,False
S1-202296697,S2-357022425,beyond_rank_cut,False,True,False
S1-202296697,S2-445733264,beyond_rank_cut,False,True,False
S1-227513029,S3-31753139,beyond_rank_cut,False,True,False
S1-514112216,S2-751866696,no_shared_term,False,False,False
S1-276063359,S2-778446363,no_shared_term,False,False,False
S1-276063359,S3-453857390,no_shared_term,False,False,False
S1-641276009,S2-6090740,beyond_rank_cut,False,True,False
S1-450156996,S3-250646239,beyond_rank_cut,False,True,False
S1-462245041,S3-537906353,beyond_rank_cut,False,True,False
S1-378377248,S2-230515705,beyond_rank_cut,False,True,False
S1-483139526,S2-164909986,no_shared_term,False,False,False
S1-483139526,S2-884647080,no_shared_term,False,False,False
S1-483139526,S3-188174746,beyond_rank_cut,False,True,False
S1-997558381,S2-56687596,no_shared_term,False,False,False
S1-824670052,S2-90253128,no_shared_term,False,False,False
S1-824670052,S3-375583990,no_shared_term,False,False,False
S1-824670052,S3-874051884,no_shared_term,False,False,False
S1-390054740,S3-352422674,beyond_rank_cut,False,True,False
S1-103596563,S2-96455051,beyond_rank_cut,False,True,False
S1-133286995,S3-4882284,beyond_rank_cut,False,True,False
S1-324810425,S3-772468831,no_shared_term,False,False,False
S1-281428533,S2-45282269,no_shared_term,False,False,False
S1-629960972,S2-300855110,beyond_rank_cut,False,True,False
S1-243400769,S3-2356378,beyond_rank_cut,False,True,False
S1-534398654,S3-400808663,beyond_rank_cut,False,True,False
S1-95189957,S3-450438283,no_shared_term,False,False,False
S1-181491107,S3-528042479,beyond_rank_cut,False,True,False
S1-872675789,S2-138307063,beyond_rank_cut,False,True,False
S1-872675789,S3-71823124,beyond_rank_cut,False,True,False
S1-872675789,S3-943198949,beyond_rank_cut,False,True,False
S1-478639291,S3-941040835,no_shared_term,False,False,False
S1-467772722,S3-404021303,no_shared_term,False,False,False
S1-467772722,S3-452966844,no_shared_term,False,False,False
S1-971258985,S2-396343639,beyond_rank_cut,False,True,False
S1-601234447,S2-359912838,beyond_rank_cut,False,True,False
S1-656088071,S2-478197304,beyond_rank_cut,False,True,False
S1-281915239,S2-632531191,no_shared_term,False,False,False
S1-711207785,S2-966402021,beyond_rank_cut,False,True,False
S1-169006078,S2-71661783,no_shared_term,False,False,False
S1-424344457,S2-365849766,no_shared_term,False,False,False
S1-844266318,S2-656503633,beyond_rank_cut,False,True,False
S1-585231016,S3-896615759,beyond_rank_cut,False,True,False
S1-136086280,S3-388695117,beyond_rank_cut,False,True,False
S1-937504508,S2-900051353,beyond_rank_cut,False,True,False
S1-372858431,S3-276196972,no_shared_term,False,False,False
S1-741723025,S2-784665718,beyond_rank_cut,False,True,False
S1-220034438,S3-422155152,no_shared_term,False,False,False
S1-200088115,S3-214063758,beyond_rank_cut,False,True,False
S1-200088115,S3-80781091,beyond_rank_cut,False,True,False
S1-200088115,S3-966519580,beyond_rank_cut,False,True,False
S1-12473495,S3-334522267,beyond_rank_cut,False,True,False
S1-843348135,S3-783489374,beyond_rank_cut,False,True,False
S1-743033653,S3-68593538,beyond_rank_cut,False,True,False
S1-186724040,S3-978374563,beyond_rank_cut,False,True,False
S1-981507603,S2-89205596,beyond_rank_cut,False,True,False
S1-601828996,S3-746370205,beyond_rank_cut,False,True,False
S1-919541499,S3-447207700,no_shared_term,False,False,False
S1-710156583,S2-924803876,no_shared_term,False,False,False
S1-710156583,S3-96084095,no_shared_term,False,False,False
S1-875894758,S2-551191145,beyond_rank_cut,False,True,False
S1-796088350,S2-756303823,beyond_rank_cut,False,True,False
S1-459913216,S3-296641464,beyond_rank_cut,False,True,False
S1-842250973,S2-541142449,no_shared_term,False,False,False
S1-277790962,S2-804403928,beyond_rank_cut,False,True,False
S1-277790962,S3-531462910,beyond_rank_cut,False,True,False
S1-213390970,S2-866133866,no_shared_term,False,False,False
S1-861675809,S2-549447740,beyond_rank_cut,False,True,False
S1-172956349,S2-743596077,beyond_rank_cut,False,True,False
S1-472257012,S3-459549182,no_shared_term,False,False,False
S1-583139812,S2-505861038,no_shared_term,False,False,False
S1-328267948,S2-618134738,beyond_rank_cut,False,True,False
S1-496660703,S3-399063765,beyond_rank_cut,False,True,False
S1-497595749,S3-864946532,beyond_rank_cut,False,True,False
S1-58102848,S3-518345607,beyond_rank_cut,False,True,False
S1-22133627,S3-975513462,no_shared_term,False,False,False
S1-577924305,S3-537299937,no_shared_term,False,False,False
S1-163447961,S3-763155569,no_shared_term,False,False,False
S1-31039561,S2-837949534,beyond_rank_cut,False,True,False
S1-889785911,S2-182852657,no_shared_term,False,False,False
S1-889785911,S3-378154027,no_shared_term,False,False,False
S1-194925118,S3-593815590,no_shared_term,False,False,False
S1-248779978,S3-445859283,beyond_rank_cut,False,True,False
S1-113102805,S3-216032567,beyond_rank_cut,False,True,False
S1-113102805,S3-303637932,beyond_rank_cut,False,True,False
S1-113102805,S3-662785586,no_shared_term,False,False,False
S1-285903776,S2-237704472,beyond_rank_cut,False,True,False
S1-596100419,S3-369998735,beyond_rank_cut,False,True,False
S1-877752199,S3-935577803,beyond_rank_cut,False,True,False
S1-963963017,S2-641028870,beyond_rank_cut,False,True,False
S1-808390258,S3-30039188,beyond_rank_cut,False,True,False
S1-596856085,S2-628655884,no_shared_term,False,False,False
S1-288736455,S3-558913445,no_shared_term,False,False,False
S1-807583158,S2-8802753,beyond_rank_cut,False,True,False
S1-677184917,S3-228803608,no_shared_term,False,False,False
S1-600940281,S2-139652479,beyond_rank_cut,False,True,False
S1-600940281,S2-229188295,beyond_rank_cut,False,True,False
S1-600940281,S3-44342718,no_shared_term,False,False,False
S1-600940281,S3-591961806,no_shared_term,False,False,False
S1-600940281,S3-609153337,no_shared_term,False,False,False
S1-184756008,S3-13076562,no_shared_term,False,False,False
S1-905032847,S3-556180284,beyond_rank_cut,False,True,False
S1-513150233,S2-823626791,beyond_rank_cut,False,True,False
S1-835232299,S3-250023819,no_shared_term,False,False,False
S1-835232299,S3-81972809,no_shared_term,False,False,False
S1-75602424,S3-960133246,beyond_rank_cut,False,True,False
S1-37052524,S3-415882883,no_shared_term,False,False,False
S1-478202926,S3-1797176,no_shared_term,False,False,False
S1-452374807,S3-752167810,beyond_rank_cut,False,True,False
S1-454192600,S2-843580497,beyond_rank_cut,False,True,False
S1-11246184,S3-973887609,no_shared_term,False,False,False
S1-219119454,S2-280527226,no_shared_term,False,False,False
S1-912724398,S2-39223592,beyond_rank_cut,False,True,False
S1-926208491,S2-777732619,no_shared_term,False,False,False
S1-926208491,S2-800707879,no_shared_term,False,False,False
S1-979474957,S2-369694148,beyond_rank_cut,False,True,False
S1-985955927,S2-986422852,beyond_rank_cut,False,True,False
S1-283925127,S2-885201353,no_shared_term,False,False,False
S1-473585750,S2-484836645,no_shared_term,False,False,False
S1-467778769,S3-162530503,beyond_rank_cut,False,True,False
S1-320718244,S3-556209680,beyond_rank_cut,False,True,False
S1-25710128,S3-260726905,no_shared_term,False,False,False
S1-373955684,S2-886261025,beyond_rank_cut,False,True,False
S1-709237094,S3-506542548,beyond_rank_cut,False,True,False
S1-650791251,S2-228744821,no_shared_term,False,False,False
S1-772122638,S3-859563612,beyond_rank_cut,False,True,False
S1-280074702,S2-174645546,beyond_rank_cut,False,True,False
S1-613299663,S2-511887768,beyond_rank_cut,False,True,False
S1-864993381,S2-654899182,beyond_rank_cut,False,True,False
S1-803732787,S2-920650639,no_shared_term,False,False,False
S1-518921728,S2-420854234,beyond_rank_cut,False,True,False
S1-828080145,S2-297447137,no_shared_term,False,False,False
S1-43793444,S3-455032999,beyond_rank_cut,False,True,False
S1-786224773,S2-479639122,no_shared_term,False,False,False
S1-696947461,S2-592636567,no_shared_term,False,False,False
S1-519186398,S3-588523771,beyond_rank_cut,False,True,False
S1-889398227,S3-728788913,beyond_rank_cut,False,True,False
S1-362911243,S2-775844535,beyond_rank_cut,False,True,False
S1-115981417,S2-518400475,beyond_rank_cut,False,True,False
S1-31766485,S3-140108870,beyond_rank_cut,False,True,False
S1-290715527,S2-396220554,beyond_rank_cut,False,True,False
S1-73993687,S2-664988214,no_shared_term,False,False,False
S1-73993687,S3-209401354,no_shared_term,False,False,False
S1-255489414,S3-348776353,beyond_rank_cut,False,True,False
S1-255489414,S3-653426112,no_shared_term,False,False,False
S1-238385185,S2-919511235,beyond_rank_cut,False,True,False
S1-361410625,S2-791137380,beyond_rank_cut,False,True,False
S1-847595704,S3-845456597,no_shared_term,False,False,False
S1-915401209,S2-870019063,beyond_rank_cut,False,True,False
S1-916001676,S2-256218751,no_shared_term,False,False,False
S1-916001676,S2-291580468,no_shared_term,False,False,False
S1-591982221,S3-959893065,beyond_rank_cut,False,True,False
S1-185544257,S2-838836086,beyond_rank_cut,False,True,False
S1-586585726,S3-491989786,beyond_rank_cut,False,True,False
S1-666468144,S2-527138858,beyond_rank_cut,False,True,False
S1-673898930,S3-945052688,beyond_rank_cut,False,True,False
S1-549896019,S2-456453826,no_shared_term,False,False,False
S1-527356299,S3-639240044,beyond_rank_cut,False,True,False
S1-844321341,S2-336011903,beyond_rank_cut,False,True,False
S1-515351391,S2-923330563,beyond_rank_cut,False,True,False
S1-515351391,S3-228849112,beyond_rank_cut,False,True,False
S1-137533298,S2-217540502,no_shared_term,False,False,False
S1-137533298,S3-528854126,beyond_rank_cut,False,True,False
S1-137533298,S3-980826598,beyond_rank_cut,False,True,False
S1-839101471,S3-846389228,beyond_rank_cut,False,True,False
S1-24494240,S3-776372870,beyond_rank_cut,False,True,False
S1-37902890,S3-715190,beyond_rank_cut,False,True,False
S1-958398293,S3-322546985,beyond_rank_cut,False,True,False
S1-458560206,S3-98309958,beyond_rank_cut,False,True,False
S1-735557552,S3-263737710,beyond_rank_cut,False,True,False
S1-969897996,S3-879640308,beyond_rank_cut,False,True,False
S1-175833047,S2-138066122,beyond_rank_cut,False,True,False
S1-136570815,S2-654098016,beyond_rank_cut,False,True,False
S1-4589120,S2-941059292,beyond_rank_cut,False,True,False
S1-623695099,S3-461226298,beyond_rank_cut,False,True,False
S1-704715402,S3-349268235,beyond_rank_cut,False,True,False
S1-476356127,S2-600280003,beyond_rank_cut,False,True,False
S1-275409007,S2-164916656,beyond_rank_cut,False,True,False
S1-275409007,S3-960254257,beyond_rank_cut,False,True,False
S1-164031615,S3-379844173,no_shared_term,False,False,False
S1-437158819,S3-491450671,no_shared_term,False,False,False
S1-5325453,S3-575105452,beyond_rank_cut,False,True,False
S1-804569352,S3-486474626,beyond_rank_cut,False,True,False
S1-916736792,S2-146856503,no_shared_term,False,False,False
S1-361207790,S2-597856175,beyond_rank_cut,False,True,False
S1-400914963,S2-593096862,no_shared_term,False,False,False
S1-400914963,S3-135493746,no_shared_term,False,False,False
S1-400914963,S3-523826082,beyond_rank_cut,False,True,False
S1-400914963,S3-576220570,beyond_rank_cut,False,True,False
S1-400914963,S3-915919172,no_shared_term,False,False,False
S1-168012690,S3-955184901,no_shared_term,False,False,False
S1-756795314,S2-363120783,no_shared_term,False,False,False
S1-756795314,S3-698195447,beyond_rank_cut,False,True,False
S1-756795314,S3-724068171,no_shared_term,False,False,False
S1-34048122,S3-445168693,beyond_rank_cut,False,True,False
S1-68212194,S3-194462069,beyond_rank_cut,False,True,False
S1-925721264,S3-131280914,no_shared_term,False,False,False
S1-43203689,S2-633368403,beyond_rank_cut,False,True,False
S1-227830537,S3-480300106,beyond_rank_cut,False,True,False
S1-227830537,S3-534381963,no_shared_term,False,False,False
S1-923484562,S3-196775790,beyond_rank_cut,False,True,False
S1-321197073,S2-619542851,beyond_rank_cut,False,True,False
S1-321197073,S3-992048104,beyond_rank_cut,False,True,False
S1-402739579,S2-632233262,beyond_rank_cut,False,True,False
S1-632516857,S2-353087076,beyond_rank_cut,False,True,False
S1-632516857,S2-408765761,beyond_rank_cut,False,True,False
S1-632516857,S2-452845820,beyond_rank_cut,False,True,False
S1-50834066,S2-277938188,beyond_rank_cut,False,True,False
S1-776286557,S2-98990910,beyond_rank_cut,False,True,False
S1-401167103,S3-527832264,no_shared_term,False,False,False
S1-825929878,S2-457029448,beyond_rank_cut,False,True,False
S1-825929878,S2-55178057,beyond_rank_cut,False,True,False
S1-506884220,S2-694070700,no_shared_term,False,False,False
S1-613598981,S3-795530857,beyond_rank_cut,False,True,False
S1-392962218,S3-91303852,no_shared_term,False,False,False
S1-341243199,S2-751479067,beyond_rank_cut,False,True,False
S1-341243199,S3-716161344,beyond_rank_cut,False,True,False
S1-748472457,S2-464210530,beyond_rank_cut,False,True,False
S1-533706198,S3-178162418,no_shared_term,False,False,False
S1-533706198,S3-974273570,no_shared_term,False,False,False
S1-923509713,S2-441145334,no_shared_term,False,False,False
S1-209922971,S2-231563212,beyond_rank_cut,False,True,False
S1-209922971,S2-986155517,beyond_rank_cut,False,True,False
S1-209922971,S3-39024158,beyond_rank_cut,False,True,False
S1-277328656,S2-354343905,beyond_rank_cut,False,True,False
S1-277328656,S3-33417654,no_shared_term,False,False,False
S1-277328656,S3-834931187,beyond_rank_cut,False,True,False
S1-755636971,S2-960710368,no_shared_term,False,False,False
S1-237514166,S3-215093760,no_shared_term,False,False,False
S1-994337377,S3-342541317,beyond_rank_cut,False,True,False
S1-298803330,S2-17608046,beyond_rank_cut,False,True,False
S1-421671494,S2-680257324,no_shared_term,False,False,False
S1-4443277,S3-51444572,no_shared_term,False,False,False
S1-798082645,S2-713519676,beyond_rank_cut,False,True,False
S1-140698333,S3-358638759,beyond_rank_cut,False,True,False
S1-140698333,S3-785596036,beyond_rank_cut,False,True,False
S1-140698333,S3-807029386,beyond_rank_cut,False,True,False
S1-402433289,S3-361642525,no_shared_term,False,False,False
S1-859133361,S3-455454463,beyond_rank_cut,False,True,False
S1-414531936,S2-115500616,no_shared_term,False,False,False
S1-414531936,S3-827312163,beyond_rank_cut,False,True,False
S1-487308179,S2-29209497,beyond_rank_cut,False,True,False
S1-160860580,S3-437401667,beyond_rank_cut,False,True,False
S1-6656254,S2-192566893,beyond_rank_cut,False,True,False
S1-940168404,S2-655549442,beyond_rank_cut,False,True,False
S1-197690007,S3-129740701,no_shared_term,False,False,False
S1-501836384,S3-681717860,beyond_rank_cut,False,True,False
S1-140615857,S2-809903732,beyond_rank_cut,False,True,False
S1-79621806,S3-250797485,beyond_rank_cut,False,True,False
S1-690525454,S3-221008359,no_shared_term,False,False,False
S1-413255319,S3-70745754,beyond_rank_cut,False,True,False
S1-962366792,S3-88670639,beyond_rank_cut,False,True,False
S1-496136303,S2-488615245,beyond_rank_cut,False,True,False
S1-130085999,S2-967247796,no_shared_term,False,False,False
S1-130085999,S3-696882578,beyond_rank_cut,False,True,False
S1-411510597,S3-964044730,beyond_rank_cut,False,True,False
S1-732057088,S3-906966812,beyond_rank_cut,False,True,False
S1-298425197,S2-142423820,no_shared_term,False,False,False
S1-394268799,S3-218344209,beyond_rank_cut,False,True,False
S1-301965703,S3-204267070,beyond_rank_cut,False,True,False
S1-876319118,S3-694710001,beyond_rank_cut,False,True,False
S1-876319118,S3-778393985,beyond_rank_cut,False,True,False
S1-876319118,S3-851744335,beyond_rank_cut,False,True,False
S1-23028088,S2-132323834,beyond_rank_cut,False,True,False
S1-115464126,S2-7643664,beyond_rank_cut,False,True,False
S1-678411845,S3-455975353,beyond_rank_cut,False,True,False
S1-692891261,S3-92202887,beyond_rank_cut,False,True,False
S1-60872127,S2-869810846,beyond_rank_cut,False,True,False
S1-58990441,S2-868154268,beyond_rank_cut,False,True,False
S1-938997147,S3-317537995,beyond_rank_cut,False,True,False
S1-938997147,S3-355012187,beyond_rank_cut,False,True,False
S1-938997147,S3-427880271,beyond_rank_cut,False,True,False
S1-938997147,S3-756174886,beyond_rank_cut,False,True,False
S1-106521425,S2-25561150,beyond_rank_cut,False,True,False
S1-121809009,S3-715710586,no_shared_term,False,False,False
S1-589023121,S2-203414716,beyond_rank_cut,False,True,False
S1-508502263,S3-405563189,beyond_rank_cut,False,True,False
S1-102730290,S3-652438041,beyond_rank_cut,False,True,False
S1-680488852,S2-352532325,no_shared_term,False,False,False
S1-680488852,S2-970790871,no_shared_term,False,False,False
S1-431449519,S2-605659967,no_shared_term,False,False,False
S1-324969267,S2-158384273,beyond_rank_cut,False,True,False
S1-328617171,S3-891005895,beyond_rank_cut,False,True,False
S1-417570989,S3-618966223,beyond_rank_cut,False,True,False
S1-247810770,S3-14036850,beyond_rank_cut,False,True,False
S1-609936767,S3-210224379,beyond_rank_cut,False,True,False
S1-367503338,S2-841542733,no_shared_term,False,False,False
S1-621596017,S2-776884618,no_shared_term,False,False,False
S1-586177046,S2-652978147,beyond_rank_cut,False,True,False
S1-263273017,S3-554850024,beyond_rank_cut,False,True,False
S1-399236408,S3-880941640,beyond_rank_cut,False,True,False
S1-195764986,S3-77043284,no_shared_term,False,False,False
S1-338717231,S3-744002059,beyond_rank_cut,False,True,False
S1-626006170,S2-91278378,no_shared_term,False,False,False
S1-626006170,S3-429795081,beyond_rank_cut,False,True,False
S1-626006170,S3-705121316,beyond_rank_cut,False,True,False
S1-626006170,S3-961683071,no_shared_term,False,False,False
S1-41634643,S3-916749691,beyond_rank_cut,False,True,False
S1-184015225,S2-869442787,beyond_rank_cut,False,True,False
S1-2247974,S3-976508104,beyond_rank_cut,False,True,False
S1-524374039,S2-878096458,beyond_rank_cut,False,True,False
S1-420502806,S2-1304152,beyond_rank_cut,False,True,False
S1-424190349,S3-761250122,beyond_rank_cut,False,True,False
S1-219606126,S2-275541380,no_shared_term,False,False,False
S1-188796941,S3-21095397,beyond_rank_cut,False,True,False
S1-48092135,S3-627833073,beyond_rank_cut,False,True,False
S1-48092135,S3-631697478,beyond_rank_cut,False,True,False
S1-39783827,S2-835014674,beyond_rank_cut,False,True,False
S1-766156890,S3-542063413,no_shared_term,False,False,False
S1-382830748,S3-894948065,beyond_rank_cut,False,True,False
S1-82417216,S2-338702656,beyond_rank_cut,False,True,False
S1-82417216,S2-464236015,no_shared_term,False,False,False
S1-401880403,S3-265664224,beyond_rank_cut,False,True,False
S1-631319813,S3-444196472,beyond_rank_cut,False,True,False
S1-631319813,S3-914814633,beyond_rank_cut,False,True,False
S1-835855275,S3-942341770,beyond_rank_cut,False,True,False
S1-11631003,S3-385643229,beyond_rank_cut,False,True,False
S1-587943039,S3-294779061,no_shared_term,False,False,False
S1-587943039,S3-398894455,beyond_rank_cut,False,True,False
S1-105957539,S2-400065617,no_shared_term,False,False,False
S1-761467755,S2-332195921,beyond_rank_cut,False,True,False
S1-381886755,S3-219575313,beyond_rank_cut,False,True,False
S1-278982188,S3-879796054,beyond_rank_cut,False,True,False
S1-693616794,S2-333333669,beyond_rank_cut,False,True,False
S1-693616794,S3-335097651,beyond_rank_cut,False,True,False
S1-693616794,S3-452228381,beyond_rank_cut,False,True,False
S1-132159158,S2-745500431,no_shared_term,False,False,False
S1-132159158,S2-915644561,no_shared_term,False,False,False
S1-699587787,S3-362229729,no_shared_term,False,False,False
S1-699587787,S3-403261263,no_shared_term,False,False,False
S1-442571574,S3-144353269,beyond_rank_cut,False,True,False
S1-749029029,S2-718902257,beyond_rank_cut,False,True,False
S1-505487812,S3-829593883,beyond_rank_cut,False,True,False
S1-960399679,S2-434161665,beyond_rank_cut,False,True,False
S1-430261101,S2-944719397,beyond_rank_cut,False,True,False
S1-400532493,S3-195177266,beyond_rank_cut,False,True,False
S1-960281398,S2-406200949,beyond_rank_cut,False,True,False
S1-203143681,S2-40201250,beyond_rank_cut,False,True,False
S1-203143681,S3-371622471,beyond_rank_cut,False,True,False
S1-203143681,S3-739378297,beyond_rank_cut,False,True,False
S1-301374629,S3-899892135,beyond_rank_cut,False,True,False
S1-751170397,S3-917932019,beyond_rank_cut,False,True,False
S1-738819237,S3-213881854,beyond_rank_cut,False,True,False
S1-308917158,S2-967103165,beyond_rank_cut,False,True,False
S1-308917158,S3-168251194,no_shared_term,False,False,False
S1-308917158,S3-308178677,beyond_rank_cut,False,True,False
S1-308917158,S3-433813919,no_shared_term,False,False,False
S1-308917158,S3-445886647,beyond_rank_cut,False,True,False
S1-308917158,S3-899082916,beyond_rank_cut,False,True,False
S1-922807225,S3-32498698,beyond_rank_cut,False,True,False
S1-158371392,S2-433605641,beyond_rank_cut,False,True,False
S1-820393416,S2-788879955,beyond_rank_cut,False,True,False
S1-659176253,S2-973075941,no_shared_term,False,False,False
S1-659176253,S3-785026536,no_shared_term,False,False,False
S1-31285012,S3-595826023,beyond_rank_cut,False,True,False
S1-759076398,S2-733064425,no_shared_term,False,False,False
S1-838780973,S3-80980247,no_shared_term,False,False,False
S1-314470298,S3-759821660,beyond_rank_cut,False,True,False
S1-823850672,S2-909435603,beyond_rank_cut,False,True,False
S1-123070329,S3-410354361,beyond_rank_cut,False,True,False
S1-741500329,S2-501855861,beyond_rank_cut,False,True,False
S1-361786400,S3-77549306,beyond_rank_cut,False,True,False
S1-343706772,S2-574050587,no_shared_term,False,False,False
S1-485489047,S2-506552217,no_shared_term,False,False,False
S1-972967187,S2-59549733,no_shared_term,False,False,False
S1-994643626,S3-739233304,beyond_rank_cut,False,True,False
S1-421397057,S3-76532727,beyond_rank_cut,False,True,False
S1-924679908,S2-709072306,beyond_rank_cut,False,True,False
S1-233188464,S2-992932710,beyond_rank_cut,False,True,False
S1-233188464,S3-265173351,beyond_rank_cut,False,True,False
S1-248413639,S3-467054109,beyond_rank_cut,False,True,False
S1-678628286,S2-506734308,no_shared_term,False,False,False
S1-185149267,S2-132414543,beyond_rank_cut,False,True,False
S1-185149267,S3-305358138,beyond_rank_cut,False,True,False
S1-78994254,S3-536426107,no_shared_term,False,False,False
S1-730181341,S3-705875097,beyond_rank_cut,False,True,False
S1-275585585,S2-631802070,beyond_rank_cut,False,True,False
S1-638152937,S2-305580189,beyond_rank_cut,False,True,False
S1-97287530,S2-182839166,beyond_rank_cut,False,True,False
S1-205978727,S2-470442812,beyond_rank_cut,False,True,False
S1-470632572,S2-414637812,no_shared_term,False,False,False
S1-470632572,S3-30816290,beyond_rank_cut,False,True,False
S1-470632572,S3-79851615,beyond_rank_cut,False,True,False
S1-802457951,S2-665422297,no_shared_term,False,False,False
S1-802457951,S3-171498855,no_shared_term,False,False,False
S1-841761049,S3-415659527,beyond_rank_cut,False,True,False
S1-628338821,S2-440993041,no_shared_term,False,False,False
S1-508112313,S3-575221776,beyond_rank_cut,False,True,False
S1-849189389,S2-127215953,no_shared_term,False,False,False
S1-849189389,S3-869337497,no_shared_term,False,False,False
S1-350434021,S3-377113165,beyond_rank_cut,False,True,False
S1-496390867,S2-333042153,no_shared_term,False,False,False
S1-563360734,S2-380859977,beyond_rank_cut,False,True,False
S1-520536284,S2-994991009,beyond_rank_cut,False,True,False
S1-945342514,S2-22753496,beyond_rank_cut,False,True,False
S1-702193588,S2-556677139,beyond_rank_cut,False,True,False
S1-93434225,S2-627026388,beyond_rank_cut,False,True,False
S1-904767477,S2-481852054,beyond_rank_cut,False,True,False
S1-904767477,S2-999362346,beyond_rank_cut,False,True,False
S1-613659910,S3-600494680,beyond_rank_cut,False,True,False
S1-937220287,S3-2906162,no_shared_term,False,False,False
S1-937220287,S3-78213800,no_shared_term,False,False,False
S1-997689682,S2-328909851,beyond_rank_cut,False,True,False
S1-456682162,S2-262980567,no_shared_term,False,False,False
S1-936154457,S2-733492696,beyond_rank_cut,False,True,False
S1-269726165,S3-795611561,beyond_rank_cut,False,True,False
S1-308059004,S2-974697582,no_shared_term,False,False,False
S1-923980516,S2-156898727,no_shared_term,False,False,False
S1-701844896,S2-990112325,no_shared_term,False,False,False
S1-701844896,S3-381228361,beyond_rank_cut,False,True,False
S1-701844896,S3-566408834,beyond_rank_cut,False,True,False
S1-52920539,S3-535871457,beyond_rank_cut,False,True,False
S1-683059004,S3-616791439,beyond_rank_cut,False,True,False
S1-190363403,S3-336726074,beyond_rank_cut,False,True,False
S1-328059225,S3-336205049,no_shared_term,False,False,False
S1-372444962,S3-423020292,beyond_rank_cut,False,True,False
S1-496557978,S3-771284880,beyond_rank_cut,False,True,False
S1-86909806,S3-292258549,no_shared_term,False,False,False
S1-86909806,S3-502813629,beyond_rank_cut,False,True,False
S1-259886048,S2-918963727,no_shared_term,False,False,False
S1-259886048,S3-372387747,beyond_rank_cut,False,True,False
S1-156647363,S2-99354547,beyond_rank_cut,False,True,False
S1-765847783,S3-5269440,beyond_rank_cut,False,True,False
S1-340405123,S3-913611304,beyond_rank_cut,False,True,False
S1-763757953,S3-730732171,beyond_rank_cut,False,True,False
S1-695615467,S2-400839981,beyond_rank_cut,False,True,False
S1-695615467,S3-483158045,beyond_rank_cut,False,True,False
S1-747792433,S3-82664081,beyond_rank_cut,False,True,False
S1-583330147,S3-255854201,beyond_rank_cut,False,True,False
S1-158871572,S3-613177031,beyond_rank_cut,False,True,False
S1-683946842,S3-149722231,beyond_rank_cut,False,True,False
S1-555183950,S2-671078392,beyond_rank_cut,False,True,False
S1-956709534,S2-343367845,beyond_rank_cut,False,True,False
S1-731183191,S3-490421638,no_shared_term,False,False,False
S1-791729584,S2-781307799,beyond_rank_cut,False,True,False
S1-420929624,S2-407080500,no_shared_term,False,False,False
S1-420929624,S3-326695315,beyond_rank_cut,False,True,False
S1-764027079,S3-494551851,beyond_rank_cut,False,True,False
S1-704037654,S2-875950740,no_shared_term,False,False,False
S1-722422126,S3-377810167,beyond_rank_cut,False,True,False
S1-530815138,S2-12532994,no_shared_term,False,False,False
S1-960545720,S3-89321816,beyond_rank_cut,False,True,False
S1-811454466,S3-974282080,beyond_rank_cut,False,True,False
S1-786351395,S3-765011759,no_shared_term,False,False,False
S1-197255463,S3-331576889,no_shared_term,False,False,False
S1-582276527,S2-437500854,beyond_rank_cut,False,True,False
S1-773739221,S3-321707362,beyond_rank_cut,False,True,False
S1-551150632,S2-980209198,beyond_rank_cut,False,True,False
S1-491536988,S2-360646638,beyond_rank_cut,False,True,False
S1-273037282,S2-229740059,no_shared_term,False,False,False
S1-348561986,S2-135454918,beyond_rank_cut,False,True,False
S1-701546890,S3-444392137,beyond_rank_cut,False,True,False
S1-23137201,S3-900101269,beyond_rank_cut,False,True,False
S1-108932313,S3-582338031,beyond_rank_cut,False,True,False
S1-108932313,S3-664380888,beyond_rank_cut,False,True,False
S1-327147462,S2-583606560,beyond_rank_cut,False,True,False
S1-99236142,S3-127541040,no_shared_term,False,False,False
S1-495387143,S2-77837207,beyond_rank_cut,False,True,False
S1-495387143,S3-693768896,beyond_rank_cut,False,True,False
S1-655413294,S2-406576174,beyond_rank_cut,False,True,False
S1-101378639,S2-899807872,beyond_rank_cut,False,True,False
S1-101378639,S3-468499915,beyond_rank_cut,False,True,False
S1-822864821,S3-693914192,beyond_rank_cut,False,True,False
S1-654295499,S3-506406971,beyond_rank_cut,False,True,False
S1-463954635,S2-242789777,no_shared_term,False,False,False
S1-610560270,S2-346867297,beyond_rank_cut,False,True,False
S1-62390409,S2-11457974,beyond_rank_cut,False,True,False
S1-495159574,S3-908078413,no_shared_term,False,False,False
S1-286916997,S2-690217408,beyond_rank_cut,False,True,False
S1-286916997,S2-75027575,beyond_rank_cut,False,True,False
S1-434164197,S3-920760106,beyond_rank_cut,False,True,False
S1-943505262,S3-624531470,beyond_rank_cut,False,True,False
S1-943505262,S3-951923023,beyond_rank_cut,False,True,False
S1-773411718,S2-167572455,beyond_rank_cut,False,True,False
S1-773411718,S3-633892135,beyond_rank_cut,False,True,False
S1-664804554,S3-720530724,no_shared_term,False,False,False
S1-649948486,S3-911437586,beyond_rank_cut,False,True,False
S1-648222570,S3-990890550,no_shared_term,False,False,False
S1-879529769,S3-14753031,beyond_rank_cut,False,True,False
S1-562466267,S2-659459509,beyond_rank_cut,False,True,False
S1-562466267,S3-577142546,beyond_rank_cut,False,True,False
S1-145038432,S3-474325397,no_shared_term,False,False,False
S1-149057718,S3-506746415,beyond_rank_cut,False,True,False
S1-650826066,S2-178627555,no_shared_term,False,False,False
S1-519761686,S2-940058838,beyond_rank_cut,False,True,False
S1-861407857,S2-914426314,no_shared_term,False,False,False
S1-861407857,S3-896369226,no_shared_term,False,False,False
S1-861407857,S3-955095872,beyond_rank_cut,False,True,False
S1-991863949,S2-72451609,no_shared_term,False,False,False
S1-321908031,S2-908968817,beyond_rank_cut,False,True,False
S1-820470043,S2-684922574,no_shared_term,False,False,False
S1-820470043,S3-705099188,no_shared_term,False,False,False
S1-979626932,S2-417778713,beyond_rank_cut,False,True,False
S1-648695822,S3-228906591,no_shared_term,False,False,False
S1-692673517,S3-307518750,no_shared_term,False,False,False
S1-736485502,S2-146154051,no_shared_term,False,False,False
S1-736485502,S2-280376461,no_shared_term,False,False,False
S1-736485502,S3-247850988,no_shared_term,False,False,False
S1-177764089,S2-508231891,no_shared_term,False,False,False
S1-878303018,S3-342073441,beyond_rank_cut,False,True,False
S1-389627419,S2-915882011,beyond_rank_cut,False,True,False
S1-788578720,S3-408355730,beyond_rank_cut,False,True,False
S1-629929492,S3-8036360,beyond_rank_cut,False,True,False
S1-93968887,S3-480765867,beyond_rank_cut,False,True,False
S1-370547376,S2-327064960,beyond_rank_cut,False,True,False
S1-133108037,S2-396342916,no_shared_term,False,False,False
S1-133108037,S3-73936705,beyond_rank_cut,False,True,False
S1-169349325,S3-350109995,beyond_rank_cut,False,True,False
S1-290003272,S3-928199888,no_shared_term,False,False,False
S1-827680887,S2-240834132,no_shared_term,False,False,False
S1-94966378,S2-243562900,beyond_rank_cut,False,True,False
S1-94966378,S2-550740121,beyond_rank_cut,False,True,False
S1-435080637,S3-377900669,beyond_rank_cut,False,True,False
S1-512800966,S3-977627268,beyond_rank_cut,False,True,False
S1-536591549,S2-455485439,beyond_rank_cut,False,True,False
S1-468623189,S3-280256604,no_shared_term,False,False,False
S1-564685398,S2-68398475,no_shared_term,False,False,False
S1-564685398,S2-983837825,no_shared_term,False,False,False
S1-467712030,S3-984983803,beyond_rank_cut,False,True,False
S1-915176761,S2-699974153,no_shared_term,False,False,False
S1-963146446,S3-234354978,beyond_rank_cut,False,True,False
S1-982513698,S3-28361754,no_shared_term,False,False,False
S1-542345482,S3-898197316,beyond_rank_cut,False,True,False
S1-914687472,S3-72752679,beyond_rank_cut,False,True,False
S1-532477006,S3-592142656,beyond_rank_cut,False,True,False
S1-58401495,S3-110220258,no_shared_term,False,False,False
S1-53724804,S3-198484116,no_shared_term,False,False,False
S1-651908742,S3-233993929,no_shared_term,False,False,False
S1-620148583,S3-172832417,no_shared_term,False,False,False
S1-620148583,S3-256018703,beyond_rank_cut,False,True,False
S1-789366790,S2-261369146,beyond_rank_cut,False,True,False
S1-789366790,S3-371308416,beyond_rank_cut,False,True,False
S1-789366790,S3-819844089,beyond_rank_cut,False,True,False
S1-484824291,S2-528407209,beyond_rank_cut,False,True,False
S1-58019225,S2-552361635,no_shared_term,False,False,False
S1-58019225,S2-63550129,no_shared_term,False,False,False
S1-58019225,S2-748905724,no_shared_term,False,False,False
S1-937590689,S3-77183052,beyond_rank_cut,False,True,False
S1-842424314,S3-799954032,no_shared_term,False,False,False
S1-213200989,S3-346838279,no_shared_term,False,False,False
S1-188471490,S2-218230586,beyond_rank_cut,False,True,False
S1-205432256,S3-139336736,beyond_rank_cut,False,True,False
S1-313051928,S3-19827018,beyond_rank_cut,False,True,False
S1-913827690,S3-145374442,beyond_rank_cut,False,True,False
S1-962691738,S3-860669871,beyond_rank_cut,False,True,False
S1-879736465,S2-548696540,beyond_rank_cut,False,True,False
S1-85340517,S2-932876003,beyond_rank_cut,False,True,False
S1-623674322,S2-640647024,beyond_rank_cut,False,True,False
S1-623674322,S2-857466922,beyond_rank_cut,False,True,False
S1-623674322,S3-37598435,beyond_rank_cut,False,True,False
S1-623674322,S3-928204624,beyond_rank_cut,False,True,False
S1-166252427,S3-464079943,beyond_rank_cut,False,True,False
S1-700790968,S3-474618421,beyond_rank_cut,False,True,False
S1-375273376,S3-526731244,beyond_rank_cut,False,True,False
S1-209412022,S3-880214943,no_shared_term,False,False,False
S1-598000307,S3-458934571,no_shared_term,False,False,False
S1-71357480,S3-269576567,beyond_rank_cut,False,True,False
S1-446831492,S3-732189468,beyond_rank_cut,False,True,False
S1-478352162,S2-303968426,beyond_rank_cut,False,True,False
S1-658349092,S3-379811048,no_shared_term,False,False,False
S1-706106787,S3-917920671,beyond_rank_cut,False,True,False
S1-544324423,S2-637743840,beyond_rank_cut,False,True,False
S1-977009013,S2-658838545,no_shared_term,False,False,False
S1-977009013,S3-983210193,beyond_rank_cut,False,True,False
S1-471853980,S2-86802425,no_shared_term,False,False,False
S1-302280180,S2-77147043,beyond_rank_cut,False,True,False
S1-709851549,S2-195229467,beyond_rank_cut,False,True,False
S1-436207841,S2-161072842,no_shared_term,False,False,False
S1-848548388,S2-823597236,beyond_rank_cut,False,True,False
S1-848548388,S3-879639149,beyond_rank_cut,False,True,False
S1-278390225,S2-161878210,no_shared_term,False,False,False
S1-278390225,S2-343180478,no_shared_term,False,False,False
S1-278390225,S3-497489055,no_shared_term,False,False,False
S1-278390225,S3-607485312,beyond_rank_cut,False,True,False
S1-208540946,S2-681596349,no_shared_term,False,False,False
S1-383106062,S2-715001824,no_shared_term,False,False,False
S1-217812821,S2-183974849,beyond_rank_cut,False,True,False
S1-110340182,S2-198219965,beyond_rank_cut,False,True,False
S1-747306496,S2-676588747,no_shared_term,False,False,False
S1-7373293,S3-420866327,beyond_rank_cut,False,True,False
S1-201215233,S3-579702427,no_shared_term,False,False,False
S1-201215233,S3-773283414,beyond_rank_cut,False,True,False
S1-201215233,S3-914543121,beyond_rank_cut,False,True,False
S1-4639540,S2-257499808,beyond_rank_cut,False,True,False
S1-4639540,S2-365910514,beyond_rank_cut,False,True,False
S1-13621334,S3-55779970,beyond_rank_cut,False,True,False
S1-13621334,S3-634824317,beyond_rank_cut,False,True,False
S1-693814960,S2-128740040,no_shared_term,False,False,False
S1-693814960,S3-771422329,beyond_rank_cut,False,True,False
S1-639266805,S2-258673899,beyond_rank_cut,False,True,False
S1-639266805,S2-67271458,no_shared_term,False,False,False
S1-639266805,S3-594082657,beyond_rank_cut,False,True,False
S1-676866029,S3-326989400,beyond_rank_cut,False,True,False
S1-701469819,S3-725045204,beyond_rank_cut,False,True,False
S1-594639641,S3-819535248,beyond_rank_cut,False,True,False
S1-673356401,S2-687353720,beyond_rank_cut,False,True,False
S1-665690017,S2-373572479,beyond_rank_cut,False,True,False
S1-637533534,S2-348777350,no_shared_term,False,False,False
S1-96161370,S3-291899722,no_shared_term,False,False,False
S1-153391671,S3-518414196,beyond_rank_cut,False,True,False
S1-520141020,S3-487223672,beyond_rank_cut,False,True,False
S1-533354040,S3-986281288,no_shared_term,False,False,False
S1-503256331,S2-559133300,no_shared_term,False,False,False
S1-202274288,S2-13594691,no_shared_term,False,False,False
S1-278549421,S2-835895935,no_shared_term,False,False,False
S1-278549421,S3-21461950,beyond_rank_cut,False,True,False
S1-278549421,S3-666110895,beyond_rank_cut,False,True,False
S1-278549421,S3-94042601,beyond_rank_cut,False,True,False
S1-824721790,S2-625279255,beyond_rank_cut,False,True,False
S1-981410388,S3-808932378,beyond_rank_cut,False,True,False
S1-491528552,S2-568259209,beyond_rank_cut,False,True,False
S1-491528552,S2-678388657,beyond_rank_cut,False,True,False
S1-491528552,S2-980164442,beyond_rank_cut,False,True,False
S1-491528552,S3-592637518,beyond_rank_cut,False,True,False
S1-491528552,S3-626574234,beyond_rank_cut,False,True,False
S1-626642579,S3-378607632,no_shared_term,False,False,False
S1-932200596,S2-802169078,beyond_rank_cut,False,True,False
S1-932200596,S3-231632351,beyond_rank_cut,False,True,False
S1-473471372,S2-233090542,beyond_rank_cut,False,True,False
S1-185718702,S2-970147467,no_shared_term,False,False,False
S1-836470362,S2-645695078,beyond_rank_cut,False,True,False
S1-474370556,S2-961655709,no_shared_term,False,False,False
S1-927051252,S3-904853639,beyond_rank_cut,False,True,False
S1-535800990,S3-768106068,beyond_rank_cut,False,True,False
S1-469566453,S3-377546927,beyond_rank_cut,False,True,False
S1-740234437,S2-9842978,beyond_rank_cut,False,True,False
S1-751935181,S3-901247427,no_shared_term,False,False,False
S1-104821828,S2-447277910,no_shared_term,False,False,False
S1-104821828,S3-211724195,beyond_rank_cut,False,True,False
S1-104821828,S3-458991052,beyond_rank_cut,False,True,False
S1-104821828,S3-621548690,no_shared_term,False,False,False
S1-306111685,S2-221050654,beyond_rank_cut,False,True,False
S1-414888747,S3-960087213,beyond_rank_cut,False,True,False
S1-271073986,S2-29599299,beyond_rank_cut,False,True,False
S1-271073986,S2-782656033,beyond_rank_cut,False,True,False
S1-271073986,S3-751076979,beyond_rank_cut,False,True,False
S1-479007478,S2-222868060,beyond_rank_cut,False,True,False
S1-139904789,S3-791443069,beyond_rank_cut,False,True,False
S1-456398699,S3-267108937,beyond_rank_cut,False,True,False
S1-244747477,S2-405432473,no_shared_term,False,False,False
S1-244747477,S3-394101296,beyond_rank_cut,False,True,False
S1-785892252,S3-519722000,no_shared_term,False,False,False
S1-792105146,S3-554147600,beyond_rank_cut,False,True,False
S1-89585546,S3-149977138,no_shared_term,False,False,False
S1-466598443,S2-616051831,beyond_rank_cut,False,True,False
S1-382268482,S2-916899259,beyond_rank_cut,False,True,False
S1-382268482,S3-184707332,beyond_rank_cut,False,True,False
S1-146356467,S2-702508758,beyond_rank_cut,False,True,False
S1-38110034,S2-280473105,no_shared_term,False,False,False
S1-918618490,S3-915134283,no_shared_term,False,False,False
S1-264145345,S3-36306276,no_shared_term,False,False,False
S1-544732401,S2-675518691,no_shared_term,False,False,False
S1-103566173,S2-300659003,no_shared_term,False,False,False
S1-103566173,S3-231983287,beyond_rank_cut,False,True,False
S1-533264074,S3-146311652,no_shared_term,False,False,False
S1-557821483,S2-468822657,no_shared_term,False,False,False
S1-32653994,S3-99919398,beyond_rank_cut,False,True,False
S1-724942312,S2-597021447,beyond_rank_cut,False,True,False
S1-445348066,S2-953008996,beyond_rank_cut,False,True,False
S1-445348066,S3-320453648,beyond_rank_cut,False,True,False
S1-542531801,S3-569721181,beyond_rank_cut,False,True,False
S1-542531801,S3-898678607,beyond_rank_cut,False,True,False
S1-434921722,S2-234084042,no_shared_term,False,False,False
S1-821841147,S3-300065421,beyond_rank_cut,False,True,False
S1-145695655,S3-465144110,beyond_rank_cut,False,True,False
S1-145695655,S3-628529201,beyond_rank_cut,False,True,False
S1-687759152,S2-968140897,beyond_rank_cut,False,True,False
S1-859781282,S2-526151441,beyond_rank_cut,False,True,False
S1-859781282,S3-276505395,beyond_rank_cut,False,True,False
S1-302312803,S2-302283447,beyond_rank_cut,False,True,False
S1-687700500,S3-521332335,no_shared_term,False,False,False
S1-590396662,S2-276933386,beyond_rank_cut,False,True,False
S1-590396662,S2-577602880,beyond_rank_cut,False,True,False
S1-359279334,S3-465141878,beyond_rank_cut,False,True,False
S1-521173334,S2-665285208,no_shared_term,False,False,False
S1-892441856,S2-382892347,beyond_rank_cut,False,True,False
S1-892441856,S3-122589955,beyond_rank_cut,False,True,False
S1-436857631,S2-248896439,no_shared_term,False,False,False
S1-253111429,S2-368311384,beyond_rank_cut,False,True,False
S1-480062169,S3-608822105,beyond_rank_cut,False,True,False
S1-480062169,S3-8362054,no_shared_term,False,False,False
S1-231005186,S3-622260209,beyond_rank_cut,False,True,False
S1-478763283,S2-266315476,beyond_rank_cut,False,True,False
S1-478763283,S2-501161020,no_shared_term,False,False,False
S1-849746609,S2-190319534,no_shared_term,False,False,False
S1-849746609,S2-625458164,no_shared_term,False,False,False
S1-239106631,S2-387117048,beyond_rank_cut,False,True,False
S1-239106631,S2-628032791,beyond_rank_cut,False,True,False
S1-757419014,S3-501492048,beyond_rank_cut,False,True,False
S1-776939435,S3-998455084,beyond_rank_cut,False,True,False
S1-709243433,S3-166292948,beyond_rank_cut,False,True,False
S1-413540483,S3-249131104,no_shared_term,False,False,False
S1-569614449,S2-10476668,beyond_rank_cut,False,True,False
S1-569614449,S3-563794178,beyond_rank_cut,False,True,False
S1-212834816,S2-104589367,beyond_rank_cut,False,True,False
S1-128747063,S3-50008384,no_shared_term,False,False,False
S1-870492909,S2-953947266,no_shared_term,False,False,False
S1-791109676,S3-102037142,beyond_rank_cut,False,True,False
S1-449573720,S3-640653858,beyond_rank_cut,False,True,False
S1-885408231,S3-170423558,beyond_rank_cut,False,True,False
S1-885408231,S3-631467336,beyond_rank_cut,False,True,False
S1-85133279,S2-864851578,beyond_rank_cut,False,True,False
S1-627348955,S3-107077761,beyond_rank_cut,False,True,False
S1-627348955,S3-888783751,beyond_rank_cut,False,True,False
S1-401763762,S2-630334057,no_shared_term,False,False,False
S1-401763762,S2-995348191,no_shared_term,False,False,False
S1-401763762,S3-793667767,no_shared_term,False,False,False
S1-23498008,S3-265859772,beyond_rank_cut,False,True,False
S1-160415217,S2-225531409,beyond_rank_cut,False,True,False
S1-224239238,S3-305175443,beyond_rank_cut,False,True,False
S1-624133769,S3-463955672,beyond_rank_cut,False,True,False
S1-340314068,S2-917776351,no_shared_term,False,False,False
S1-340314068,S3-814789680,beyond_rank_cut,False,True,False
S1-274306570,S2-799423970,no_shared_term,False,False,False
S1-310852945,S3-437557679,beyond_rank_cut,False,True,False
S1-412996462,S2-573945441,beyond_rank_cut,False,True,False
S1-474767681,S3-153926648,beyond_rank_cut,False,True,False
S1-869470249,S2-224643059,no_shared_term,False,False,False
S1-869470249,S3-235089772,beyond_rank_cut,False,True,False
S1-35036727,S2-867208796,beyond_rank_cut,False,True,False
S1-140553037,S3-454103125,no_shared_term,False,False,False
S1-486157946,S2-820759713,beyond_rank_cut,False,True,False
S1-479599514,S3-919890637,beyond_rank_cut,False,True,False
S1-189081979,S2-867035564,beyond_rank_cut,False,True,False
S1-957585237,S3-804281024,beyond_rank_cut,False,True,False
S1-631496680,S3-669908037,beyond_rank_cut,False,True,False
S1-139644827,S3-687171475,no_shared_term,False,False,False
S1-522651147,S3-961056664,no_shared_term,False,False,False
S1-18002955,S3-879184180,no_shared_term,False,False,False
S1-668658123,S2-448299046,no_shared_term,False,False,False
S1-218152257,S3-847938119,beyond_rank_cut,False,True,False
S1-218152257,S3-897429367,beyond_rank_cut,False,True,False
S1-554500937,S3-586189817,beyond_rank_cut,False,True,False
S1-765795662,S2-5733854,no_shared_term,False,False,False
S1-765795662,S3-474394526,beyond_rank_cut,False,True,False
S1-909493949,S3-942245463,beyond_rank_cut,False,True,False
S1-574409977,S3-252886809,no_shared_term,False,False,False
S1-574409977,S3-316385387,beyond_rank_cut,False,True,False
S1-897578967,S2-60102515,beyond_rank_cut,False,True,False
S1-327295019,S2-411673415,beyond_rank_cut,False,True,False
S1-104845464,S3-717089682,no_shared_term,False,False,False
S1-777721379,S2-982277034,no_shared_term,False,False,False
S1-361071374,S2-152587448,beyond_rank_cut,False,True,False
S1-871603935,S2-337455543,no_shared_term,False,False,False
S1-484737322,S2-442875903,beyond_rank_cut,False,True,False
S1-638798248,S3-955393429,beyond_rank_cut,False,True,False
S1-892163487,S3-187161344,no_shared_term,False,False,False
S1-827316733,S3-55215235,beyond_rank_cut,False,True,False
S1-138651501,S3-728668404,beyond_rank_cut,False,True,False
S1-920907545,S2-351410399,beyond_rank_cut,False,True,False
S1-151148708,S3-281197914,no_shared_term,False,False,False
S1-510199021,S3-10836766,beyond_rank_cut,False,True,False
S1-510199021,S3-18519387,beyond_rank_cut,False,True,False
S1-105188242,S2-711173594,beyond_rank_cut,False,True,False
S1-343045243,S2-465441504,no_shared_term,False,False,False
S1-764096170,S2-144250260,no_shared_term,False,False,False
S1-571192159,S2-468572383,no_shared_term,False,False,False
S1-320928310,S2-339285944,no_shared_term,False,False,False
S1-320928310,S2-772653541,no_shared_term,False,False,False
S1-664189432,S2-540141024,beyond_rank_cut,False,True,False
S1-307677558,S3-517114392,beyond_rank_cut,False,True,False
S1-76963253,S2-592530306,beyond_rank_cut,False,True,False
S1-767197449,S3-783640678,beyond_rank_cut,False,True,False
S1-93719104,S2-961119896,no_shared_term,False,False,False
S1-136777404,S2-545070237,no_shared_term,False,False,False
S1-762716793,S2-735728307,beyond_rank_cut,False,True,False
S1-395376067,S3-248758687,no_shared_term,False,False,False
S1-545772319,S2-510112592,no_shared_term,False,False,False
S1-653897675,S2-990835302,beyond_rank_cut,False,True,False
S1-763163915,S2-302429131,beyond_rank_cut,False,True,False
S1-763163915,S3-438512319,beyond_rank_cut,False,True,False
S1-763163915,S3-701804335,beyond_rank_cut,False,True,False
S1-763163915,S3-722050213,beyond_rank_cut,False,True,False
S1-672775360,S3-388316071,no_shared_term,False,False,False
S1-672775360,S3-957739580,beyond_rank_cut,False,True,False
S1-685067628,S3-371103748,beyond_rank_cut,False,True,False
S1-685067628,S3-819458421,beyond_rank_cut,False,True,False
S1-681280588,S3-129711655,beyond_rank_cut,False,True,False
S1-725299856,S2-862055778,beyond_rank_cut,False,True,False
S1-430782419,S3-318635903,beyond_rank_cut,False,True,False
S1-430782419,S3-449952857,beyond_rank_cut,False,True,False
S1-430782419,S3-722768493,beyond_rank_cut,False,True,False
S1-961516308,S2-483024100,no_shared_term,False,False,False
S1-3581536,S2-931857047,no_shared_term,False,False,False
S1-868897538,S2-483464853,beyond_rank_cut,False,True,False
S1-578188723,S2-65633953,beyond_rank_cut,False,True,False
S1-210729694,S2-109615723,beyond_rank_cut,False,True,False
S1-516242869,S2-755703515,beyond_rank_cut,False,True,False
S1-516242869,S3-707921618,no_shared_term,False,False,False
S1-928691649,S3-142110984,beyond_rank_cut,False,True,False
S1-905354048,S2-484692396,no_shared_term,False,False,False
S1-75935649,S3-556665531,beyond_rank_cut,False,True,False
S1-325968392,S3-466811513,no_shared_term,False,False,False
S1-934636567,S3-629981351,beyond_rank_cut,False,True,False
S1-82412551,S2-530776489,no_shared_term,False,False,False
S1-82412551,S2-850225016,no_shared_term,False,False,False
S1-82412551,S3-439503957,no_shared_term,False,False,False
S1-586138346,S3-180896517,beyond_rank_cut,False,True,False
S1-580891121,S3-213568604,beyond_rank_cut,False,True,False
S1-127140158,S2-859135671,no_shared_term,False,False,False
S1-127140158,S3-655741106,no_shared_term,False,False,False
S1-547497387,S2-745002780,beyond_rank_cut,False,True,False
S1-843275044,S3-356904590,no_shared_term,False,False,False
S1-11641951,S2-864776234,no_shared_term,False,False,False
S1-11641951,S3-131338627,beyond_rank_cut,False,True,False
S1-11641951,S3-698494235,no_shared_term,False,False,False
S1-187847306,S2-872985895,beyond_rank_cut,False,True,False
S1-971254034,S3-332955804,beyond_rank_cut,False,True,False
S1-836863405,S2-509196706,beyond_rank_cut,False,True,False
S1-311868118,S3-128712823,beyond_rank_cut,False,True,False
S1-311868118,S3-191017973,beyond_rank_cut,False,True,False
S1-943717911,S3-924110090,beyond_rank_cut,False,True,False
S1-182981265,S2-244466111,no_shared_term,False,False,False
S1-182981265,S3-480656128,beyond_rank_cut,False,True,False
S1-173281445,S2-845367460,no_shared_term,False,False,False
S1-353057727,S2-28327781,beyond_rank_cut,False,True,False
S1-141940708,S3-85890297,beyond_rank_cut,False,True,False
S1-301399265,S2-439375556,beyond_rank_cut,False,True,False
S1-232176259,S3-561400533,beyond_rank_cut,False,True,False
S1-137844529,S2-561762556,beyond_rank_cut,False,True,False
S1-53749104,S2-388385672,beyond_rank_cut,False,True,False
S1-53749104,S3-208972881,beyond_rank_cut,False,True,False
S1-285534469,S3-68189794,beyond_rank_cut,False,True,False
S1-411437832,S2-937854821,no_shared_term,False,False,False
S1-516575558,S3-919636993,beyond_rank_cut,False,True,False
S1-40816335,S2-247002756,beyond_rank_cut,False,True,False
S1-40816335,S2-599099422,beyond_rank_cut,False,True,False
S1-6884010,S3-565512295,beyond_rank_cut,False,True,False
S1-176478536,S2-370708558,no_shared_term,False,False,False
S1-176478536,S2-832996694,beyond_rank_cut,False,True,False
S1-176478536,S3-137311973,no_shared_term,False,False,False
S1-814268222,S2-720790989,no_shared_term,False,False,False
S1-991738300,S2-113884687,beyond_rank_cut,False,True,False
S1-478466715,S3-493768612,beyond_rank_cut,False,True,False
S1-785485371,S2-919414258,no_shared_term,False,False,False
S1-785485371,S3-931517573,beyond_rank_cut,False,True,False
S1-437465098,S3-542059948,beyond_rank_cut,False,True,False
S1-716073421,S2-790401331,beyond_rank_cut,False,True,False
S1-380541393,S2-244558080,beyond_rank_cut,False,True,False
S1-59245606,S3-337391318,beyond_rank_cut,False,True,False
S1-70847460,S2-221723871,no_shared_term,False,False,False
S1-70847460,S2-428939997,no_shared_term,False,False,False
S1-70847460,S2-494894662,no_shared_term,False,False,False
S1-70847460,S3-990223692,no_shared_term,False,False,False
S1-937664558,S3-124063270,beyond_rank_cut,False,True,False
S1-583521663,S2-431239206,beyond_rank_cut,False,True,False
S1-97805450,S2-910480909,beyond_rank_cut,False,True,False
S1-993641232,S3-178303810,no_shared_term,False,False,False
S1-993641232,S3-833285327,beyond_rank_cut,False,True,False
S1-117155141,S3-530107586,beyond_rank_cut,False,True,False
S1-619950507,S3-642243505,beyond_rank_cut,False,True,False
S1-95039200,S3-664627465,no_shared_term,False,False,False
S1-150200129,S2-979746338,no_shared_term,False,False,False
S1-639063515,S2-628713144,beyond_rank_cut,False,True,False
S1-639063515,S3-516447056,beyond_rank_cut,False,True,False
S1-855383932,S2-362126490,no_shared_term,False,False,False
S1-71907997,S2-314441511,beyond_rank_cut,False,True,False
S1-71907997,S2-751140522,beyond_rank_cut,False,True,False
S1-71907997,S2-92241540,beyond_rank_cut,False,True,False
S1-370765583,S3-994341202,beyond_rank_cut,False,True,False
S1-277858194,S2-870742349,beyond_rank_cut,False,True,False
S1-277858194,S3-448878660,beyond_rank_cut,False,True,False
S1-153350113,S3-614171276,beyond_rank_cut,False,True,False
S1-517915320,S2-341058712,beyond_rank_cut,False,True,False
S1-85860416,S2-687139221,beyond_rank_cut,False,True,False
S1-92361254,S2-439469942,beyond_rank_cut,False,True,False
S1-278029013,S3-907516911,beyond_rank_cut,False,True,False
S1-963936911,S2-818537273,beyond_rank_cut,False,True,False
S1-264476834,S2-636162180,beyond_rank_cut,False,True,False
S1-264476834,S2-723795098,beyond_rank_cut,False,True,False
S1-264476834,S2-836035785,no_shared_term,False,False,False
S1-264476834,S3-289895103,beyond_rank_cut,False,True,False
S1-264476834,S3-392848006,no_shared_term,False,False,False
S1-831610125,S3-168340500,beyond_rank_cut,False,True,False
S1-325918273,S3-898038973,beyond_rank_cut,False,True,False
S1-131067112,S3-955240680,beyond_rank_cut,False,True,False
S1-305047991,S3-23391898,beyond_rank_cut,False,True,False
S1-420646579,S2-309424187,no_shared_term,False,False,False
S1-494629826,S3-1392236,no_shared_term,False,False,False
S1-494629826,S3-859060722,beyond_rank_cut,False,True,False
S1-115254730,S3-190284004,beyond_rank_cut,False,True,False
S1-795349846,S2-833280972,beyond_rank_cut,False,True,False
S1-697116158,S3-579162663,no_shared_term,False,False,False
S1-990825019,S2-122727764,beyond_rank_cut,False,True,False
S1-278254904,S3-870509697,no_shared_term,False,False,False
S1-418244746,S3-415183986,no_shared_term,False,False,False
S1-787440483,S3-828287417,beyond_rank_cut,False,True,False
S1-921606235,S2-957290012,beyond_rank_cut,False,True,False
S1-753950707,S3-591549272,beyond_rank_cut,False,True,False
S1-273913877,S2-442355234,beyond_rank_cut,False,True,False
S1-396730421,S3-379388183,no_shared_term,False,False,False
S1-467622198,S3-406343273,beyond_rank_cut,False,True,False
S1-447231515,S3-357724002,beyond_rank_cut,False,True,False
S1-119345726,S2-475280387,beyond_rank_cut,False,True,False
S1-637719981,S3-425947510,beyond_rank_cut,False,True,False
S1-476624290,S3-766381014,beyond_rank_cut,False,True,False
S1-345493150,S3-955816949,beyond_rank_cut,False,True,False
S1-289920300,S3-977029019,beyond_rank_cut,False,True,False
S1-942115332,S3-144870539,beyond_rank_cut,False,True,False
S1-655668718,S3-913196866,beyond_rank_cut,False,True,False
S1-153012941,S2-630654780,no_shared_term,False,False,False
S1-649681537,S3-456475361,no_shared_term,False,False,False
S1-535702146,S3-867394188,beyond_rank_cut,False,True,False
S1-858401979,S2-15097264,beyond_rank_cut,False,True,False
S1-54607914,S3-677262685,no_shared_term,False,False,False
S1-997343724,S3-102577296,beyond_rank_cut,False,True,False
S1-806690422,S3-59872393,beyond_rank_cut,False,True,False
S1-794100379,S3-55689012,beyond_rank_cut,False,True,False
S1-929683063,S2-109087902,no_shared_term,False,False,False
S1-724836592,S3-797214681,beyond_rank_cut,False,True,False
S1-84974860,S3-139543129,beyond_rank_cut,False,True,False
S1-84974860,S3-430667809,no_shared_term,False,False,False
S1-591587719,S2-248061040,beyond_rank_cut,False,True,False
S1-88970436,S3-7892095,no_shared_term,False,False,False
S1-124647178,S2-355365891,no_shared_term,False,False,False
S1-722009615,S3-638044359,beyond_rank_cut,False,True,False
S1-663880055,S3-787040781,beyond_rank_cut,False,True,False
S1-688257519,S2-715587435,beyond_rank_cut,False,True,False
S1-853878138,S3-927227316,beyond_rank_cut,False,True,False
S1-406289425,S2-947056467,beyond_rank_cut,False,True,False
S1-386042199,S2-52546058,no_shared_term,False,False,False
S1-213256914,S2-81759682,beyond_rank_cut,False,True,False
S1-213256914,S3-750034736,beyond_rank_cut,False,True,False
S1-214338946,S3-62886652,beyond_rank_cut,False,True,False
S1-319936511,S3-399845031,beyond_rank_cut,False,True,False
S1-485238853,S2-69112656,no_shared_term,False,False,False
S1-156801075,S3-842746320,beyond_rank_cut,False,True,False
S1-650264972,S3-911759998,beyond_rank_cut,False,True,False
S1-67315427,S2-95094221,beyond_rank_cut,False,True,False
S1-235050017,S2-689822497,no_shared_term,False,False,False
S1-817690430,S3-163333462,no_shared_term,False,False,False
S1-568887110,S3-439716260,beyond_rank_cut,False,True,False
S1-268549324,S2-195912426,beyond_rank_cut,False,True,False
S1-168511161,S3-907302501,beyond_rank_cut,False,True,False
S1-729881859,S3-964284561,no_shared_term,False,False,False
S1-212649184,S3-735604165,beyond_rank_cut,False,True,False
S1-155505370,S3-184452721,beyond_rank_cut,False,True,False
S1-155505370,S3-924285334,beyond_rank_cut,False,True,False
S1-462179254,S3-229960493,beyond_rank_cut,False,True,False
S1-690101590,S3-267009484,beyond_rank_cut,False,True,False
S1-813091455,S2-201145893,no_shared_term,False,False,False
S1-917522238,S3-875619213,beyond_rank_cut,False,True,False
S1-867363523,S2-747943473,beyond_rank_cut,False,True,False
S1-43006943,S2-628016141,no_shared_term,False,False,False
S1-661119185,S3-779298757,beyond_rank_cut,False,True,False
S1-32454084,S3-668423549,beyond_rank_cut,False,True,False
S1-58980163,S3-337930100,beyond_rank_cut,False,True,False
S1-712209346,S3-924540968,beyond_rank_cut,False,True,False
S1-487633030,S2-808602397,no_shared_term,False,False,False
S1-779205189,S2-600612888,beyond_rank_cut,False,True,False
S1-558923882,S3-527975657,no_shared_term,False,False,False
S1-799879457,S3-110662115,beyond_rank_cut,False,True,False
S1-799879457,S3-846032807,beyond_rank_cut,False,True,False
S1-543697182,S2-746093707,beyond_rank_cut,False,True,False
S1-448559082,S3-495333259,beyond_rank_cut,False,True,False
S1-168474057,S2-676967299,no_shared_term,False,False,False
S1-720383567,S2-236497592,beyond_rank_cut,False,True,False
S1-834196687,S2-104437676,no_shared_term,False,False,False
S1-75734643,S3-901380747,beyond_rank_cut,False,True,False
S1-971708407,S3-138821881,beyond_rank_cut,False,True,False
S1-480399646,S3-415411730,beyond_rank_cut,False,True,False
S1-472150083,S3-542541471,beyond_rank_cut,False,True,False
S1-661339190,S2-838336501,no_shared_term,False,False,False
S1-560749624,S3-314271429,beyond_rank_cut,False,True,False
S1-858259909,S3-651209581,beyond_rank_cut,False,True,False
S1-747497218,S2-614883233,no_shared_term,False,False,False
S1-554651015,S3-959445252,beyond_rank_cut,False,True,False
S1-804825725,S3-779195743,beyond_rank_cut,False,True,False
S1-189684913,S3-793058072,no_shared_term,False,False,False
S1-137349045,S3-31218766,beyond_rank_cut,False,True,False
S1-505076925,S3-543452657,no_shared_term,False,False,False
S1-384022365,S3-12715458,beyond_rank_cut,False,True,False
S1-384022365,S3-542096399,beyond_rank_cut,False,True,False
S1-827206678,S2-478090412,beyond_rank_cut,False,True,False
S1-844693141,S2-201656131,beyond_rank_cut,False,True,False
S1-844693141,S2-935151561,beyond_rank_cut,False,True,False
S1-152136370,S2-863609853,beyond_rank_cut,False,True,False
S1-370190726,S2-415686088,beyond_rank_cut,False,True,False
S1-464852956,S3-506088951,beyond_rank_cut,False,True,False
S1-663633463,S3-822783935,beyond_rank_cut,False,True,False
S1-521676307,S3-616944492,beyond_rank_cut,False,True,False
S1-648695177,S2-3080592,no_shared_term,False,False,False
S1-172005099,S2-987999935,beyond_rank_cut,False,True,False
S1-348205780,S2-113646909,no_shared_term,False,False,False
S1-141512419,S2-604817529,no_shared_term,False,False,False
S1-543944706,S3-974888675,beyond_rank_cut,False,True,False
S1-600217190,S3-800261515,no_shared_term,False,False,False
S1-571855520,S3-444170842,no_shared_term,False,False,False
S1-463867998,S3-885398390,beyond_rank_cut,False,True,False
S1-564198266,S2-803684999,no_shared_term,False,False,False
S1-886957859,S3-633930646,beyond_rank_cut,False,True,False
S1-376270526,S3-35087771,beyond_rank_cut,False,True,False
S1-376270526,S3-360008963,no_shared_term,False,False,False
S1-376918682,S2-114919844,beyond_rank_cut,False,True,False
S1-272058870,S2-437322613,beyond_rank_cut,False,True,False
S1-272058870,S3-996892439,beyond_rank_cut,False,True,False
S1-722881099,S3-404959643,beyond_rank_cut,False,True,False
S1-275160243,S2-426585888,no_shared_term,False,False,False
S1-275160243,S2-798254240,no_shared_term,False,False,False
S1-275160243,S3-819676034,no_shared_term,False,False,False
S1-451369743,S2-359261806,beyond_rank_cut,False,True,False
S1-979456131,S2-804739091,beyond_rank_cut,False,True,False
S1-618700048,S2-879805067,beyond_rank_cut,False,True,False
S1-673624343,S2-596295230,beyond_rank_cut,False,True,False
S1-729321900,S2-359780453,beyond_rank_cut,False,True,False
S1-353507311,S3-51705655,beyond_rank_cut,False,True,False
S1-66410784,S2-241938793,no_shared_term,False,False,False
S1-338146421,S3-865537014,beyond_rank_cut,False,True,False
S1-14519947,S2-386170634,no_shared_term,False,False,False
S1-888774738,S2-546748358,beyond_rank_cut,False,True,False
S1-888774738,S3-527970518,beyond_rank_cut,False,True,False
S1-926694958,S2-653180523,beyond_rank_cut,False,True,False
S1-57129757,S3-669815393,no_shared_term,False,False,False
S1-387726934,S2-609860615,beyond_rank_cut,False,True,False
S1-890273902,S3-134504733,no_shared_term,False,False,False
S1-987160446,S2-206541681,beyond_rank_cut,False,True,False
S1-987160446,S3-277857083,beyond_rank_cut,False,True,False
S1-913853716,S3-191996061,beyond_rank_cut,False,True,False
S1-520854034,S2-779907816,no_shared_term,False,False,False
S1-887094663,S2-500195571,no_shared_term,False,False,False
S1-608811769,S3-261103512,beyond_rank_cut,False,True,False
S1-647228300,S3-584547349,no_shared_term,False,False,False
S1-598135262,S3-870126093,beyond_rank_cut,False,True,False
S1-44835349,S3-448045350,beyond_rank_cut,False,True,False
S1-401086068,S2-936611924,beyond_rank_cut,False,True,False
S1-602942746,S2-252359219,beyond_rank_cut,False,True,False
S1-602942746,S3-608091975,beyond_rank_cut,False,True,False
S1-602942746,S3-947522271,beyond_rank_cut,False,True,False
S1-13082464,S3-306926864,beyond_rank_cut,False,True,False
S1-484805479,S3-31209836,beyond_rank_cut,False,True,False
S1-289663017,S3-154376831,beyond_rank_cut,False,True,False
S1-700397391,S3-864711738,no_shared_term,False,False,False
S1-34931546,S2-690352650,beyond_rank_cut,False,True,False
S1-560573340,S3-635951099,no_shared_term,False,False,False
S1-557747371,S2-655300136,beyond_rank_cut,False,True,False
S1-925758663,S2-983425449,beyond_rank_cut,False,True,False
S1-136749041,S2-422491010,beyond_rank_cut,False,True,False
S1-75884168,S2-831533443,beyond_rank_cut,False,True,False
S1-75884168,S2-876476532,beyond_rank_cut,False,True,False
S1-905619671,S2-751173889,beyond_rank_cut,False,True,False
S1-340856862,S3-488809716,beyond_rank_cut,False,True,False
S1-482225278,S2-335790416,no_shared_term,False,False,False
S1-771013495,S3-228087397,beyond_rank_cut,False,True,False
S1-659634058,S2-235139659,beyond_rank_cut,False,True,False
S1-659634058,S2-554526399,beyond_rank_cut,False,True,False
S1-504002677,S3-478733706,beyond_rank_cut,False,True,False
S1-599044288,S2-862601266,beyond_rank_cut,False,True,False
S1-227546275,S2-150169379,no_shared_term,False,False,False
S1-74152036,S2-646177058,no_shared_term,False,False,False
S1-754597886,S2-145939299,beyond_rank_cut,False,True,False
S1-31172665,S2-803363191,no_shared_term,False,False,False
S1-31172665,S3-183853346,beyond_rank_cut,False,True,False
S1-521655645,S3-338206293,beyond_rank_cut,False,True,False
S1-619583896,S2-599146408,beyond_rank_cut,False,True,False
S1-465445179,S2-529841598,beyond_rank_cut,False,True,False
S1-683667053,S3-120737567,no_shared_term,False,False,False
S1-683667053,S3-484860450,no_shared_term,False,False,False
S1-683667053,S3-693534553,no_shared_term,False,False,False
S1-199791953,S3-94126339,no_shared_term,False,False,False
S1-781192887,S3-444589645,beyond_rank_cut,False,True,False
S1-183658357,S3-807930378,beyond_rank_cut,False,True,False
S1-715799,S3-924010559,no_shared_term,False,False,False
S1-269391125,S3-870412703,beyond_rank_cut,False,True,False
S1-76120121,S3-144704258,beyond_rank_cut,False,True,False
S1-590638911,S3-658154097,no_shared_term,False,False,False
S1-403682130,S3-239109055,beyond_rank_cut,False,True,False
S1-403682130,S3-483184435,beyond_rank_cut,False,True,False
S1-435671746,S2-104533405,no_shared_term,False,False,False
S1-435671746,S3-510155140,no_shared_term,False,False,False
S1-568706666,S2-687028804,beyond_rank_cut,False,True,False
S1-865136478,S2-693873789,beyond_rank_cut,False,True,False
S1-866921138,S2-819283423,beyond_rank_cut,False,True,False
S1-378444889,S3-50157793,beyond_rank_cut,False,True,False
S1-744810401,S2-653289986,beyond_rank_cut,False,True,False
S1-884552525,S2-885859554,beyond_rank_cut,False,True,False
S1-44962221,S2-109603969,beyond_rank_cut,False,True,False
S1-44962221,S3-547974149,beyond_rank_cut,False,True,False
S1-260392372,S3-212013701,beyond_rank_cut,False,True,False
S1-516441956,S2-837276569,beyond_rank_cut,False,True,False
S1-855951313,S2-408963242,no_shared_term,False,False,False
S1-855951313,S3-911166020,no_shared_term,False,False,False
S1-374450612,S3-884666663,no_shared_term,False,False,False
S1-24881590,S3-816123722,no_shared_term,False,False,False
S1-740386852,S3-489375520,no_shared_term,False,False,False
S1-791081360,S2-237116565,no_shared_term,False,False,False
S1-500555151,S3-956656278,no_shared_term,False,False,False
S1-539294037,S2-48356416,no_shared_term,False,False,False
S1-538961090,S3-283158881,beyond_rank_cut,False,True,False
S1-538961090,S3-3498997,beyond_rank_cut,False,True,False
S1-960064020,S3-324963393,no_shared_term,False,False,False
S1-499005262,S3-789133604,beyond_rank_cut,False,True,False
S1-934264462,S2-657103734,no_shared_term,False,False,False
S1-934264462,S3-181292791,beyond_rank_cut,False,True,False
S1-343492052,S2-887887876,beyond_rank_cut,False,True,False
S1-343492052,S2-941596798,beyond_rank_cut,False,True,False
S1-101140410,S2-858861688,beyond_rank_cut,False,True,False
S1-566248257,S3-950688761,beyond_rank_cut,False,True,False
S1-353314345,S3-398911655,no_shared_term,False,False,False
S1-600489150,S2-211148672,no_shared_term,False,False,False
S1-600489150,S3-526666314,no_shared_term,False,False,False
S1-664154614,S3-239208460,beyond_rank_cut,False,True,False
S1-591524820,S3-625274490,beyond_rank_cut,False,True,False
S1-575084357,S3-452529495,no_shared_term,False,False,False
S1-703930633,S3-768977655,beyond_rank_cut,False,True,False
S1-142039334,S3-397596345,beyond_rank_cut,False,True,False
S1-46188977,S2-693891908,beyond_rank_cut,False,True,False
S1-46188977,S3-811928561,beyond_rank_cut,False,True,False
S1-246681376,S2-746896378,beyond_rank_cut,False,True,False
S1-706087748,S2-291998042,no_shared_term,False,False,False
S1-706087748,S2-539657856,no_shared_term,False,False,False
S1-706087748,S3-995773478,no_shared_term,False,False,False
S1-299684826,S3-265663348,beyond_rank_cut,False,True,False
S1-885007233,S3-850665845,beyond_rank_cut,False,True,False
S1-858916793,S2-568300145,no_shared_term,False,False,False
S1-858916793,S2-654016774,no_shared_term,False,False,False
S1-858916793,S3-57086637,beyond_rank_cut,False,True,False
S1-66065657,S2-502867121,no_shared_term,False,False,False
S1-831784662,S2-367722340,beyond_rank_cut,False,True,False
S1-280357520,S3-638789133,beyond_rank_cut,False,True,False
S1-280357520,S3-791245206,beyond_rank_cut,False,True,False
S1-861818409,S2-670919913,beyond_rank_cut,False,True,False
S1-861818409,S3-907760614,beyond_rank_cut,False,True,False
S1-661874717,S2-535325969,beyond_rank_cut,False,True,False
S1-476079089,S2-384852145,beyond_rank_cut,False,True,False
S1-102904910,S2-24794383,beyond_rank_cut,False,True,False
S1-102904910,S3-228176959,beyond_rank_cut,False,True,False
S1-360275548,S2-333718249,beyond_rank_cut,False,True,False
S1-360275548,S3-876783454,beyond_rank_cut,False,True,False
S1-112087163,S3-564913769,beyond_rank_cut,False,True,False
S1-936570122,S3-247906577,beyond_rank_cut,False,True,False
S1-367247976,S3-67196842,beyond_rank_cut,False,True,False
S1-727363944,S2-590524240,no_shared_term,False,False,False
S1-184682857,S3-204022915,beyond_rank_cut,False,True,False
S1-332840119,S2-834781457,beyond_rank_cut,False,True,False
S1-92065171,S2-833820531,no_shared_term,False,False,False
S1-92065171,S3-337803763,no_shared_term,False,False,False
S1-670044706,S3-638892273,beyond_rank_cut,False,True,False
S1-173775364,S2-263731421,beyond_rank_cut,False,True,False
S1-281738211,S3-736580813,beyond_rank_cut,False,True,False
S1-910258202,S2-139930111,beyond_rank_cut,False,True,False
S1-931909180,S3-358720487,no_shared_term,False,False,False
S1-66321264,S2-330819774,no_shared_term,False,False,False
S1-290686794,S3-379929945,no_shared_term,False,False,False
S1-290686794,S3-778703209,beyond_rank_cut,False,True,False
S1-774562126,S2-397338652,beyond_rank_cut,False,True,False
S1-204764486,S2-241792722,beyond_rank_cut,False,True,False
S1-204764486,S2-691375951,beyond_rank_cut,False,True,False
S1-760967852,S2-222870988,beyond_rank_cut,False,True,False
S1-733418123,S2-99305285,no_shared_term,False,False,False
S1-823876132,S3-405591024,beyond_rank_cut,False,True,False
S1-919040804,S3-915423356,beyond_rank_cut,False,True,False
S1-300327194,S3-529538100,no_shared_term,False,False,False
S1-524945829,S3-725286866,beyond_rank_cut,False,True,False
S1-557045447,S2-390133381,no_shared_term,False,False,False
S1-330318840,S2-552006619,beyond_rank_cut,False,True,False
S1-744857250,S3-81719011,no_shared_term,False,False,False
S1-744857250,S3-836219437,no_shared_term,False,False,False
S1-492758582,S3-173055810,beyond_rank_cut,False,True,False
S1-492758582,S3-763935843,beyond_rank_cut,False,True,False
S1-635731652,S2-146836474,beyond_rank_cut,False,True,False
S1-635731652,S2-974223380,no_shared_term,False,False,False
S1-30716402,S2-469516493,no_shared_term,False,False,False
S1-30716402,S2-972479930,no_shared_term,False,False,False
S1-30716402,S3-542165506,beyond_rank_cut,False,True,False
S1-493498250,S2-847994969,no_shared_term,False,False,False
S1-493498250,S3-457993263,beyond_rank_cut,False,True,False
S1-493498250,S3-672008669,beyond_rank_cut,False,True,False
S1-493498250,S3-855912968,beyond_rank_cut,False,True,False
S1-493498250,S3-936074497,beyond_rank_cut,False,True,False
S1-713273546,S2-738292144,beyond_rank_cut,False,True,False
S1-713273546,S3-778945152,beyond_rank_cut,False,True,False
S1-359834874,S3-88720162,beyond_rank_cut,False,True,False
S1-570504179,S2-410218904,beyond_rank_cut,False,True,False
S1-263261037,S2-506060895,no_shared_term,False,False,False
S1-263261037,S3-89679423,beyond_rank_cut,False,True,False
S1-774989479,S3-686109100,beyond_rank_cut,False,True,False
S1-860077193,S3-346281807,no_shared_term,False,False,False
S1-656314503,S2-837002591,beyond_rank_cut,False,True,False
S1-347717523,S2-599684914,beyond_rank_cut,False,True,False
S1-994787728,S3-522198835,no_shared_term,False,False,False
S1-447526807,S2-599305145,beyond_rank_cut,False,True,False
S1-375376047,S2-848590368,no_shared_term,False,False,False
S1-589827935,S2-797212235,no_shared_term,False,False,False
S1-145967564,S3-726438898,beyond_rank_cut,False,True,False
S1-780133805,S3-367945239,beyond_rank_cut,False,True,False
S1-849784330,S3-420961574,beyond_rank_cut,False,True,False
S1-228962135,S2-8157412,beyond_rank_cut,False,True,False
S1-579869305,S3-54871743,beyond_rank_cut,False,True,False
S1-27443644,S2-950299409,no_shared_term,False,False,False
S1-829026092,S2-148545925,no_shared_term,False,False,False
S1-829026092,S2-213986708,no_shared_term,False,False,False
S1-829026092,S2-364360073,no_shared_term,False,False,False
S1-301044740,S3-286946730,beyond_rank_cut,False,True,False
S1-653062214,S2-405052353,beyond_rank_cut,False,True,False
S1-653062214,S2-434181579,beyond_rank_cut,False,True,False
S1-546769633,S3-596149274,beyond_rank_cut,False,True,False
S1-713513767,S3-849589707,beyond_rank_cut,False,True,False
S1-821486720,S2-460625418,no_shared_term,False,False,False
S1-299822114,S3-669463857,beyond_rank_cut,False,True,False
S1-748576155,S2-915431594,beyond_rank_cut,False,True,False
S1-577042231,S2-754693493,beyond_rank_cut,False,True,False
S1-716997274,S3-500668920,no_shared_term,False,False,False
S1-477829422,S3-865012219,beyond_rank_cut,False,True,False
S1-171189133,S2-182739519,beyond_rank_cut,False,True,False
S1-602892492,S3-263518705,beyond_rank_cut,False,True,False
S1-259237362,S3-404423908,beyond_rank_cut,False,True,False
S1-98952823,S3-185611686,no_shared_term,False,False,False
S1-32135175,S3-22336567,beyond_rank_cut,False,True,False
S1-266295969,S2-918322431,no_shared_term,False,False,False
S1-349888309,S2-219428568,no_shared_term,False,False,False
S1-349888309,S3-31881351,no_shared_term,False,False,False
S1-349888309,S3-992860018,no_shared_term,False,False,False
S1-519553112,S2-349727827,no_shared_term,False,False,False
S1-18448778,S2-396823520,no_shared_term,False,False,False
S1-911273723,S2-656508792,no_shared_term,False,False,False
S1-607897080,S2-70900740,no_shared_term,False,False,False
S1-607897080,S3-727595713,no_shared_term,False,False,False
S1-799868837,S3-867604705,beyond_rank_cut,False,True,False
S1-517161234,S3-604650564,no_shared_term,False,False,False
S1-293079859,S2-687314275,no_shared_term,False,False,False
S1-293079859,S2-723846860,no_shared_term,False,False,False
S1-475343603,S2-623236217,no_shared_term,False,False,False
S1-239130146,S2-521022444,beyond_rank_cut,False,True,False
S1-407386184,S2-73213513,no_shared_term,False,False,False
S1-105314611,S2-109861122,beyond_rank_cut,False,True,False
S1-439054518,S2-539805157,beyond_rank_cut,False,True,False
S1-170932571,S2-345089273,beyond_rank_cut,False,True,False
S1-170932571,S2-689588827,no_shared_term,False,False,False
S1-170932571,S3-467062230,no_shared_term,False,False,False
S1-220246393,S2-752226569,beyond_rank_cut,False,True,False
S1-220246393,S3-497104657,beyond_rank_cut,False,True,False
S1-203595424,S2-810478156,beyond_rank_cut,False,True,False
S1-797718355,S2-854832776,beyond_rank_cut,False,True,False
S1-419579819,S3-699764691,beyond_rank_cut,False,True,False
S1-563258369,S2-740833603,beyond_rank_cut,False,True,False
S1-563258369,S3-768919725,beyond_rank_cut,False,True,False
S1-563258369,S3-957513229,beyond_rank_cut,False,True,False
S1-911868654,S3-212576326,beyond_rank_cut,False,True,False
S1-616191091,S3-252383754,beyond_rank_cut,False,True,False
S1-823463881,S3-564334022,beyond_rank_cut,False,True,False
S1-385981302,S2-975667307,no_shared_term,False,False,False
S1-357629974,S2-105818341,beyond_rank_cut,False,True,False
S1-976499304,S3-844435730,beyond_rank_cut,False,True,False
S1-415945737,S2-768932289,beyond_rank_cut,False,True,False
S1-949283162,S3-905923318,beyond_rank_cut,False,True,False
S1-690476911,S2-448652212,no_shared_term,False,False,False
S1-690476911,S2-598211719,no_shared_term,False,False,False
S1-690476911,S3-979044552,beyond_rank_cut,False,True,False
S1-455850481,S2-753468824,no_shared_term,False,False,False
S1-455850481,S2-84428533,no_shared_term,False,False,False
S1-772490540,S3-669947966,beyond_rank_cut,False,True,False
S1-31545315,S2-589157402,beyond_rank_cut,False,True,False
S1-177075198,S3-910910816,beyond_rank_cut,False,True,False
S1-950309530,S3-688675449,beyond_rank_cut,False,True,False
S1-322473272,S2-429708657,no_shared_term,False,False,False
S1-506729740,S3-685031048,beyond_rank_cut,False,True,False
S1-79346985,S2-793834286,no_shared_term,False,False,False
S1-79346985,S3-362427295,no_shared_term,False,False,False
S1-481540986,S2-609460795,beyond_rank_cut,False,True,False
S1-395484310,S3-973082639,beyond_rank_cut,False,True,False
S1-11013808,S3-162330118,beyond_rank_cut,False,True,False
S1-11013808,S3-886975074,beyond_rank_cut,False,True,False
S1-11013808,S3-98460671,beyond_rank_cut,False,True,False
S1-390900690,S3-441167746,beyond_rank_cut,False,True,False
S1-620787839,S3-105063195,beyond_rank_cut,False,True,False
S1-185223218,S3-776455976,no_shared_term,False,False,False
S1-574617763,S2-209170608,beyond_rank_cut,False,True,False
S1-553373597,S2-308914564,no_shared_term,False,False,False
S1-352813603,S2-869506716,beyond_rank_cut,False,True,False
S1-28304387,S2-65911653,beyond_rank_cut,False,True,False
S1-316161570,S2-867532700,beyond_rank_cut,False,True,False
S1-242046105,S3-903094501,no_shared_term,False,False,False
S1-271123290,S2-913446597,beyond_rank_cut,False,True,False
S1-271123290,S2-983234934,beyond_rank_cut,False,True,False
S1-696684022,S3-768706628,beyond_rank_cut,False,True,False
S1-965119593,S3-221010751,no_shared_term,False,False,False
S1-453866066,S3-380862012,beyond_rank_cut,False,True,False
S1-637005114,S3-74805403,beyond_rank_cut,False,True,False
S1-696081776,S3-227707444,beyond_rank_cut,False,True,False
S1-696081776,S3-574951972,beyond_rank_cut,False,True,False
S1-747221621,S2-192042159,no_shared_term,False,False,False
S1-747221621,S2-442020027,no_shared_term,False,False,False
S1-747221621,S2-992310653,no_shared_term,False,False,False
S1-709383660,S3-569019308,beyond_rank_cut,False,True,False
S1-372845519,S3-100732210,no_shared_term,False,False,False
S1-633142924,S2-637971658,no_shared_term,False,False,False
S1-138038587,S3-950180400,beyond_rank_cut,False,True,False
S1-43329945,S3-119138681,no_shared_term,False,False,False
S1-345255320,S3-137235377,beyond_rank_cut,False,True,False
S1-926374781,S3-214052026,no_shared_term,False,False,False
S1-926374781,S3-508969450,no_shared_term,False,False,False
S1-416118518,S3-34274122,beyond_rank_cut,False,True,False
S1-877599760,S2-925241255,beyond_rank_cut,False,True,False
S1-840538909,S2-14578520,beyond_rank_cut,False,True,False
S1-621539777,S2-808974573,beyond_rank_cut,False,True,False
S1-447936247,S3-473560313,beyond_rank_cut,False,True,False
S1-526286746,S3-935833101,beyond_rank_cut,False,True,False
S1-719072031,S2-488046235,no_shared_term,False,False,False
S1-719072031,S3-256132177,no_shared_term,False,False,False
S1-208881537,S3-713298238,beyond_rank_cut,False,True,False
S1-308349915,S3-832465252,beyond_rank_cut,False,True,False
S1-762091371,S3-819255909,no_shared_term,False,False,False
S1-377499707,S2-578173269,beyond_rank_cut,False,True,False
S1-377499707,S3-465376524,beyond_rank_cut,False,True,False
S1-377499707,S3-927848133,beyond_rank_cut,False,True,False
S1-130105754,S3-237049165,beyond_rank_cut,False,True,False
S1-856668917,S2-712722086,beyond_rank_cut,False,True,False
S1-912146668,S3-74881574,beyond_rank_cut,False,True,False
S1-685613279,S2-271180487,no_shared_term,False,False,False
S1-282776770,S3-499955182,beyond_rank_cut,False,True,False
S1-309804589,S3-697082082,beyond_rank_cut,False,True,False
S1-609898273,S3-129030584,beyond_rank_cut,False,True,False
S1-631861985,S3-482572360,no_shared_term,False,False,False
S1-631861985,S3-724413578,no_shared_term,False,False,False
S1-835033549,S3-368106784,no_shared_term,False,False,False
S1-835033549,S3-525843348,no_shared_term,False,False,False
S1-171232743,S3-590337572,no_shared_term,False,False,False
S1-171232743,S3-636690699,no_shared_term,False,False,False
S1-659531381,S2-607998747,beyond_rank_cut,False,True,False
S1-315140775,S3-206769491,beyond_rank_cut,False,True,False
S1-568535785,S2-760897597,no_shared_term,False,False,False
S1-568535785,S3-140970274,no_shared_term,False,False,False
S1-392165799,S3-700732365,no_shared_term,False,False,False
S1-556242592,S2-143924390,beyond_rank_cut,False,True,False
S1-56119692,S3-65525528,beyond_rank_cut,False,True,False
S1-870386645,S2-559283334,beyond_rank_cut,False,True,False
S1-812267872,S2-164047492,beyond_rank_cut,False,True,False
S1-4047537,S2-884620195,no_shared_term,False,False,False
S1-372338426,S2-997934218,beyond_rank_cut,False,True,False
S1-691079964,S2-171260260,beyond_rank_cut,False,True,False
S1-691079964,S3-305644747,beyond_rank_cut,False,True,False
S1-691079964,S3-821499746,beyond_rank_cut,False,True,False
S1-94480302,S2-611933586,beyond_rank_cut,False,True,False
S1-897663794,S3-313812237,beyond_rank_cut,False,True,False
S1-281898711,S2-775091139,beyond_rank_cut,False,True,False
S1-522586393,S2-212466789,beyond_rank_cut,False,True,False
S1-679087867,S2-507445338,beyond_rank_cut,False,True,False
S1-529247687,S3-909477544,beyond_rank_cut,False,True,False
S1-33383650,S3-725659286,beyond_rank_cut,False,True,False
S1-864473482,S2-391694811,no_shared_term,False,False,False
S1-864473482,S2-744642426,no_shared_term,False,False,False
S1-864473482,S3-147082840,beyond_rank_cut,False,True,False
S1-715530184,S2-854861857,beyond_rank_cut,False,True,False
S1-409513155,S2-518580117,beyond_rank_cut,False,True,False
S1-129531985,S3-920376163,beyond_rank_cut,False,True,False
S1-493179029,S2-706642136,no_shared_term,False,False,False
S1-63708697,S3-749191339,beyond_rank_cut,False,True,False
S1-164977379,S3-969213610,no_shared_term,False,False,False
S1-707591802,S2-157779404,beyond_rank_cut,False,True,False
S1-219112924,S2-190467929,no_shared_term,False,False,False
S1-219112924,S3-211715788,no_shared_term,False,False,False
S1-219112924,S3-262831977,no_shared_term,False,False,False
S1-219112924,S3-308020753,no_shared_term,False,False,False
S1-29801192,S2-955394173,beyond_rank_cut,False,True,False
S1-802562286,S3-656426233,no_shared_term,False,False,False
S1-360474425,S2-989557957,beyond_rank_cut,False,True,False
S1-832637010,S2-357225170,beyond_rank_cut,False,True,False
S1-581486852,S2-846785764,beyond_rank_cut,False,True,False
S1-581486852,S3-284075997,no_shared_term,False,False,False
S1-276252975,S3-764190483,beyond_rank_cut,False,True,False
S1-680330376,S3-211057472,no_shared_term,False,False,False
S1-680330376,S3-652745071,no_shared_term,False,False,False
S1-702345237,S2-431157710,no_shared_term,False,False,False
S1-702345237,S2-846772702,no_shared_term,False,False,False
S1-702345237,S2-940702548,no_shared_term,False,False,False
S1-20983320,S3-613511281,beyond_rank_cut,False,True,False
S1-328030041,S3-638363050,no_shared_term,False,False,False
S1-132561833,S2-854949200,beyond_rank_cut,False,True,False
S1-484417114,S2-365664976,beyond_rank_cut,False,True,False
S1-446432371,S3-927997023,no_shared_term,False,False,False
S1-972552397,S2-441022349,beyond_rank_cut,False,True,False
S1-972552397,S2-919661724,beyond_rank_cut,False,True,False
S1-77843200,S3-41239150,no_shared_term,False,False,False
S1-438747840,S2-329039002,no_shared_term,False,False,False
S1-211521743,S3-461781407,beyond_rank_cut,False,True,False
S1-161146207,S3-194700705,no_shared_term,False,False,False
S1-161146207,S3-704726160,beyond_rank_cut,False,True,False
S1-188726131,S3-37200527,beyond_rank_cut,False,True,False
S1-179917969,S3-532798349,no_shared_term,False,False,False
S1-504026922,S2-144809527,beyond_rank_cut,False,True,False
S1-663474568,S3-914946694,beyond_rank_cut,False,True,False
S1-779061849,S3-670940508,beyond_rank_cut,False,True,False
S1-50753713,S3-18283841,no_shared_term,False,False,False
S1-625179943,S3-923928169,beyond_rank_cut,False,True,False
S1-353221581,S3-740633862,beyond_rank_cut,False,True,False
S1-353221581,S3-86283405,beyond_rank_cut,False,True,False
S1-629184369,S2-742780901,beyond_rank_cut,False,True,False
S1-184946740,S3-26565693,beyond_rank_cut,False,True,False
S1-69069730,S3-587410339,beyond_rank_cut,False,True,False
S1-710400203,S3-371159137,beyond_rank_cut,False,True,False
S1-318260853,S2-203969409,beyond_rank_cut,False,True,False
S1-318260853,S2-854308345,beyond_rank_cut,False,True,False
S1-829596968,S3-68098984,beyond_rank_cut,False,True,False
S1-993540856,S2-350234727,beyond_rank_cut,False,True,False
S1-411573014,S3-783278975,beyond_rank_cut,False,True,False
S1-29173616,S3-492685980,beyond_rank_cut,False,True,False
S1-43705057,S3-37570223,beyond_rank_cut,False,True,False
S1-158758943,S2-322182578,beyond_rank_cut,False,True,False
S1-777612029,S2-426203193,no_shared_term,False,False,False
S1-777612029,S3-169666251,beyond_rank_cut,False,True,False
S1-235716060,S2-785024662,no_shared_term,False,False,False
S1-235716060,S2-819952551,no_shared_term,False,False,False
S1-558504485,S2-24473465,beyond_rank_cut,False,True,False
S1-558504485,S3-848102590,beyond_rank_cut,False,True,False
S1-613101705,S3-790212265,beyond_rank_cut,False,True,False
S1-192442700,S2-648813300,beyond_rank_cut,False,True,False
S1-284120737,S2-999113851,beyond_rank_cut,False,True,False
S1-284120737,S3-375085399,beyond_rank_cut,False,True,False
S1-532122108,S3-170642284,beyond_rank_cut,False,True,False
S1-804431472,S2-264463961,no_shared_term,False,False,False
S1-435182020,S3-325137333,beyond_rank_cut,False,True,False
S1-387349947,S2-430082270,beyond_rank_cut,False,True,False
S1-932902806,S2-39007897,no_shared_term,False,False,False
S1-932902806,S2-949385130,no_shared_term,False,False,False
S1-150603630,S3-473629214,beyond_rank_cut,False,True,False
S1-287673462,S3-117827186,beyond_rank_cut,False,True,False
S1-541174950,S2-522932320,beyond_rank_cut,False,True,False
S1-850367976,S3-368500534,beyond_rank_cut,False,True,False
S1-133588763,S3-978158942,beyond_rank_cut,False,True,False
S1-618112586,S2-27118907,no_shared_term,False,False,False
S1-250872878,S2-442184043,beyond_rank_cut,False,True,False
S1-561865372,S2-630136127,no_shared_term,False,False,False
S1-599479165,S3-93209398,beyond_rank_cut,False,True,False
S1-849263379,S3-224890230,beyond_rank_cut,False,True,False
S1-849263379,S3-455993054,no_shared_term,False,False,False
S1-849263379,S3-803199584,beyond_rank_cut,False,True,False
S1-849263379,S3-881791826,no_shared_term,False,False,False
S1-202790938,S2-510841040,beyond_rank_cut,False,True,False
S1-226632649,S3-516332934,beyond_rank_cut,False,True,False
S1-226632649,S3-759133110,beyond_rank_cut,False,True,False
S1-14748678,S3-19975746,beyond_rank_cut,False,True,False
S1-65626699,S3-882881768,no_shared_term,False,False,False
S1-313700603,S2-386364841,beyond_rank_cut,False,True,False
S1-684690409,S3-330265358,beyond_rank_cut,False,True,False
S1-888264488,S2-89193980,beyond_rank_cut,False,True,False
S1-341187154,S3-265824035,beyond_rank_cut,False,True,False
S1-365819401,S2-16079282,beyond_rank_cut,False,True,False
S1-824418170,S2-292118561,beyond_rank_cut,False,True,False
S1-824418170,S2-413369497,beyond_rank_cut,False,True,False
S1-824418170,S3-37529815,beyond_rank_cut,False,True,False
S1-454993694,S3-556778974,beyond_rank_cut,False,True,False
S1-485270137,S2-571161853,no_shared_term,False,False,False
S1-615695916,S3-49439714,beyond_rank_cut,False,True,False
S1-241026499,S3-912692453,no_shared_term,False,False,False
S1-470452915,S2-45450294,beyond_rank_cut,False,True,False
S1-50311697,S3-908425862,beyond_rank_cut,False,True,False
S1-234297294,S2-328212754,beyond_rank_cut,False,True,False
S1-525476382,S2-504231972,beyond_rank_cut,False,True,False
S1-753933740,S2-583275701,beyond_rank_cut,False,True,False
S1-753933740,S3-648428741,beyond_rank_cut,False,True,False
S1-59980927,S3-732093266,no_shared_term,False,False,False
S1-421437642,S2-715957902,no_shared_term,False,False,False
S1-421437642,S3-635205123,no_shared_term,False,False,False
S1-569789339,S3-760622337,no_shared_term,False,False,False
S1-674090887,S2-996987825,no_shared_term,False,False,False
S1-997619659,S2-768624780,no_shared_term,False,False,False
S1-160650692,S2-264943024,no_shared_term,False,False,False
S1-160650692,S2-420317376,no_shared_term,False,False,False
S1-160650692,S2-449864256,no_shared_term,False,False,False
S1-160650692,S3-581652258,beyond_rank_cut,False,True,False
S1-788832839,S3-270970862,beyond_rank_cut,False,True,False
S1-805568546,S2-337694994,beyond_rank_cut,False,True,False
S1-805568546,S3-584435393,beyond_rank_cut,False,True,False
S1-908179603,S3-849661763,no_shared_term,False,False,False
S1-309427329,S3-777680974,beyond_rank_cut,False,True,False
S1-987195084,S3-84370857,beyond_rank_cut,False,True,False
S1-377528994,S3-439802407,beyond_rank_cut,False,True,False
S1-89116659,S3-983454148,beyond_rank_cut,False,True,False
S1-257645246,S3-320279331,no_shared_term,False,False,False
S1-866801610,S3-25076588,beyond_rank_cut,False,True,False
S1-160018476,S3-565252671,beyond_rank_cut,False,True,False
S1-723889631,S3-715003919,beyond_rank_cut,False,True,False
S1-212948724,S3-794324971,beyond_rank_cut,False,True,False
S1-685977560,S2-572758968,no_shared_term,False,False,False
S1-503665631,S3-862213036,beyond_rank_cut,False,True,False
S1-695398276,S2-162721645,no_shared_term,False,False,False
S1-899344716,S2-606220152,beyond_rank_cut,False,True,False
S1-45587784,S2-567967644,no_shared_term,False,False,False
S1-580565785,S3-223422228,no_shared_term,False,False,False
S1-580565785,S3-505301474,no_shared_term,False,False,False
S1-747133556,S3-846864233,beyond_rank_cut,False,True,False
S1-833121213,S3-56946168,beyond_rank_cut,False,True,False
S1-178315579,S2-656512190,beyond_rank_cut,False,True,False
S1-101354948,S2-908637132,beyond_rank_cut,False,True,False
S1-43077086,S2-251718070,beyond_rank_cut,False,True,False
S1-771892637,S3-557172847,beyond_rank_cut,False,True,False
S1-354475335,S2-989708565,beyond_rank_cut,False,True,False
S1-421596660,S2-970640330,beyond_rank_cut,False,True,False
S1-421596660,S3-458818816,beyond_rank_cut,False,True,False
S1-421596660,S3-706509229,beyond_rank_cut,False,True,False
S1-107368875,S3-425018402,beyond_rank_cut,False,True,False
S1-655809871,S3-798228632,no_shared_term,False,False,False
S1-814524158,S2-56335264,no_shared_term,False,False,False
S1-217034882,S2-97619550,no_shared_term,False,False,False
S1-218549795,S2-495508130,beyond_rank_cut,False,True,False
S1-218549795,S3-358451178,beyond_rank_cut,False,True,False
S1-178300318,S3-280018736,beyond_rank_cut,False,True,False
S1-690316986,S2-890054347,no_shared_term,False,False,False
S1-690316986,S3-496164993,no_shared_term,False,False,False
S1-976110088,S2-956425600,beyond_rank_cut,False,True,False
S1-289109191,S3-103542532,beyond_rank_cut,False,True,False
S1-928756138,S3-273532757,no_shared_term,False,False,False
S1-392300872,S2-528682352,beyond_rank_cut,False,True,False
S1-462069916,S2-749023098,no_shared_term,False,False,False
S1-405604894,S2-454841417,beyond_rank_cut,False,True,False
S1-450686869,S3-77622943,beyond_rank_cut,False,True,False
S1-491783380,S2-960843619,beyond_rank_cut,False,True,False
S1-558811127,S3-821410422,beyond_rank_cut,False,True,False
S1-700579262,S2-609853946,beyond_rank_cut,False,True,False
S1-702749272,S2-83560079,beyond_rank_cut,False,True,False
S1-214009671,S3-198962640,beyond_rank_cut,False,True,False
S1-831113201,S3-307896854,beyond_rank_cut,False,True,False
S1-868003637,S2-12312862,beyond_rank_cut,False,True,False
S1-868003637,S2-473003950,no_shared_term,False,False,False
S1-868003637,S3-846506725,beyond_rank_cut,False,True,False
S1-161566212,S3-954750043,beyond_rank_cut,False,True,False
S1-53712273,S3-678948825,beyond_rank_cut,False,True,False
S1-588128360,S3-304607556,no_shared_term,False,False,False
S1-996394860,S3-758933909,beyond_rank_cut,False,True,False
S1-428767181,S2-824436593,no_shared_term,False,False,False
S1-157164000,S2-609100837,beyond_rank_cut,False,True,False
S1-580156164,S3-343723457,no_shared_term,False,False,False
S1-269306171,S2-592284778,no_shared_term,False,False,False
S1-922129791,S3-673763261,no_shared_term,False,False,False
S1-53796889,S2-729246514,no_shared_term,False,False,False
S1-53796889,S3-832288298,beyond_rank_cut,False,True,False
S1-344135194,S2-268297649,no_shared_term,False,False,False
S1-146400586,S3-131107375,beyond_rank_cut,False,True,False
S1-331963053,S3-292723225,no_shared_term,False,False,False
S1-962367803,S3-201482184,beyond_rank_cut,False,True,False
S1-404238961,S3-512726121,beyond_rank_cut,False,True,False
S1-780598156,S3-655738864,beyond_rank_cut,False,True,False
S1-184164892,S3-246448573,no_shared_term,False,False,False
S1-107573776,S2-29134814,no_shared_term,False,False,False
S1-107573776,S3-191000913,no_shared_term,False,False,False
S1-107573776,S3-30415494,no_shared_term,False,False,False
S1-107573776,S3-374406033,beyond_rank_cut,False,True,False
S1-958342696,S3-547013991,no_shared_term,False,False,False
S1-872173691,S2-470578665,beyond_rank_cut,False,True,False
S1-370272962,S2-5213446,beyond_rank_cut,False,True,False
S1-332709346,S3-900969148,no_shared_term,False,False,False
S1-533232427,S3-409078573,beyond_rank_cut,False,True,False
S1-86274660,S3-304498156,no_shared_term,False,False,False
S1-398186832,S3-670527538,beyond_rank_cut,False,True,False
S1-960154825,S2-39216804,beyond_rank_cut,False,True,False
S1-628816949,S2-813400120,no_shared_term,False,False,False
S1-100569853,S2-186903949,beyond_rank_cut,False,True,False
S1-916479244,S2-230234959,beyond_rank_cut,False,True,False
S1-916479244,S3-909411141,beyond_rank_cut,False,True,False
S1-675819163,S3-955735682,no_shared_term,False,False,False
S1-389199849,S2-233062734,beyond_rank_cut,False,True,False
S1-428365283,S3-496598851,no_shared_term,False,False,False
S1-362339136,S2-989871710,beyond_rank_cut,False,True,False
S1-349691915,S3-363395912,beyond_rank_cut,False,True,False
S1-568911002,S3-134231016,no_shared_term,False,False,False
S1-568911002,S3-425844720,beyond_rank_cut,False,True,False
S1-581433867,S3-995000120,beyond_rank_cut,False,True,False
S1-46400482,S3-650712380,beyond_rank_cut,False,True,False
S1-170839973,S2-695704363,no_shared_term,False,False,False
S1-716152609,S3-851422828,beyond_rank_cut,False,True,False
S1-61647663,S2-521530670,no_shared_term,False,False,False
S1-340647825,S2-903206155,no_shared_term,False,False,False
S1-340647825,S3-761996325,no_shared_term,False,False,False
S1-293058272,S2-488778887,no_shared_term,False,False,False
S1-293058272,S2-909005596,no_shared_term,False,False,False
S1-293058272,S3-213164482,no_shared_term,False,False,False
S1-173265737,S2-325098197,beyond_rank_cut,False,True,False
S1-173265737,S3-616167367,beyond_rank_cut,False,True,False
S1-224576866,S3-274245573,no_shared_term,False,False,False
S1-224576866,S3-458406418,beyond_rank_cut,False,True,False
S1-224576866,S3-499795836,beyond_rank_cut,False,True,False
S1-224576866,S3-5760528,beyond_rank_cut,False,True,False
S1-359381502,S3-488413957,no_shared_term,False,False,False
S1-632442537,S3-480388505,beyond_rank_cut,False,True,False
S1-530987843,S3-219352839,beyond_rank_cut,False,True,False
S1-437783790,S2-320486005,no_shared_term,False,False,False
S1-669153116,S2-335582610,beyond_rank_cut,False,True,False
S1-3066606,S2-901623939,no_shared_term,False,False,False
S1-3066606,S3-893666015,beyond_rank_cut,False,True,False
S1-3066606,S3-92468477,no_shared_term,False,False,False
S1-478247380,S3-893450064,beyond_rank_cut,False,True,False
S1-449440453,S3-734531519,beyond_rank_cut,False,True,False
S1-299769315,S3-819304274,beyond_rank_cut,False,True,False
S1-660374168,S3-648232243,beyond_rank_cut,False,True,False
S1-544434218,S2-918052248,no_shared_term,False,False,False
S1-544434218,S3-454764620,no_shared_term,False,False,False
S1-544434218,S3-664940973,no_shared_term,False,False,False
S1-134904045,S2-495057726,beyond_rank_cut,False,True,False
S1-248065677,S2-597195355,beyond_rank_cut,False,True,False
S1-561014079,S2-147859679,beyond_rank_cut,False,True,False
S1-881470782,S2-894566596,no_shared_term,False,False,False
S1-881470782,S2-954221301,no_shared_term,False,False,False
S1-881470782,S3-914917694,no_shared_term,False,False,False
S1-300717854,S3-404000798,no_shared_term,False,False,False
S1-169683321,S2-529605721,beyond_rank_cut,False,True,False
S1-711264948,S3-921143111,no_shared_term,False,False,False
S1-191989467,S3-110252160,beyond_rank_cut,False,True,False
S1-556449838,S3-466483708,beyond_rank_cut,False,True,False
S1-556449838,S3-708575210,no_shared_term,False,False,False
S1-556449838,S3-719040770,no_shared_term,False,False,False
S1-892105385,S3-309898750,beyond_rank_cut,False,True,False
S1-330153205,S3-916281122,beyond_rank_cut,False,True,False
S1-856256038,S2-905835081,beyond_rank_cut,False,True,False
S1-856256038,S2-945622651,beyond_rank_cut,False,True,False
S1-856256038,S3-236097149,beyond_rank_cut,False,True,False
S1-856256038,S3-515842062,beyond_rank_cut,False,True,False
S1-856256038,S3-580260184,beyond_rank_cut,False,True,False
S1-856256038,S3-852084789,beyond_rank_cut,False,True,False
S1-745934460,S2-270888526,no_shared_term,False,False,False
S1-185352483,S2-952534529,beyond_rank_cut,False,True,False
S1-185352483,S3-335311101,beyond_rank_cut,False,True,False
S1-185352483,S3-854132996,beyond_rank_cut,False,True,False
S1-306947882,S3-790769573,no_shared_term,False,False,False
S1-411026162,S2-705039565,beyond_rank_cut,False,True,False
S1-76112246,S2-18765494,beyond_rank_cut,False,True,False
S1-76112246,S2-593791427,beyond_rank_cut,False,True,False
S1-755913327,S2-979869874,beyond_rank_cut,False,True,False
S1-28917236,S3-824192305,beyond_rank_cut,False,True,False
S1-5076961,S2-381479047,no_shared_term,False,False,False
S1-352059386,S2-33406373,beyond_rank_cut,False,True,False
S1-352059386,S2-924753140,beyond_rank_cut,False,True,False
S1-49674804,S3-606370432,no_shared_term,False,False,False
S1-596876812,S2-273809672,no_shared_term,False,False,False
S1-849957500,S3-424546475,no_shared_term,False,False,False
S1-5218970,S2-313633460,beyond_rank_cut,False,True,False
S1-5218970,S2-783706192,beyond_rank_cut,False,True,False
S1-883625523,S2-371895091,no_shared_term,False,False,False
S1-883625523,S3-502826528,no_shared_term,False,False,False
S1-938003129,S3-219896348,beyond_rank_cut,False,True,False
S1-413017086,S2-332832504,beyond_rank_cut,False,True,False
S1-323450720,S2-569894505,no_shared_term,False,False,False
S1-264769294,S2-444487819,beyond_rank_cut,False,True,False
S1-117662853,S2-29383412,beyond_rank_cut,False,True,False
S1-14329353,S3-248284699,beyond_rank_cut,False,True,False
S1-14329353,S3-918361699,beyond_rank_cut,False,True,False
S1-807835378,S2-518011344,beyond_rank_cut,False,True,False
S1-142511415,S3-620051386,beyond_rank_cut,False,True,False
S1-616707648,S3-937335332,beyond_rank_cut,False,True,False
S1-881007169,S3-864980860,beyond_rank_cut,False,True,False
S1-408229223,S3-974605334,no_shared_term,False,False,False
S1-661359922,S2-118605386,beyond_rank_cut,False,True,False
S1-661359922,S3-410689588,beyond_rank_cut,False,True,False
S1-926874607,S2-697185720,no_shared_term,False,False,False
S1-575395416,S3-119491739,no_shared_term,False,False,False
S1-575395416,S3-936512717,beyond_rank_cut,False,True,False
S1-261427106,S3-814390497,no_shared_term,False,False,False
S1-754511668,S2-387051392,no_shared_term,False,False,False
S1-754511668,S2-436938869,no_shared_term,False,False,False
S1-754511668,S3-165111147,beyond_rank_cut,False,True,False
S1-333937237,S2-512532478,beyond_rank_cut,False,True,False
S1-808680679,S2-35351916,no_shared_term,False,False,False
S1-808680679,S3-995594696,beyond_rank_cut,False,True,False
S1-526919930,S2-948686694,beyond_rank_cut,False,True,False
S1-619204821,S3-885012196,beyond_rank_cut,False,True,False
S1-279372922,S2-116028231,beyond_rank_cut,False,True,False
S1-509996181,S3-102653165,beyond_rank_cut,False,True,False
S1-83046648,S3-79696806,beyond_rank_cut,False,True,False
S1-318756204,S2-418983165,beyond_rank_cut,False,True,False
S1-318756204,S2-908484948,beyond_rank_cut,False,True,False
S1-318756204,S3-21026415,beyond_rank_cut,False,True,False
S1-384757516,S2-448200750,beyond_rank_cut,False,True,False
S1-144297685,S2-986908560,beyond_rank_cut,False,True,False
S1-144297685,S2-987208265,no_shared_term,False,False,False
S1-27390513,S3-553638290,no_shared_term,False,False,False
S1-907446056,S3-118582029,no_shared_term,False,False,False
S1-464075993,S3-930212353,beyond_rank_cut,False,True,False
S1-846115360,S3-656102647,beyond_rank_cut,False,True,False
S1-595792066,S2-220304865,no_shared_term,False,False,False
S1-595792066,S3-19143255,beyond_rank_cut,False,True,False
S1-365197374,S2-344101415,no_shared_term,False,False,False
S1-535785118,S3-441264142,beyond_rank_cut,False,True,False
S1-774733829,S2-42048974,beyond_rank_cut,False,True,False
S1-343686126,S3-588509195,beyond_rank_cut,False,True,False
S1-343686126,S3-725194522,beyond_rank_cut,False,True,False
S1-416639208,S3-256747534,beyond_rank_cut,False,True,False
S1-773620409,S3-239636657,no_shared_term,False,False,False
S1-969598415,S2-665330552,no_shared_term,False,False,False
S1-159153358,S3-5285582,beyond_rank_cut,False,True,False
S1-735225389,S3-377489320,no_shared_term,False,False,False
S1-36392839,S2-691029518,no_shared_term,False,False,False
S1-823684590,S3-795487416,no_shared_term,False,False,False
S1-77671604,S3-71210513,beyond_rank_cut,False,True,False
S1-851712140,S3-101498688,no_shared_term,False,False,False
S1-720497262,S3-43458949,beyond_rank_cut,False,True,False
S1-473107011,S3-661700569,beyond_rank_cut,False,True,False
S1-873821619,S2-116135534,no_shared_term,False,False,False
S1-730028252,S3-6794456,beyond_rank_cut,False,True,False
S1-340767711,S3-310039178,no_shared_term,False,False,False
S1-311060686,S3-458624545,beyond_rank_cut,False,True,False
S1-641986168,S2-477594424,no_shared_term,False,False,False
S1-295299833,S2-177574647,beyond_rank_cut,False,True,False
S1-783208409,S3-743418736,beyond_rank_cut,False,True,False
S1-416036297,S3-255024063,beyond_rank_cut,False,True,False
S1-535956135,S3-649113093,no_shared_term,False,False,False
S1-98333818,S2-299745108,beyond_rank_cut,False,True,False
S1-113158169,S3-406170345,beyond_rank_cut,False,True,False
S1-785469107,S3-166031735,beyond_rank_cut,False,True,False
S1-100205936,S2-604921833,beyond_rank_cut,False,True,False
S1-100205936,S3-315742995,beyond_rank_cut,False,True,False
S1-946727523,S3-381621590,beyond_rank_cut,False,True,False
S1-536418065,S2-886052994,beyond_rank_cut,False,True,False
S1-477539624,S2-567680516,beyond_rank_cut,False,True,False
S1-667036460,S3-264441289,no_shared_term,False,False,False
S1-667036460,S3-545105092,no_shared_term,False,False,False
S1-795551334,S3-446877719,beyond_rank_cut,False,True,False
S1-795551334,S3-534660814,beyond_rank_cut,False,True,False
S1-52060165,S3-325380218,beyond_rank_cut,False,True,False
S1-330568869,S3-324961980,beyond_rank_cut,False,True,False
S1-330568869,S3-887972380,beyond_rank_cut,False,True,False
S1-330568869,S3-92955147,beyond_rank_cut,False,True,False
S1-687277968,S2-964646020,beyond_rank_cut,False,True,False
S1-671624213,S2-61103195,beyond_rank_cut,False,True,False
S1-671624213,S3-852147733,beyond_rank_cut,False,True,False
S1-278913380,S3-740033945,beyond_rank_cut,False,True,False
S1-733431484,S3-193333638,beyond_rank_cut,False,True,False
S1-619298346,S3-104531519,beyond_rank_cut,False,True,False
S1-619298346,S3-394944794,beyond_rank_cut,False,True,False
S1-744015184,S2-112967400,beyond_rank_cut,False,True,False
S1-226122993,S3-982183439,beyond_rank_cut,False,True,False
S1-322820969,S2-687769898,no_shared_term,False,False,False
S1-322820969,S3-648668873,beyond_rank_cut,False,True,False
S1-322820969,S3-907568703,no_shared_term,False,False,False
S1-663608994,S2-219214666,no_shared_term,False,False,False
S1-663608994,S2-313249346,no_shared_term,False,False,False
S1-663608994,S3-603505436,no_shared_term,False,False,False
S1-729888132,S3-19995063,beyond_rank_cut,False,True,False
S1-134590781,S3-950755968,beyond_rank_cut,False,True,False
S1-802356663,S3-211055488,beyond_rank_cut,False,True,False
S1-802356663,S3-304851297,beyond_rank_cut,False,True,False
S1-802356663,S3-703473873,beyond_rank_cut,False,True,False
S1-530499051,S3-326176544,beyond_rank_cut,False,True,False
S1-530499051,S3-821679553,beyond_rank_cut,False,True,False
S1-373802442,S3-551327430,no_shared_term,False,False,False
S1-373802442,S3-850750073,beyond_rank_cut,False,True,False
S1-402142538,S3-470158957,beyond_rank_cut,False,True,False
S1-510830374,S2-948908919,beyond_rank_cut,False,True,False
S1-212526880,S3-336805892,beyond_rank_cut,False,True,False
S1-212526880,S3-510761984,no_shared_term,False,False,False
S1-389124033,S2-740583034,beyond_rank_cut,False,True,False
S1-23364707,S3-322965242,beyond_rank_cut,False,True,False
S1-195519639,S2-496576285,beyond_rank_cut,False,True,False
S1-500759778,S3-153718457,no_shared_term,False,False,False
S1-598531375,S2-694534988,beyond_rank_cut,False,True,False
S1-849572883,S2-522116042,beyond_rank_cut,False,True,False
S1-849572883,S3-362949005,beyond_rank_cut,False,True,False
S1-849572883,S3-827110383,beyond_rank_cut,False,True,False
S1-594053730,S3-522138437,no_shared_term,False,False,False
S1-594053730,S3-904479673,no_shared_term,False,False,False
S1-428025282,S2-652014716,no_shared_term,False,False,False
S1-428025282,S3-446878602,beyond_rank_cut,False,True,False
S1-151172058,S2-492711351,no_shared_term,False,False,False
S1-820725465,S3-558223118,no_shared_term,False,False,False
S1-437976447,S2-379383613,no_shared_term,False,False,False
S1-551774910,S2-202011294,no_shared_term,False,False,False
S1-707826661,S2-602945769,no_shared_term,False,False,False
S1-707826661,S3-593119213,no_shared_term,False,False,False
S1-811292775,S2-212027515,beyond_rank_cut,False,True,False
S1-811292775,S3-372161627,beyond_rank_cut,False,True,False
S1-785580988,S3-786176983,beyond_rank_cut,False,True,False
S1-213375151,S3-478503651,no_shared_term,False,False,False
S1-213375151,S3-555808237,no_shared_term,False,False,False
S1-213375151,S3-571046374,no_shared_term,False,False,False
S1-929098378,S3-318434445,beyond_rank_cut,False,True,False
S1-328241033,S3-109116584,beyond_rank_cut,False,True,False
S1-951159035,S2-875950440,beyond_rank_cut,False,True,False
S1-193105712,S3-919538467,beyond_rank_cut,False,True,False
S1-831090227,S3-261533299,beyond_rank_cut,False,True,False
S1-831090227,S3-9648333,beyond_rank_cut,False,True,False
S1-52019867,S2-708176621,beyond_rank_cut,False,True,False
S1-517285504,S3-120567418,beyond_rank_cut,False,True,False
S1-648477000,S3-983795008,beyond_rank_cut,False,True,False
S1-13510015,S3-756804216,beyond_rank_cut,False,True,False
S1-13510015,S3-81097449,beyond_rank_cut,False,True,False
S1-749113281,S3-493804212,beyond_rank_cut,False,True,False
S1-749113281,S3-762468475,no_shared_term,False,False,False
S1-455907853,S3-675264238,no_shared_term,False,False,False
S1-210161449,S3-964394532,no_shared_term,False,False,False
S1-428304949,S3-366843674,beyond_rank_cut,False,True,False
S1-132453424,S2-134762909,beyond_rank_cut,False,True,False
S1-132453424,S2-558972446,beyond_rank_cut,False,True,False
S1-132453424,S3-607011577,beyond_rank_cut,False,True,False
S1-964237457,S3-762875595,beyond_rank_cut,False,True,False
S1-464474265,S2-391981660,no_shared_term,False,False,False
S1-464474265,S2-757471484,no_shared_term,False,False,False
S1-310412511,S2-49032024,beyond_rank_cut,False,True,False
S1-469263413,S2-651100535,beyond_rank_cut,False,True,False
S1-469263413,S3-523122277,beyond_rank_cut,False,True,False
S1-500323246,S2-246114231,beyond_rank_cut,False,True,False
S1-500323246,S3-583810681,beyond_rank_cut,False,True,False
S1-630549984,S2-636808110,no_shared_term,False,False,False
S1-630549984,S3-44009665,beyond_rank_cut,False,True,False
S1-490177211,S3-499201354,beyond_rank_cut,False,True,False
S1-718297271,S3-978945280,beyond_rank_cut,False,True,False
S1-398313808,S3-939031711,beyond_rank_cut,False,True,False
S1-194852983,S3-691062111,beyond_rank_cut,False,True,False
S1-335587529,S3-883186683,beyond_rank_cut,False,True,False
S1-560670911,S3-248148992,no_shared_term,False,False,False
S1-139771186,S2-198152550,beyond_rank_cut,False,True,False
S1-896378517,S3-928327491,no_shared_term,False,False,False
S1-224183067,S3-288718418,beyond_rank_cut,False,True,False
S1-224183067,S3-387371084,beyond_rank_cut,False,True,False
S1-181904291,S2-143708497,no_shared_term,False,False,False
S1-181904291,S3-954157466,beyond_rank_cut,False,True,False
S1-225034030,S2-274271300,beyond_rank_cut,False,True,False
S1-904628742,S2-239173306,no_shared_term,False,False,False
S1-226659701,S3-633862850,no_shared_term,False,False,False
S1-611228405,S3-323051827,beyond_rank_cut,False,True,False
S1-874455312,S2-173021351,beyond_rank_cut,False,True,False
S1-828254221,S2-100456888,beyond_rank_cut,False,True,False
S1-256096631,S3-135404495,no_shared_term,False,False,False
S1-256096631,S3-400610438,beyond_rank_cut,False,True,False
S1-304040786,S2-702556775,no_shared_term,False,False,False
S1-351715181,S3-827821454,beyond_rank_cut,False,True,False
S1-4211020,S3-331293417,beyond_rank_cut,False,True,False
S1-98711099,S3-15581748,beyond_rank_cut,False,True,False
S1-544044264,S2-715635799,beyond_rank_cut,False,True,False
S1-439210182,S2-267392874,no_shared_term,False,False,False
S1-965665309,S3-298517540,beyond_rank_cut,False,True,False
S1-965665309,S3-696975243,beyond_rank_cut,False,True,False
S1-150559645,S2-345331852,beyond_rank_cut,False,True,False
S1-908949759,S3-652191981,beyond_rank_cut,False,True,False
S1-343844062,S2-803999110,beyond_rank_cut,False,True,False
S1-524741076,S2-67109084,beyond_rank_cut,False,True,False
S1-27754603,S2-957259676,beyond_rank_cut,False,True,False
S1-27754603,S3-692127426,beyond_rank_cut,False,True,False
S1-666246273,S3-251483589,no_shared_term,False,False,False
S1-569360435,S2-724413588,no_shared_term,False,False,False
S1-569360435,S2-725319097,no_shared_term,False,False,False
S1-569360435,S3-783567429,no_shared_term,False,False,False
S1-593546318,S3-960599595,beyond_rank_cut,False,True,False
S1-22022896,S3-102459331,beyond_rank_cut,False,True,False
S1-406871045,S3-201635143,beyond_rank_cut,False,True,False
S1-212584365,S2-119714994,no_shared_term,False,False,False
S1-212584365,S2-957013254,no_shared_term,False,False,False
S1-858496212,S2-178837426,beyond_rank_cut,False,True,False
S1-95863952,S2-228861161,no_shared_term,False,False,False
S1-95863952,S3-881612895,beyond_rank_cut,False,True,False
S1-263744089,S2-165557573,no_shared_term,False,False,False
S1-898753224,S2-18356819,beyond_rank_cut,False,True,False
S1-898753224,S2-504068217,beyond_rank_cut,False,True,False
S1-682965024,S2-695910283,beyond_rank_cut,False,True,False
S1-21198250,S3-986880970,beyond_rank_cut,False,True,False
S1-372682093,S3-453921960,beyond_rank_cut,False,True,False
S1-417329459,S2-39134815,no_shared_term,False,False,False
S1-417329459,S2-692133317,no_shared_term,False,False,False
S1-603480663,S2-851027271,beyond_rank_cut,False,True,False
S1-570875926,S3-643128894,no_shared_term,False,False,False
S1-867369132,S3-877394170,beyond_rank_cut,False,True,False
S1-286626856,S2-145185092,no_shared_term,False,False,False
S1-286626856,S2-891325335,no_shared_term,False,False,False
S1-447078861,S2-597872067,no_shared_term,False,False,False
S1-483125170,S2-50912904,no_shared_term,False,False,False
S1-250920323,S3-82554559,beyond_rank_cut,False,True,False
S1-741534193,S2-389596953,beyond_rank_cut,False,True,False
S1-784084881,S3-130604515,beyond_rank_cut,False,True,False
S1-51593652,S2-814425870,no_shared_term,False,False,False
S1-977174360,S2-522160993,beyond_rank_cut,False,True,False
S1-596641788,S2-689732335,no_shared_term,False,False,False
S1-741182361,S2-76577282,no_shared_term,False,False,False
S1-631823488,S3-705076266,no_shared_term,False,False,False
S1-494157304,S3-601546694,beyond_rank_cut,False,True,False
S1-59130968,S3-365715494,beyond_rank_cut,False,True,False
S1-714523324,S2-737144099,no_shared_term,False,False,False
S1-760547353,S3-664625478,beyond_rank_cut,False,True,False
S1-760547353,S3-804715453,beyond_rank_cut,False,True,False
S1-493019915,S2-145411411,beyond_rank_cut,False,True,False
S1-493019915,S2-280661433,beyond_rank_cut,False,True,False
S1-493019915,S3-195637134,beyond_rank_cut,False,True,False
S1-758364115,S2-979521102,no_shared_term,False,False,False
S1-758364115,S3-128144499,beyond_rank_cut,False,True,False
S1-758364115,S3-200114767,no_shared_term,False,False,False
S1-300665457,S2-723717881,beyond_rank_cut,False,True,False
S1-300665457,S3-299949348,beyond_rank_cut,False,True,False
S1-999402621,S2-866523235,beyond_rank_cut,False,True,False
S1-494205640,S3-611017929,no_shared_term,False,False,False
S1-251728421,S3-582669557,no_shared_term,False,False,False
S1-122991858,S2-389748254,beyond_rank_cut,False,True,False
S1-532931598,S2-430284786,beyond_rank_cut,False,True,False
S1-532931598,S3-328232622,beyond_rank_cut,False,True,False
S1-342692898,S2-104622643,no_shared_term,False,False,False
S1-378453217,S2-820200323,beyond_rank_cut,False,True,False
S1-135715940,S3-929173946,beyond_rank_cut,False,True,False
S1-545540477,S3-290169135,beyond_rank_cut,False,True,False
S1-571990918,S3-126923445,beyond_rank_cut,False,True,False
S1-183798516,S2-65327875,beyond_rank_cut,False,True,False
S1-733502215,S2-354847926,beyond_rank_cut,False,True,False
S1-733502215,S3-818229107,beyond_rank_cut,False,True,False
S1-110357155,S3-107871562,no_shared_term,False,False,False
S1-110357155,S3-754662559,no_shared_term,False,False,False
S1-844969413,S2-104693075,no_shared_term,False,False,False
S1-844969413,S2-285268746,no_shared_term,False,False,False
S1-183093408,S2-70279191,beyond_rank_cut,False,True,False
S1-742779763,S2-969265491,beyond_rank_cut,False,True,False
S1-311459095,S3-112824139,beyond_rank_cut,False,True,False
S1-934084101,S3-90246138,no_shared_term,False,False,False
S1-714663757,S3-825722869,beyond_rank_cut,False,True,False
S1-861141775,S3-413867186,beyond_rank_cut,False,True,False
S1-861141775,S3-430340319,beyond_rank_cut,False,True,False
S1-861141775,S3-905769364,beyond_rank_cut,False,True,False
S1-697534581,S2-707036900,beyond_rank_cut,False,True,False
S1-697534581,S3-14907774,beyond_rank_cut,False,True,False
S1-697534581,S3-209253069,beyond_rank_cut,False,True,False
S1-697534581,S3-331747555,beyond_rank_cut,False,True,False
S1-844711658,S2-599440850,beyond_rank_cut,False,True,False
S1-844711658,S3-175717262,beyond_rank_cut,False,True,False
S1-806128333,S3-690641296,beyond_rank_cut,False,True,False
S1-434556939,S3-1863582,beyond_rank_cut,False,True,False
S1-434556939,S3-600216041,beyond_rank_cut,False,True,False
S1-434556939,S3-789962587,no_shared_term,False,False,False
S1-172131209,S2-5275338,beyond_rank_cut,False,True,False
S1-523645619,S3-459600362,beyond_rank_cut,False,True,False
S1-676343594,S2-264519036,no_shared_term,False,False,False
S1-676343594,S3-760982893,no_shared_term,False,False,False
S1-529169135,S2-514419751,no_shared_term,False,False,False
S1-544352297,S2-651305604,beyond_rank_cut,False,True,False
S1-544352297,S3-174234255,beyond_rank_cut,False,True,False
S1-204815016,S2-861750527,beyond_rank_cut,False,True,False
S1-357673087,S2-107024274,beyond_rank_cut,False,True,False
S1-357673087,S2-504565052,beyond_rank_cut,False,True,False
S1-691370350,S2-878881612,beyond_rank_cut,False,True,False
S1-254641296,S2-467846711,no_shared_term,False,False,False
S1-254641296,S3-255755224,beyond_rank_cut,False,True,False
S1-175410405,S3-590360939,beyond_rank_cut,False,True,False
S1-780552224,S2-628230417,beyond_rank_cut,False,True,False
S1-817205791,S2-660033485,beyond_rank_cut,False,True,False
S1-557896520,S2-186628049,beyond_rank_cut,False,True,False
S1-557896520,S3-550992898,beyond_rank_cut,False,True,False
S1-710544714,S2-816565908,beyond_rank_cut,False,True,False
S1-812123626,S3-713164141,beyond_rank_cut,False,True,False
S1-456678743,S3-123001577,no_shared_term,False,False,False
S1-456678743,S3-174170454,no_shared_term,False,False,False
S1-90720449,S2-687150119,beyond_rank_cut,False,True,False
S1-886609253,S2-770869819,beyond_rank_cut,False,True,False
S1-952350054,S2-165042427,no_shared_term,False,False,False
S1-849982788,S2-91369948,beyond_rank_cut,False,True,False
S1-576183618,S3-349069772,beyond_rank_cut,False,True,False
S1-246634112,S2-179760878,beyond_rank_cut,False,True,False
S1-246634112,S2-210215276,beyond_rank_cut,False,True,False
S1-246634112,S2-367614757,beyond_rank_cut,False,True,False
S1-246634112,S2-968532474,beyond_rank_cut,False,True,False
S1-319400437,S2-512801572,beyond_rank_cut,False,True,False
S1-882852425,S2-824802171,beyond_rank_cut,False,True,False
S1-713360588,S2-347961544,no_shared_term,False,False,False
S1-30119407,S3-683539768,beyond_rank_cut,False,True,False
S1-107660628,S2-517341084,beyond_rank_cut,False,True,False
S1-855624225,S2-964260936,beyond_rank_cut,False,True,False
S1-472272173,S3-945400881,beyond_rank_cut,False,True,False
S1-472272173,S3-9761005,beyond_rank_cut,False,True,False
S1-661462458,S2-53199141,beyond_rank_cut,False,True,False
S1-704981432,S3-103732351,beyond_rank_cut,False,True,False
S1-279079441,S2-281478021,beyond_rank_cut,False,True,False
S1-791886570,S3-536284191,no_shared_term,False,False,False
S1-209944120,S3-423540188,beyond_rank_cut,False,True,False
S1-860775256,S3-144958431,beyond_rank_cut,False,True,False
S1-984476715,S3-326476730,beyond_rank_cut,False,True,False
S1-774875542,S3-136044391,beyond_rank_cut,False,True,False
S1-20651564,S3-256610927,no_shared_term,False,False,False
S1-20651564,S3-860946403,no_shared_term,False,False,False
S1-336888486,S2-822086354,beyond_rank_cut,False,True,False
S1-19913832,S3-788308299,beyond_rank_cut,False,True,False
S1-91782405,S3-656283584,beyond_rank_cut,False,True,False
S1-865306251,S2-723725091,beyond_rank_cut,False,True,False
S1-250600921,S2-410582988,beyond_rank_cut,False,True,False
S1-790823671,S3-224320908,no_shared_term,False,False,False
S1-155191994,S2-261958743,no_shared_term,False,False,False
S1-155191994,S3-666193583,beyond_rank_cut,False,True,False
S1-993092866,S3-499946130,beyond_rank_cut,False,True,False
S1-142849804,S2-775577142,no_shared_term,False,False,False
S1-234278702,S2-752270137,beyond_rank_cut,False,True,False
S1-370163680,S3-484902397,beyond_rank_cut,False,True,False
S1-607256600,S2-918746879,beyond_rank_cut,False,True,False
S1-99349501,S2-675612853,beyond_rank_cut,False,True,False
S1-997427168,S2-105386756,no_shared_term,False,False,False
S1-765257044,S2-502343715,beyond_rank_cut,False,True,False
S1-449669404,S3-280142844,beyond_rank_cut,False,True,False
S1-776745155,S3-274347544,beyond_rank_cut,False,True,False
S1-773740601,S3-636438811,beyond_rank_cut,False,True,False
S1-631815065,S2-174547395,beyond_rank_cut,False,True,False
S1-275536225,S2-175745284,no_shared_term,False,False,False
S1-40141640,S3-907501560,beyond_rank_cut,False,True,False
S1-251137752,S3-462889483,beyond_rank_cut,False,True,False
S1-101064147,S3-439129582,beyond_rank_cut,False,True,False
S1-375231962,S3-258100006,beyond_rank_cut,False,True,False
S1-582048555,S3-100909213,beyond_rank_cut,False,True,False
S1-582048555,S3-523286124,beyond_rank_cut,False,True,False
S1-990706317,S3-130496383,beyond_rank_cut,False,True,False
S1-625917150,S2-717041653,beyond_rank_cut,False,True,False
S1-625917150,S3-752640526,beyond_rank_cut,False,True,False
S1-995353349,S3-613068184,no_shared_term,False,False,False
S1-408960655,S3-473036417,beyond_rank_cut,False,True,False
S1-769395229,S3-224855666,beyond_rank_cut,False,True,False
S1-842156928,S3-81510358,beyond_rank_cut,False,True,False
S1-661361868,S2-688101636,no_shared_term,False,False,False
S1-661361868,S3-319471562,no_shared_term,False,False,False
S1-486307963,S3-34601497,beyond_rank_cut,False,True,False
S1-445893242,S3-143866823,beyond_rank_cut,False,True,False
S1-329049592,S3-517940684,beyond_rank_cut,False,True,False
S1-329049592,S3-77081306,no_shared_term,False,False,False
S1-626527455,S3-180190718,beyond_rank_cut,False,True,False
S1-626527455,S3-343592828,no_shared_term,False,False,False
S1-626527455,S3-491191457,beyond_rank_cut,False,True,False
S1-177736323,S2-634968150,beyond_rank_cut,False,True,False
S1-716363081,S3-770289309,beyond_rank_cut,False,True,False
S1-74009606,S3-453380029,beyond_rank_cut,False,True,False
S1-10837647,S2-874585977,no_shared_term,False,False,False
S1-10837647,S3-883127974,no_shared_term,False,False,False
S1-450614013,S3-202696780,beyond_rank_cut,False,True,False
S1-717568717,S3-828629728,beyond_rank_cut,False,True,False
S1-586634783,S3-110319068,no_shared_term,False,False,False
S1-756245253,S2-60020447,beyond_rank_cut,False,True,False
S1-729636021,S3-567816945,beyond_rank_cut,False,True,False
S1-511734462,S3-177596867,beyond_rank_cut,False,True,False
S1-511734462,S3-938573305,beyond_rank_cut,False,True,False
S1-910863537,S3-839993500,no_shared_term,False,False,False
S1-252889153,S3-941372115,beyond_rank_cut,False,True,False
S1-156257453,S3-318847634,no_shared_term,False,False,False
S1-615470168,S3-304045646,beyond_rank_cut,False,True,False
S1-562056516,S2-499896833,beyond_rank_cut,False,True,False
S1-943898906,S3-921175342,beyond_rank_cut,False,True,False
S1-691388835,S2-299495425,beyond_rank_cut,False,True,False
S1-89121855,S3-704135989,beyond_rank_cut,False,True,False
S1-89121855,S3-745283079,beyond_rank_cut,False,True,False
S1-758793225,S2-931379348,no_shared_term,False,False,False
S1-289169954,S2-106991849,beyond_rank_cut,False,True,False
S1-289169954,S2-543568057,beyond_rank_cut,False,True,False
S1-854635478,S2-19346458,beyond_rank_cut,False,True,False
S1-874817672,S3-57316988,beyond_rank_cut,False,True,False
S1-653804538,S2-30668428,beyond_rank_cut,False,True,False
S1-699780511,S3-130842292,no_shared_term,False,False,False
S1-767620452,S3-530081001,no_shared_term,False,False,False
S1-767620452,S3-963011695,no_shared_term,False,False,False
S1-700682251,S2-928336067,no_shared_term,False,False,False
S1-942886849,S3-880252901,beyond_rank_cut,False,True,False
S1-243176331,S3-294880110,beyond_rank_cut,False,True,False
S1-575470686,S3-614816893,beyond_rank_cut,False,True,False
S1-575470686,S3-729695522,beyond_rank_cut,False,True,False
S1-403634088,S3-444185905,beyond_rank_cut,False,True,False
S1-31416209,S2-348030988,no_shared_term,False,False,False
S1-275697039,S3-568136296,beyond_rank_cut,False,True,False
S1-350983363,S2-143280886,beyond_rank_cut,False,True,False
S1-308877358,S3-222584725,beyond_rank_cut,False,True,False
S1-599457732,S3-805049834,no_shared_term,False,False,False
S1-473576864,S3-257421895,beyond_rank_cut,False,True,False
S1-400152172,S3-770932580,beyond_rank_cut,False,True,False
S1-139416447,S2-733478225,beyond_rank_cut,False,True,False
S1-401007841,S3-18680428,no_shared_term,False,False,False
S1-141290589,S3-267178364,beyond_rank_cut,False,True,False
S1-203115216,S3-736887848,no_shared_term,False,False,False
S1-307029005,S2-255300599,beyond_rank_cut,False,True,False
S1-558109106,S3-625620839,no_shared_term,False,False,False
S1-105762345,S2-155205775,beyond_rank_cut,False,True,False
S1-441190976,S2-196155884,no_shared_term,False,False,False
S1-329383958,S3-433057423,no_shared_term,False,False,False
S1-700399363,S3-148021260,no_shared_term,False,False,False
S1-733553750,S3-656956737,beyond_rank_cut,False,True,False
S1-349405285,S3-292756446,beyond_rank_cut,False,True,False
S1-582538165,S2-57055152,beyond_rank_cut,False,True,False
S1-777158928,S3-41369159,beyond_rank_cut,False,True,False
S1-490706167,S2-945954555,beyond_rank_cut,False,True,False
S1-109687317,S3-12354909,beyond_rank_cut,False,True,False
S1-109687317,S3-244814838,beyond_rank_cut,False,True,False
S1-414700788,S2-175524844,beyond_rank_cut,False,True,False
S1-766013351,S2-761014367,no_shared_term,False,False,False
S1-414423122,S2-186974319,beyond_rank_cut,False,True,False
S1-397179703,S3-286781579,beyond_rank_cut,False,True,False
S1-397179703,S3-423930665,beyond_rank_cut,False,True,False
S1-397179703,S3-570259309,beyond_rank_cut,False,True,False
S1-122469423,S2-309828223,beyond_rank_cut,False,True,False
S1-122469423,S2-431320776,no_shared_term,False,False,False
S1-122469423,S2-519701256,beyond_rank_cut,False,True,False
S1-291950710,S2-967400352,no_shared_term,False,False,False
S1-532684153,S2-516573022,beyond_rank_cut,False,True,False
S1-320448064,S3-715365705,beyond_rank_cut,False,True,False
S1-787709117,S3-849106980,no_shared_term,False,False,False
S1-418084721,S3-838845325,no_shared_term,False,False,False
S1-169808242,S2-935102541,no_shared_term,False,False,False
S1-662880567,S2-100121900,beyond_rank_cut,False,True,False
S1-662880567,S2-818461635,beyond_rank_cut,False,True,False
S1-701914431,S3-829065118,beyond_rank_cut,False,True,False
S1-511430141,S2-244060749,no_shared_term,False,False,False
S1-43102137,S2-966072989,beyond_rank_cut,False,True,False
S1-722180697,S2-580602779,no_shared_term,False,False,False
S1-748324727,S3-394310989,beyond_rank_cut,False,True,False
S1-97072579,S2-255993171,beyond_rank_cut,False,True,False
S1-97072579,S2-392238769,beyond_rank_cut,False,True,False
S1-97072579,S2-793248064,beyond_rank_cut,False,True,False
S1-64172484,S3-73328756,no_shared_term,False,False,False
S1-64172484,S3-992804070,no_shared_term,False,False,False
S1-902313379,S2-265571531,no_shared_term,False,False,False
S1-631747956,S3-922221953,no_shared_term,False,False,False
S1-163597842,S3-947643337,beyond_rank_cut,False,True,False
S1-343025878,S3-403800547,no_shared_term,False,False,False
S1-713361385,S3-641483492,beyond_rank_cut,False,True,False
S1-446960323,S3-900104757,beyond_rank_cut,False,True,False
S1-682186235,S3-47988869,no_shared_term,False,False,False
S1-892811627,S2-206741018,beyond_rank_cut,False,True,False
S1-604692614,S3-432219283,beyond_rank_cut,False,True,False
S1-865860595,S2-411889195,beyond_rank_cut,False,True,False
S1-299597464,S3-814259777,beyond_rank_cut,False,True,False
S1-893657440,S2-180204426,beyond_rank_cut,False,True,False
S1-893657440,S3-225615802,beyond_rank_cut,False,True,False
S1-893657440,S3-840208350,no_shared_term,False,False,False
S1-730245397,S2-694546109,no_shared_term,False,False,False
S1-730245397,S3-556645405,no_shared_term,False,False,False
S1-134831983,S2-954451743,beyond_rank_cut,False,True,False
S1-350177784,S2-325497998,beyond_rank_cut,False,True,False
S1-133093664,S3-665849001,beyond_rank_cut,False,True,False
S1-879337816,S3-924466141,beyond_rank_cut,False,True,False
S1-460691767,S3-442462471,beyond_rank_cut,False,True,False
S1-80327748,S2-541894240,beyond_rank_cut,False,True,False
S1-80327748,S3-414014590,beyond_rank_cut,False,True,False
S1-717931207,S3-386928425,beyond_rank_cut,False,True,False
S1-449766095,S2-623460648,no_shared_term,False,False,False
S1-665485320,S3-619309660,beyond_rank_cut,False,True,False
S1-588183807,S2-738371808,beyond_rank_cut,False,True,False
S1-828094863,S3-392773087,no_shared_term,False,False,False
S1-48271072,S3-206471518,no_shared_term,False,False,False
S1-48271072,S3-929777845,no_shared_term,False,False,False
S1-206050123,S2-411244176,beyond_rank_cut,False,True,False
S1-206050123,S2-571579819,beyond_rank_cut,False,True,False
S1-958377429,S2-883554122,no_shared_term,False,False,False
S1-958377429,S2-911062430,no_shared_term,False,False,False
S1-489328882,S3-370053430,no_shared_term,False,False,False
S1-274992651,S3-860642621,no_shared_term,False,False,False
S1-274992651,S3-885244857,beyond_rank_cut,False,True,False
S1-998296095,S2-286672397,beyond_rank_cut,False,True,False
S1-451000181,S2-77434672,no_shared_term,False,False,False
S1-451000181,S2-970718005,no_shared_term,False,False,False
S1-979224571,S3-176190518,beyond_rank_cut,False,True,False
S1-285087432,S2-474786861,beyond_rank_cut,False,True,False
S1-86412936,S2-126042401,beyond_rank_cut,False,True,False
S1-86412936,S2-726525286,beyond_rank_cut,False,True,False
S1-803648090,S3-975656727,beyond_rank_cut,False,True,False
S1-127317649,S2-71019111,beyond_rank_cut,False,True,False
S1-799347260,S3-17999578,beyond_rank_cut,False,True,False
S1-153824961,S3-239385602,beyond_rank_cut,False,True,False
S1-557883369,S3-365206105,beyond_rank_cut,False,True,False
S1-582548338,S3-286451002,beyond_rank_cut,False,True,False
S1-184579060,S3-740324159,beyond_rank_cut,False,True,False
S1-911533382,S2-954486267,beyond_rank_cut,False,True,False
S1-78104785,S3-667242434,beyond_rank_cut,False,True,False
S1-696006519,S2-891782273,no_shared_term,False,False,False
S1-696006519,S3-75745442,beyond_rank_cut,False,True,False
S1-881783853,S3-644675963,beyond_rank_cut,False,True,False
S1-639978408,S2-816646083,beyond_rank_cut,False,True,False
S1-614939652,S3-647356437,beyond_rank_cut,False,True,False
S1-987088437,S2-655939751,no_shared_term,False,False,False
S1-987088437,S3-323677962,beyond_rank_cut,False,True,False
S1-516342420,S2-932439171,beyond_rank_cut,False,True,False
S1-369700526,S2-429612800,beyond_rank_cut,False,True,False
S1-538785137,S3-727496021,beyond_rank_cut,False,True,False
S1-855214205,S3-304223849,beyond_rank_cut,False,True,False
S1-986568975,S2-840549843,beyond_rank_cut,False,True,False
S1-103525080,S2-19073756,beyond_rank_cut,False,True,False
S1-901299967,S2-687325518,beyond_rank_cut,False,True,False
S1-804311589,S3-942613726,beyond_rank_cut,False,True,False
S1-804311589,S3-96740421,beyond_rank_cut,False,True,False
S1-938964243,S3-732524842,no_shared_term,False,False,False
S1-974425547,S2-453511095,beyond_rank_cut,False,True,False
S1-208891086,S2-991883232,no_shared_term,False,False,False
S1-857981973,S3-800236404,beyond_rank_cut,False,True,False
S1-857981973,S3-973282277,beyond_rank_cut,False,True,False
S1-347067846,S2-476219756,no_shared_term,False,False,False
S1-347067846,S3-959301030,beyond_rank_cut,False,True,False
S1-625402714,S2-388902263,beyond_rank_cut,False,True,False
S1-89378702,S3-654459589,beyond_rank_cut,False,True,False
S1-6775539,S2-91935961,beyond_rank_cut,False,True,False
S1-93165401,S2-606892348,beyond_rank_cut,False,True,False
S1-648965659,S3-681527233,beyond_rank_cut,False,True,False
S1-444838698,S2-965838145,no_shared_term,False,False,False
S1-477898054,S2-892608942,no_shared_term,False,False,False
S1-991913750,S3-371823728,beyond_rank_cut,False,True,False
S1-383321755,S3-753018668,beyond_rank_cut,False,True,False
S1-341096846,S3-123267104,beyond_rank_cut,False,True,False
S1-282555412,S3-894196550,beyond_rank_cut,False,True,False
S1-551979170,S3-509702028,beyond_rank_cut,False,True,False
S1-36575761,S3-270355418,beyond_rank_cut,False,True,False
S1-36575761,S3-959397668,beyond_rank_cut,False,True,False
S1-251417790,S2-564500091,beyond_rank_cut,False,True,False
S1-251417790,S3-273677289,no_shared_term,False,False,False
S1-843814050,S3-531037991,beyond_rank_cut,False,True,False
S1-43563933,S3-38880979,beyond_rank_cut,False,True,False
S1-43563933,S3-654415089,no_shared_term,False,False,False
S1-43563933,S3-761709044,beyond_rank_cut,False,True,False
S1-513591700,S3-139867191,no_shared_term,False,False,False
S1-744210061,S3-354004768,beyond_rank_cut,False,True,False
S1-744210061,S3-886066746,beyond_rank_cut,False,True,False
S1-379457697,S3-497213333,beyond_rank_cut,False,True,False
S1-895103666,S2-350769006,beyond_rank_cut,False,True,False
S1-335675664,S3-313162916,beyond_rank_cut,False,True,False
S1-580431789,S3-614931311,no_shared_term,False,False,False
S1-907597971,S2-263790131,no_shared_term,False,False,False
S1-907597971,S2-312542747,no_shared_term,False,False,False
S1-429918481,S3-828627826,beyond_rank_cut,False,True,False
S1-336562639,S3-111612187,beyond_rank_cut,False,True,False
S1-79986102,S2-649248230,beyond_rank_cut,False,True,False
S1-392619447,S3-49354913,beyond_rank_cut,False,True,False
S1-930493236,S3-943593147,beyond_rank_cut,False,True,False
S1-581262820,S2-604636861,no_shared_term,False,False,False
S1-391346393,S3-527781874,beyond_rank_cut,False,True,False
S1-75692134,S2-856376762,beyond_rank_cut,False,True,False
S1-250125473,S3-7834958,beyond_rank_cut,False,True,False
S1-208159098,S2-373821581,beyond_rank_cut,False,True,False
S1-905434609,S2-356206381,no_shared_term,False,False,False
S1-905434609,S2-878900082,no_shared_term,False,False,False
S1-905434609,S3-508321121,no_shared_term,False,False,False
S1-257533713,S2-213403314,no_shared_term,False,False,False
S1-257533713,S3-211505315,beyond_rank_cut,False,True,False
S1-341591140,S3-240647969,beyond_rank_cut,False,True,False
S1-868376352,S3-397494945,beyond_rank_cut,False,True,False
S1-573110572,S2-795271156,beyond_rank_cut,False,True,False
S1-79775422,S2-527880140,beyond_rank_cut,False,True,False
S1-806308883,S3-189519365,beyond_rank_cut,False,True,False
S1-317481092,S3-918453120,no_shared_term,False,False,False
S1-307311148,S3-402564899,beyond_rank_cut,False,True,False
S1-735945678,S3-618512155,no_shared_term,False,False,False
S1-609784381,S2-733189552,beyond_rank_cut,False,True,False
S1-554504870,S2-552956609,beyond_rank_cut,False,True,False
S1-127039631,S2-962351837,beyond_rank_cut,False,True,False
S1-262929266,S3-552116413,beyond_rank_cut,False,True,False
S1-779057217,S3-984632990,beyond_rank_cut,False,True,False
S1-544995606,S3-769780526,beyond_rank_cut,False,True,False
S1-975525634,S3-590476829,beyond_rank_cut,False,True,False
S1-193016475,S3-305681058,beyond_rank_cut,False,True,False
S1-425069939,S2-572968030,beyond_rank_cut,False,True,False
S1-961495282,S3-818135487,beyond_rank_cut,False,True,False
S1-860989196,S2-915695318,beyond_rank_cut,False,True,False
S1-99936386,S3-642279861,beyond_rank_cut,False,True,False
S1-964331442,S2-377866474,beyond_rank_cut,False,True,False
S1-344547588,S2-671707568,no_shared_term,False,False,False
S1-79226758,S2-851651823,beyond_rank_cut,False,True,False
S1-404818997,S2-991238802,beyond_rank_cut,False,True,False
S1-417275957,S2-48023306,beyond_rank_cut,False,True,False
S1-213066850,S3-837409056,no_shared_term,False,False,False
S1-596197010,S3-416592154,beyond_rank_cut,False,True,False
S1-117095567,S2-514433774,beyond_rank_cut,False,True,False
S1-918862780,S2-487599612,no_shared_term,False,False,False
S1-918862780,S2-698928564,no_shared_term,False,False,False
S1-918862780,S2-846165566,no_shared_term,False,False,False
S1-441669868,S3-732759993,no_shared_term,False,False,False
S1-501883,S3-951663783,beyond_rank_cut,False,True,False
S1-58196101,S2-229125585,no_shared_term,False,False,False
S1-203026518,S3-720949309,no_shared_term,False,False,False
S1-979145911,S2-710532920,no_shared_term,False,False,False
S1-979145911,S2-776859666,no_shared_term,False,False,False
S1-801556362,S3-785861771,beyond_rank_cut,False,True,False
S1-560528244,S3-528002233,beyond_rank_cut,False,True,False
S1-37110997,S2-401196264,beyond_rank_cut,False,True,False
S1-942171422,S3-161371086,beyond_rank_cut,False,True,False
S1-729308537,S2-102974532,beyond_rank_cut,False,True,False
S1-126483851,S2-782047875,beyond_rank_cut,False,True,False
S1-525070664,S2-494433590,no_shared_term,False,False,False
S1-732392828,S2-912440808,no_shared_term,False,False,False
S1-565584385,S2-509719245,beyond_rank_cut,False,True,False
S1-565584385,S3-346232855,beyond_rank_cut,False,True,False
S1-565584385,S3-522656228,beyond_rank_cut,False,True,False
S1-226843293,S2-455114478,no_shared_term,False,False,False
S1-226843293,S2-876820543,no_shared_term,False,False,False
S1-226843293,S3-744175805,beyond_rank_cut,False,True,False
S1-334490836,S3-734373765,beyond_rank_cut,False,True,False
S1-334490836,S3-971761736,beyond_rank_cut,False,True,False
S1-894993439,S3-499580472,beyond_rank_cut,False,True,False
S1-549596720,S3-399955263,beyond_rank_cut,False,True,False
S1-512476183,S2-724210773,beyond_rank_cut,False,True,False
S1-792191545,S3-715718332,beyond_rank_cut,False,True,False
S1-99066741,S2-292401217,no_shared_term,False,False,False
S1-372085403,S2-954067934,no_shared_term,False,False,False
S1-551177770,S3-884338400,beyond_rank_cut,False,True,False
S1-162085779,S2-97850377,beyond_rank_cut,False,True,False
S1-162085779,S3-804930277,beyond_rank_cut,False,True,False
S1-162085779,S3-834198792,beyond_rank_cut,False,True,False
S1-737337593,S3-409983546,beyond_rank_cut,False,True,False
S1-10670505,S2-618804869,no_shared_term,False,False,False
S1-247735069,S3-574846456,beyond_rank_cut,False,True,False
S1-993330187,S2-578635575,beyond_rank_cut,False,True,False
S1-993330187,S3-129797975,beyond_rank_cut,False,True,False
S1-993330187,S3-559145123,beyond_rank_cut,False,True,False
S1-725024894,S3-395427826,beyond_rank_cut,False,True,False
S1-167214616,S3-995055057,beyond_rank_cut,False,True,False
S1-39162770,S3-918770295,beyond_rank_cut,False,True,False
S1-523861183,S3-688962628,beyond_rank_cut,False,True,False
S1-468681753,S3-370766663,beyond_rank_cut,False,True,False
S1-465381894,S2-693434951,beyond_rank_cut,False,True,False
S1-18538173,S2-88903480,beyond_rank_cut,False,True,False
S1-900896470,S3-316447012,no_shared_term,False,False,False
S1-91134377,S3-565979654,beyond_rank_cut,False,True,False
S1-91134377,S3-948697643,no_shared_term,False,False,False
S1-703095858,S3-904652248,beyond_rank_cut,False,True,False
S1-68336981,S2-725588128,beyond_rank_cut,False,True,False
S1-781585592,S2-369763068,no_shared_term,False,False,False
S1-701260181,S2-533014000,beyond_rank_cut,False,True,False
S1-701260181,S3-588147361,beyond_rank_cut,False,True,False
S1-267869944,S3-109620939,no_shared_term,False,False,False
S1-458773885,S3-118238769,beyond_rank_cut,False,True,False
S1-394681571,S2-545334984,beyond_rank_cut,False,True,False
S1-394681571,S3-383677216,beyond_rank_cut,False,True,False
S1-394681571,S3-490210790,beyond_rank_cut,False,True,False
S1-756779642,S3-921955265,no_shared_term,False,False,False
S1-842914098,S2-809451760,beyond_rank_cut,False,True,False
S1-375048654,S3-423806364,beyond_rank_cut,False,True,False
S1-50818047,S3-302545724,no_shared_term,False,False,False
S1-50818047,S3-324147206,no_shared_term,False,False,False
S1-50818047,S3-737285962,beyond_rank_cut,False,True,False
S1-50818047,S3-76743708,no_shared_term,False,False,False
S1-771982575,S3-754061521,beyond_rank_cut,False,True,False
S1-50145994,S3-671473968,no_shared_term,False,False,False
S1-21916417,S3-545941717,beyond_rank_cut,False,True,False
S1-601370202,S3-383216327,no_shared_term,False,False,False
S1-650621043,S3-487154055,no_shared_term,False,False,False
S1-817503639,S3-243988647,beyond_rank_cut,False,True,False
S1-546340520,S2-794509915,no_shared_term,False,False,False
S1-78647433,S3-705058501,beyond_rank_cut,False,True,False
S1-466011735,S3-746788370,beyond_rank_cut,False,True,False
S1-346655988,S2-145227074,beyond_rank_cut,False,True,False
S1-346655988,S3-223310687,beyond_rank_cut,False,True,False
S1-467573051,S2-342755706,no_shared_term,False,False,False
S1-467573051,S2-887164234,beyond_rank_cut,False,True,False
S1-25138323,S3-31151334,beyond_rank_cut,False,True,False
S1-791943787,S2-43741694,no_shared_term,False,False,False
S1-146253892,S3-60619667,beyond_rank_cut,False,True,False
S1-488935059,S2-306252750,beyond_rank_cut,False,True,False
S1-806128376,S2-937110443,beyond_rank_cut,False,True,False
S1-615346987,S2-545942979,beyond_rank_cut,False,True,False
S1-615346987,S3-869629528,beyond_rank_cut,False,True,False
S1-615346987,S3-889131946,beyond_rank_cut,False,True,False
S1-79781166,S2-719680934,no_shared_term,False,False,False
S1-79781166,S3-445681488,beyond_rank_cut,False,True,False
S1-827688718,S2-673182465,beyond_rank_cut,False,True,False
S1-827688718,S3-621032094,beyond_rank_cut,False,True,False
S1-586057718,S2-593904894,beyond_rank_cut,False,True,False
S1-547528897,S3-965712693,beyond_rank_cut,False,True,False
S1-322133311,S2-959704139,beyond_rank_cut,False,True,False
S1-818735630,S3-222261227,no_shared_term,False,False,False
S1-201587452,S2-55738395,no_shared_term,False,False,False
S1-201587452,S3-310461391,no_shared_term,False,False,False
S1-502428998,S3-684535702,beyond_rank_cut,False,True,False
S1-32097917,S3-917283027,beyond_rank_cut,False,True,False
S1-213790306,S3-973133956,beyond_rank_cut,False,True,False
S1-725785461,S3-768163494,beyond_rank_cut,False,True,False
S1-869120064,S3-590843852,beyond_rank_cut,False,True,False
S1-869120064,S3-691989247,beyond_rank_cut,False,True,False
S1-869120064,S3-783708100,beyond_rank_cut,False,True,False
S1-114591963,S2-570639563,beyond_rank_cut,False,True,False
S1-114591963,S3-135503373,beyond_rank_cut,False,True,False
S1-636874910,S2-839847551,beyond_rank_cut,False,True,False
S1-214127861,S3-573207499,beyond_rank_cut,False,True,False
S1-179103790,S3-34902001,no_shared_term,False,False,False
S1-149614105,S3-67699677,no_shared_term,False,False,False
S1-567124300,S2-42239843,beyond_rank_cut,False,True,False
S1-255790918,S3-551992516,no_shared_term,False,False,False
S1-127666573,S3-224660111,no_shared_term,False,False,False
S1-407864532,S3-304939153,beyond_rank_cut,False,True,False
S1-310409497,S2-77226701,beyond_rank_cut,False,True,False
S1-288194280,S3-377623778,beyond_rank_cut,False,True,False
S1-288194280,S3-43971018,beyond_rank_cut,False,True,False
S1-828868114,S3-33276807,no_shared_term,False,False,False
S1-142409889,S3-288624679,beyond_rank_cut,False,True,False
S1-21933387,S3-702557824,beyond_rank_cut,False,True,False
S1-809572582,S3-517985165,beyond_rank_cut,False,True,False
S1-54309996,S2-30948865,beyond_rank_cut,False,True,False
S1-735669499,S3-111228825,no_shared_term,False,False,False
S1-667097211,S2-516224323,no_shared_term,False,False,False
S1-618553001,S3-541089511,beyond_rank_cut,False,True,False
S1-618553001,S3-938199234,no_shared_term,False,False,False
S1-856045779,S3-539725921,no_shared_term,False,False,False
S1-856045779,S3-63155066,beyond_rank_cut,False,True,False
S1-367421234,S3-436618247,beyond_rank_cut,False,True,False
S1-455828778,S2-264385161,beyond_rank_cut,False,True,False
S1-724288906,S3-645391676,beyond_rank_cut,False,True,False
S1-344679696,S3-56633149,beyond_rank_cut,False,True,False
S1-97395393,S2-639986021,no_shared_term,False,False,False
S1-744340884,S3-261273353,beyond_rank_cut,False,True,False
S1-661393655,S2-9426726,no_shared_term,False,False,False
S1-310016776,S3-643878249,beyond_rank_cut,False,True,False
S1-897815309,S2-223731600,no_shared_term,False,False,False
S1-971322594,S3-456745770,beyond_rank_cut,False,True,False
S1-780491675,S2-610008407,beyond_rank_cut,False,True,False
S1-680247497,S3-135384798,beyond_rank_cut,False,True,False
S1-848782821,S2-555189607,beyond_rank_cut,False,True,False
S1-558047330,S2-896424312,beyond_rank_cut,False,True,False
S1-943138004,S3-290716094,no_shared_term,False,False,False
S1-432910992,S3-206258805,no_shared_term,False,False,False
S1-315575435,S3-908741422,beyond_rank_cut,False,True,False
S1-442141819,S2-927951546,beyond_rank_cut,False,True,False
S1-34083718,S2-351222580,beyond_rank_cut,False,True,False
S1-645760627,S2-754048308,beyond_rank_cut,False,True,False
S1-506353556,S2-500380846,no_shared_term,False,False,False
S1-506353556,S2-788840711,no_shared_term,False,False,False
S1-901596013,S2-411883963,no_shared_term,False,False,False
S1-901596013,S3-725566093,no_shared_term,False,False,False
S1-703346179,S2-193035372,beyond_rank_cut,False,True,False
S1-240190947,S2-112307481,beyond_rank_cut,False,True,False
S1-240190947,S2-162773108,beyond_rank_cut,False,True,False
S1-240190947,S3-339978107,beyond_rank_cut,False,True,False
S1-6739701,S2-207196879,beyond_rank_cut,False,True,False
S1-177245592,S2-733930483,no_shared_term,False,False,False
S1-899938220,S3-293039113,beyond_rank_cut,False,True,False
S1-899938220,S3-926112201,beyond_rank_cut,False,True,False
S1-79740331,S3-453462718,beyond_rank_cut,False,True,False
S1-558370333,S3-480665630,no_shared_term,False,False,False
S1-99765394,S3-992816771,beyond_rank_cut,False,True,False
S1-962994943,S2-20563584,beyond_rank_cut,False,True,False
S1-442691113,S2-803852775,no_shared_term,False,False,False
S1-442691113,S3-999397236,beyond_rank_cut,False,True,False
S1-221601328,S2-534186786,beyond_rank_cut,False,True,False
S1-654575015,S3-774051633,beyond_rank_cut,False,True,False
S1-845544069,S3-405473041,beyond_rank_cut,False,True,False
S1-126122287,S2-578516693,no_shared_term,False,False,False
S1-126122287,S3-178692997,beyond_rank_cut,False,True,False
S1-26706235,S2-127701754,beyond_rank_cut,False,True,False
S1-980745508,S3-751624667,beyond_rank_cut,False,True,False
S1-750394461,S2-686352721,no_shared_term,False,False,False
S1-795305371,S3-958250606,no_shared_term,False,False,False
S1-981041321,S3-873835722,beyond_rank_cut,False,True,False
S1-207053135,S3-797737983,beyond_rank_cut,False,True,False
S1-731179195,S2-695208086,beyond_rank_cut,False,True,False
S1-731179195,S3-998553845,beyond_rank_cut,False,True,False
S1-317153297,S3-66043179,beyond_rank_cut,False,True,False
S1-435829837,S3-908407296,no_shared_term,False,False,False
S1-420837885,S2-539621433,no_shared_term,False,False,False
S1-69222843,S3-161972163,no_shared_term,False,False,False
S1-960599703,S3-931267426,no_shared_term,False,False,False
S1-527276830,S2-740617798,beyond_rank_cut,False,True,False
S1-850290194,S2-176466269,no_shared_term,False,False,False
S1-850290194,S3-332738998,beyond_rank_cut,False,True,False
S1-442824302,S3-749828388,no_shared_term,False,False,False
S1-752085744,S3-368581958,no_shared_term,False,False,False
S1-214633799,S2-702096839,no_shared_term,False,False,False
S1-43729167,S3-808159395,beyond_rank_cut,False,True,False
S1-773891712,S2-325348236,no_shared_term,False,False,False
S1-58689105,S2-315403818,beyond_rank_cut,False,True,False
S1-58689105,S2-403041751,beyond_rank_cut,False,True,False
S1-137418694,S3-162699163,beyond_rank_cut,False,True,False
S1-907496409,S2-690782985,no_shared_term,False,False,False
S1-561742246,S2-573613069,beyond_rank_cut,False,True,False
S1-931699900,S3-119294783,no_shared_term,False,False,False
S1-411252343,S3-752862342,beyond_rank_cut,False,True,False
S1-992313263,S3-684737014,no_shared_term,False,False,False
S1-362760922,S3-321733488,beyond_rank_cut,False,True,False
S1-565055627,S2-983493713,no_shared_term,False,False,False
S1-784354446,S3-52776257,beyond_rank_cut,False,True,False
S1-784354446,S3-617048225,beyond_rank_cut,False,True,False
S1-344335788,S2-273715786,no_shared_term,False,False,False
S1-497476785,S2-199941219,beyond_rank_cut,False,True,False
S1-27398114,S2-801040585,no_shared_term,False,False,False
S1-27398114,S3-364588003,beyond_rank_cut,False,True,False
S1-219712511,S3-740700481,beyond_rank_cut,False,True,False
S1-575894382,S2-134795155,beyond_rank_cut,False,True,False
S1-331935028,S3-14917647,no_shared_term,False,False,False
S1-543695950,S2-849022425,no_shared_term,False,False,False
S1-598125816,S2-179451240,beyond_rank_cut,False,True,False
S1-883717794,S3-792037975,beyond_rank_cut,False,True,False
S1-176649247,S2-106701035,beyond_rank_cut,False,True,False
S1-461067698,S2-52850156,no_shared_term,False,False,False
S1-912606523,S2-672796946,no_shared_term,False,False,False
S1-912606523,S3-429898384,beyond_rank_cut,False,True,False
S1-912606523,S3-886775900,no_shared_term,False,False,False
S1-811915417,S2-639413300,beyond_rank_cut,False,True,False
S1-41546586,S2-61964766,beyond_rank_cut,False,True,False
S1-875316262,S3-285394751,no_shared_term,False,False,False
S1-476879997,S3-191678159,no_shared_term,False,False,False
S1-476879997,S3-225772003,no_shared_term,False,False,False
S1-476879997,S3-558097090,no_shared_term,False,False,False
S1-67110200,S2-48746574,beyond_rank_cut,False,True,False
S1-854448084,S3-83748073,beyond_rank_cut,False,True,False
S1-153677177,S3-37531877,beyond_rank_cut,False,True,False
S1-641879112,S2-55035520,beyond_rank_cut,False,True,False
S1-5097227,S2-365846193,no_shared_term,False,False,False
S1-952819858,S2-128046317,beyond_rank_cut,False,True,False
S1-689699986,S2-992224963,no_shared_term,False,False,False
S1-689699986,S3-162697296,no_shared_term,False,False,False
S1-689699986,S3-891943744,no_shared_term,False,False,False
S1-952156026,S3-134425384,beyond_rank_cut,False,True,False
S1-286495757,S2-204719360,beyond_rank_cut,False,True,False
S1-126937493,S3-628258943,beyond_rank_cut,False,True,False
S1-663269350,S2-695832964,beyond_rank_cut,False,True,False
S1-700679246,S3-446752301,beyond_rank_cut,False,True,False
S1-318246737,S2-287418656,no_shared_term,False,False,False
S1-257491548,S2-511493247,beyond_rank_cut,False,True,False
S1-744189048,S2-91139730,beyond_rank_cut,False,True,False
S1-990484157,S3-913734286,beyond_rank_cut,False,True,False
S1-966338564,S2-528999111,beyond_rank_cut,False,True,False
S1-690315173,S2-920279251,no_shared_term,False,False,False
S1-690315173,S3-29024015,no_shared_term,False,False,False
S1-291842379,S2-837366267,beyond_rank_cut,False,True,False
S1-582327794,S2-645641789,beyond_rank_cut,False,True,False
S1-216439531,S3-857837314,no_shared_term,False,False,False
S1-301715897,S3-504214265,no_shared_term,False,False,False
S1-972367594,S3-643658450,beyond_rank_cut,False,True,False
S1-319767070,S3-598226609,beyond_rank_cut,False,True,False
S1-716790302,S2-856814260,beyond_rank_cut,False,True,False
S1-716790302,S3-284408708,no_shared_term,False,False,False
S1-986618928,S3-327029577,beyond_rank_cut,False,True,False
S1-58650181,S2-207989063,beyond_rank_cut,False,True,False
S1-58650181,S3-740170238,beyond_rank_cut,False,True,False
S1-865053267,S2-752306017,no_shared_term,False,False,False
S1-865053267,S2-761807067,beyond_rank_cut,False,True,False
S1-172935999,S2-462843374,beyond_rank_cut,False,True,False
S1-337942006,S2-320358842,beyond_rank_cut,False,True,False
S1-399973767,S2-15044938,no_shared_term,False,False,False
S1-499449684,S2-284505546,no_shared_term,False,False,False
S1-718839275,S3-133578917,beyond_rank_cut,False,True,False
S1-82017361,S2-404132706,no_shared_term,False,False,False
S1-82017361,S3-691893382,beyond_rank_cut,False,True,False
S1-631420270,S3-929796862,no_shared_term,False,False,False
S1-477592801,S3-711569206,beyond_rank_cut,False,True,False
S1-104186008,S3-529955706,beyond_rank_cut,False,True,False
S1-932271920,S3-146027744,beyond_rank_cut,False,True,False
S1-645748776,S3-556670331,no_shared_term,False,False,False
S1-352638568,S3-705960968,beyond_rank_cut,False,True,False
S1-583602019,S3-136169229,beyond_rank_cut,False,True,False
S1-583602019,S3-66274163,beyond_rank_cut,False,True,False
S1-410182363,S3-826820756,beyond_rank_cut,False,True,False
S1-667128078,S3-438978695,no_shared_term,False,False,False
S1-916063721,S2-214658761,beyond_rank_cut,False,True,False
S1-589114126,S3-98927881,beyond_rank_cut,False,True,False
S1-828102260,S2-478102392,no_shared_term,False,False,False
S1-21165560,S2-870880291,beyond_rank_cut,False,True,False
S1-710569655,S2-717217080,no_shared_term,False,False,False
S1-142044106,S2-274255955,no_shared_term,False,False,False
S1-103704020,S2-301057154,beyond_rank_cut,False,True,False
S1-119448214,S2-223536216,no_shared_term,False,False,False
S1-104690476,S2-391075383,beyond_rank_cut,False,True,False
S1-716368401,S3-577087116,beyond_rank_cut,False,True,False
S1-716368401,S3-701989905,no_shared_term,False,False,False
S1-774438452,S3-482121145,beyond_rank_cut,False,True,False
S1-720076976,S3-519852689,beyond_rank_cut,False,True,False
S1-266269955,S3-522574524,beyond_rank_cut,False,True,False
S1-783996922,S2-771932129,beyond_rank_cut,False,True,False
S1-969102847,S2-568042615,beyond_rank_cut,False,True,False
S1-497653784,S3-711710383,beyond_rank_cut,False,True,False
S1-989787264,S3-259876902,beyond_rank_cut,False,True,False
S1-439349258,S2-160412401,beyond_rank_cut,False,True,False
S1-590510975,S2-270079116,beyond_rank_cut,False,True,False
S1-503977219,S2-721219976,beyond_rank_cut,False,True,False
S1-535617009,S3-121804889,beyond_rank_cut,False,True,False
S1-649698774,S3-374985617,beyond_rank_cut,False,True,False
S1-922186293,S3-901803907,beyond_rank_cut,False,True,False
S1-760441554,S3-21383005,beyond_rank_cut,False,True,False
S1-991728603,S2-733830062,no_shared_term,False,False,False
S1-444945924,S2-937293407,beyond_rank_cut,False,True,False
S1-444945924,S3-397780679,beyond_rank_cut,False,True,False
S1-260128353,S3-342709195,beyond_rank_cut,False,True,False
S1-260128353,S3-58777686,beyond_rank_cut,False,True,False
S1-260128353,S3-978937590,no_shared_term,False,False,False
S1-160931334,S3-122653671,beyond_rank_cut,False,True,False
S1-254839667,S2-276794464,no_shared_term,False,False,False
S1-254839667,S3-730678106,no_shared_term,False,False,False
S1-832935788,S2-921477783,no_shared_term,False,False,False
S1-429540438,S2-312543109,no_shared_term,False,False,False
S1-275097789,S2-888476443,beyond_rank_cut,False,True,False
S1-801559309,S3-561153888,no_shared_term,False,False,False
S1-817600784,S3-646301067,beyond_rank_cut,False,True,False
S1-59142451,S2-288125781,beyond_rank_cut,False,True,False
S1-59142451,S3-727047689,beyond_rank_cut,False,True,False
S1-584373243,S2-435918732,beyond_rank_cut,False,True,False
S1-691312693,S2-736755760,no_shared_term,False,False,False
S1-691312693,S3-689898001,beyond_rank_cut,False,True,False
S1-713645395,S3-660205519,beyond_rank_cut,False,True,False
S1-161410025,S3-862091322,beyond_rank_cut,False,True,False
S1-833401024,S3-346677031,beyond_rank_cut,False,True,False
S1-766980069,S3-564043840,beyond_rank_cut,False,True,False
S1-766980069,S3-632351993,beyond_rank_cut,False,True,False
S1-101760599,S3-369295823,beyond_rank_cut,False,True,False
S1-609247895,S3-833347166,beyond_rank_cut,False,True,False
S1-779277574,S3-54422172,beyond_rank_cut,False,True,False
S1-985434168,S2-531644292,no_shared_term,False,False,False
S1-985434168,S2-94567553,no_shared_term,False,False,False
S1-618581788,S2-650298205,no_shared_term,False,False,False
S1-618581788,S3-596669254,no_shared_term,False,False,False
S1-587488807,S2-143987521,beyond_rank_cut,False,True,False
S1-587488807,S2-429644479,beyond_rank_cut,False,True,False
S1-587488807,S2-816491947,beyond_rank_cut,False,True,False
S1-587488807,S3-386411447,beyond_rank_cut,False,True,False
S1-587488807,S3-781813041,beyond_rank_cut,False,True,False
S1-936356307,S3-614185912,beyond_rank_cut,False,True,False
S1-993933700,S3-410754499,no_shared_term,False,False,False
S1-39384239,S3-32407523,beyond_rank_cut,False,True,False
S1-609776669,S2-227763422,beyond_rank_cut,False,True,False
S1-945314948,S3-194763202,beyond_rank_cut,False,True,False
S1-945314948,S3-588536849,beyond_rank_cut,False,True,False
S1-100905114,S3-462647332,beyond_rank_cut,False,True,False
S1-441249532,S2-574210390,beyond_rank_cut,False,True,False
S1-400632095,S2-840181514,no_shared_term,False,False,False
S1-203697901,S3-631961213,beyond_rank_cut,False,True,False
S1-881471101,S2-496763370,no_shared_term,False,False,False
S1-881471101,S3-529281599,no_shared_term,False,False,False
S1-621510070,S3-709757161,beyond_rank_cut,False,True,False
S1-35237036,S2-970231581,beyond_rank_cut,False,True,False
S1-270770616,S3-802071638,beyond_rank_cut,False,True,False
S1-428473856,S3-75287280,beyond_rank_cut,False,True,False
S1-435771605,S3-272194116,beyond_rank_cut,False,True,False
S1-78704110,S3-615353573,beyond_rank_cut,False,True,False
S1-393224043,S2-944371427,no_shared_term,False,False,False
S1-393224043,S3-812029601,no_shared_term,False,False,False
S1-150485404,S2-517938591,beyond_rank_cut,False,True,False
S1-811397356,S3-349359402,beyond_rank_cut,False,True,False
S1-450137975,S3-481451314,no_shared_term,False,False,False
S1-323376810,S3-65786062,no_shared_term,False,False,False
S1-872508047,S2-903268285,beyond_rank_cut,False,True,False
S1-872508047,S3-85352701,beyond_rank_cut,False,True,False
S1-705879172,S2-113919261,beyond_rank_cut,False,True,False
S1-270742097,S3-182298719,beyond_rank_cut,False,True,False
S1-229379053,S3-815486844,no_shared_term,False,False,False
S1-392061424,S3-396354147,no_shared_term,False,False,False
S1-558397189,S3-1958949,no_shared_term,False,False,False
S1-558397189,S3-769435492,beyond_rank_cut,False,True,False
S1-558397189,S3-996576491,beyond_rank_cut,False,True,False
S1-484929628,S3-590039403,beyond_rank_cut,False,True,False
S1-831132128,S3-173966662,beyond_rank_cut,False,True,False
S1-724046700,S3-998690265,beyond_rank_cut,False,True,False
S1-109647426,S3-173302255,beyond_rank_cut,False,True,False
S1-109647426,S3-861515203,beyond_rank_cut,False,True,False
S1-500225898,S3-794098005,beyond_rank_cut,False,True,False
S1-935428871,S2-116142133,beyond_rank_cut,False,True,False
S1-935428871,S3-205503005,beyond_rank_cut,False,True,False
S1-935428871,S3-556045845,beyond_rank_cut,False,True,False
S1-935428871,S3-786257040,beyond_rank_cut,False,True,False
S1-935428871,S3-89583857,beyond_rank_cut,False,True,False
S1-669508826,S3-656682037,beyond_rank_cut,False,True,False
S1-752768396,S3-71427558,beyond_rank_cut,False,True,False
S1-248039683,S2-903995949,beyond_rank_cut,False,True,False
S1-418195602,S3-664098149,beyond_rank_cut,False,True,False
S1-287785393,S3-432378946,no_shared_term,False,False,False
S1-265567837,S3-614118827,no_shared_term,False,False,False
S1-759511990,S3-551546553,no_shared_term,False,False,False
S1-780889313,S2-498595619,beyond_rank_cut,False,True,False
S1-53067959,S2-866668324,beyond_rank_cut,False,True,False
S1-352112733,S2-328378287,beyond_rank_cut,False,True,False
S1-152345872,S3-812279118,no_shared_term,False,False,False
S1-792486814,S2-790646315,beyond_rank_cut,False,True,False
S1-447759748,S3-598629224,no_shared_term,False,False,False
S1-295570736,S3-778695433,beyond_rank_cut,False,True,False
S1-317907813,S3-957686412,beyond_rank_cut,False,True,False
S1-407108960,S2-921903773,beyond_rank_cut,False,True,False
S1-976665140,S3-314010954,beyond_rank_cut,False,True,False
S1-310985996,S2-645069479,no_shared_term,False,False,False
S1-382385246,S3-322037031,beyond_rank_cut,False,True,False
S1-673514298,S3-316300572,beyond_rank_cut,False,True,False
S1-37353339,S3-349967465,no_shared_term,False,False,False
S1-978300169,S3-569692106,no_shared_term,False,False,False
S1-802158137,S2-251177714,no_shared_term,False,False,False
S1-802158137,S2-978474805,no_shared_term,False,False,False
S1-883583211,S3-872846985,beyond_rank_cut,False,True,False
S1-409294552,S3-836615429,beyond_rank_cut,False,True,False
S1-816747978,S2-672143313,beyond_rank_cut,False,True,False
S1-269054303,S3-752662940,beyond_rank_cut,False,True,False
S1-232555086,S2-553350501,no_shared_term,False,False,False
S1-232555086,S3-108005309,no_shared_term,False,False,False
S1-323624395,S2-653500116,no_shared_term,False,False,False
S1-323624395,S3-48568761,beyond_rank_cut,False,True,False
S1-323624395,S3-724864685,no_shared_term,False,False,False
S1-323624395,S3-774940312,no_shared_term,False,False,False
S1-931152518,S2-262089050,beyond_rank_cut,False,True,False
S1-50588991,S2-375516397,beyond_rank_cut,False,True,False
S1-50588991,S2-74537265,beyond_rank_cut,False,True,False
S1-767082487,S3-115359615,beyond_rank_cut,False,True,False
S1-994189467,S2-227682891,beyond_rank_cut,False,True,False
S1-470988535,S3-992438818,beyond_rank_cut,False,True,False
S1-179754762,S3-126526961,beyond_rank_cut,False,True,False
S1-541194813,S2-155522319,no_shared_term,False,False,False
S1-6232728,S3-229985592,beyond_rank_cut,False,True,False
S1-840356149,S2-302644060,beyond_rank_cut,False,True,False
S1-840356149,S2-58078732,beyond_rank_cut,False,True,False
S1-891185072,S2-516588833,beyond_rank_cut,False,True,False
S1-444834065,S3-146887804,beyond_rank_cut,False,True,False
S1-444834065,S3-931954230,no_shared_term,False,False,False
S1-719240338,S2-834218247,beyond_rank_cut,False,True,False
S1-719240338,S3-581701796,beyond_rank_cut,False,True,False
S1-323983268,S3-790990515,beyond_rank_cut,False,True,False
S1-201071468,S2-116461531,no_shared_term,False,False,False
S1-377972289,S2-683754911,beyond_rank_cut,False,True,False
S1-178648960,S3-106267932,no_shared_term,False,False,False
S1-178648960,S3-834859533,no_shared_term,False,False,False
S1-178648960,S3-899798636,no_shared_term,False,False,False
S1-156722520,S3-384430496,beyond_rank_cut,False,True,False
S1-526245004,S2-307501767,no_shared_term,False,False,False
S1-270662206,S2-360728443,no_shared_term,False,False,False
S1-823947409,S3-948298667,beyond_rank_cut,False,True,False
S1-517173236,S3-947988344,beyond_rank_cut,False,True,False
S1-61168062,S3-16127128,beyond_rank_cut,False,True,False
S1-841754396,S2-283767942,beyond_rank_cut,False,True,False
S1-89633298,S2-724083216,beyond_rank_cut,False,True,False
S1-160728086,S2-85324021,beyond_rank_cut,False,True,False
S1-702324451,S3-282861303,no_shared_term,False,False,False
S1-702324451,S3-637028503,no_shared_term,False,False,False
S1-406529764,S2-45762882,no_shared_term,False,False,False
S1-426027439,S3-847956129,no_shared_term,False,False,False
S1-666716572,S3-966935303,beyond_rank_cut,False,True,False
S1-924293542,S3-773335488,beyond_rank_cut,False,True,False
S1-875607924,S3-165014308,beyond_rank_cut,False,True,False
S1-637890566,S3-395180784,beyond_rank_cut,False,True,False
S1-965997144,S2-494756875,beyond_rank_cut,False,True,False
S1-892781918,S3-734202259,beyond_rank_cut,False,True,False
S1-419779799,S2-174817652,no_shared_term,False,False,False
S1-169446328,S3-392950088,no_shared_term,False,False,False
S1-209403456,S3-853916370,beyond_rank_cut,False,True,False
S1-522540335,S2-733372306,beyond_rank_cut,False,True,False
S1-149182736,S2-585002693,beyond_rank_cut,False,True,False
S1-309986689,S2-901756334,beyond_rank_cut,False,True,False
S1-496261670,S3-688638027,beyond_rank_cut,False,True,False
S1-935168937,S2-264992656,beyond_rank_cut,False,True,False
S1-807721755,S2-338075411,beyond_rank_cut,False,True,False
S1-807721755,S3-300091576,beyond_rank_cut,False,True,False
S1-795485611,S2-925725028,beyond_rank_cut,False,True,False
S1-711041680,S2-832061430,no_shared_term,False,False,False
S1-852457568,S3-420531484,beyond_rank_cut,False,True,False
S1-31080866,S3-21290480,no_shared_term,False,False,False
S1-508313303,S3-160884020,no_shared_term,False,False,False
S1-508313303,S3-782566199,no_shared_term,False,False,False
S1-508313303,S3-857599222,beyond_rank_cut,False,True,False
S1-508313303,S3-962266999,beyond_rank_cut,False,True,False
S1-2967524,S2-911935388,beyond_rank_cut,False,True,False
S1-326874886,S2-506790021,beyond_rank_cut,False,True,False
S1-124290278,S2-618751582,beyond_rank_cut,False,True,False
S1-37306530,S2-270389424,beyond_rank_cut,False,True,False
S1-191780458,S2-966784724,no_shared_term,False,False,False
S1-116230471,S2-79109972,beyond_rank_cut,False,True,False
S1-278889065,S3-511457357,beyond_rank_cut,False,True,False
S1-21505263,S2-319042710,beyond_rank_cut,False,True,False
S1-332660976,S3-264425464,beyond_rank_cut,False,True,False
S1-332660976,S3-737651618,beyond_rank_cut,False,True,False
S1-332660976,S3-867528517,beyond_rank_cut,False,True,False
S1-41739031,S3-606464313,beyond_rank_cut,False,True,False
S1-698840747,S3-629971788,beyond_rank_cut,False,True,False
S1-710102543,S3-536416262,no_shared_term,False,False,False
S1-710102543,S3-949321424,beyond_rank_cut,False,True,False
S1-710102543,S3-978643845,no_shared_term,False,False,False
S1-276561270,S3-904007166,no_shared_term,False,False,False
S1-134437101,S3-645739860,beyond_rank_cut,False,True,False
S1-433230296,S2-916842044,beyond_rank_cut,False,True,False
S1-655930916,S3-746144623,beyond_rank_cut,False,True,False
S1-838382371,S3-117219761,beyond_rank_cut,False,True,False
S1-838382371,S3-488693504,beyond_rank_cut,False,True,False
S1-209894102,S3-130590028,beyond_rank_cut,False,True,False
S1-99447745,S2-711329658,beyond_rank_cut,False,True,False
S1-99447745,S3-222076633,beyond_rank_cut,False,True,False
S1-99447745,S3-344619141,beyond_rank_cut,False,True,False
S1-99447745,S3-673214462,no_shared_term,False,False,False
S1-570366263,S2-761540897,beyond_rank_cut,False,True,False
S1-570366263,S3-149021792,beyond_rank_cut,False,True,False
S1-41005323,S2-38519720,no_shared_term,False,False,False
S1-234222255,S2-54462189,no_shared_term,False,False,False
S1-935273278,S2-17520318,no_shared_term,False,False,False
S1-472807596,S3-368875026,beyond_rank_cut,False,True,False
S1-498252953,S2-844578673,no_shared_term,False,False,False
S1-158865870,S2-362148749,beyond_rank_cut,False,True,False
S1-581355879,S3-745992961,beyond_rank_cut,False,True,False
S1-581355879,S3-920464201,beyond_rank_cut,False,True,False
S1-344669671,S2-966985435,beyond_rank_cut,False,True,False
S1-544304357,S3-837333615,beyond_rank_cut,False,True,False
S1-912374558,S2-217516623,beyond_rank_cut,False,True,False
S1-912374558,S2-498977783,beyond_rank_cut,False,True,False
S1-173469639,S2-193927701,no_shared_term,False,False,False
S1-173469639,S3-368652600,beyond_rank_cut,False,True,False
S1-173469639,S3-45942087,beyond_rank_cut,False,True,False
S1-856740636,S2-435680546,no_shared_term,False,False,False
S1-972189548,S2-617440018,beyond_rank_cut,False,True,False
S1-304556534,S3-348637256,no_shared_term,False,False,False
S1-822599466,S3-897206957,no_shared_term,False,False,False
S1-89724518,S3-361307822,beyond_rank_cut,False,True,False
S1-806739884,S3-830887525,beyond_rank_cut,False,True,False
S1-843849403,S2-266877403,beyond_rank_cut,False,True,False
S1-88091004,S2-146397603,no_shared_term,False,False,False
S1-88091004,S2-188220386,no_shared_term,False,False,False
S1-88091004,S2-555631591,no_shared_term,False,False,False
S1-415121356,S3-723592597,beyond_rank_cut,False,True,False
S1-687466289,S3-622715658,no_shared_term,False,False,False
S1-418232211,S3-791863393,beyond_rank_cut,False,True,False
S1-866918076,S2-534611324,no_shared_term,False,False,False
S1-866918076,S3-297583002,beyond_rank_cut,False,True,False
S1-866918076,S3-711087555,no_shared_term,False,False,False
S1-866918076,S3-960221301,beyond_rank_cut,False,True,False
S1-153921762,S2-18073238,no_shared_term,False,False,False
S1-666089223,S2-725391619,beyond_rank_cut,False,True,False
S1-127875812,S2-338556967,beyond_rank_cut,False,True,False
S1-637849751,S2-690835590,no_shared_term,False,False,False
S1-9641336,S2-204275758,beyond_rank_cut,False,True,False
S1-99276224,S3-15358906,no_shared_term,False,False,False
S1-898745169,S3-98126714,beyond_rank_cut,False,True,False
S1-402578160,S2-979180557,no_shared_term,False,False,False
S1-966300484,S3-558630680,beyond_rank_cut,False,True,False
S1-783926551,S3-896449562,no_shared_term,False,False,False
S1-484045449,S3-180894389,beyond_rank_cut,False,True,False
S1-198046383,S2-344479719,beyond_rank_cut,False,True,False
S1-198046383,S3-974926841,beyond_rank_cut,False,True,False
S1-17904158,S2-843019350,no_shared_term,False,False,False
S1-416567073,S3-621806638,beyond_rank_cut,False,True,False
S1-984421302,S2-480132302,no_shared_term,False,False,False
S1-984421302,S3-175638539,no_shared_term,False,False,False
S1-984421302,S3-215154744,no_shared_term,False,False,False
S1-59643015,S2-925611097,beyond_rank_cut,False,True,False
S1-52726701,S2-764518159,no_shared_term,False,False,False
S1-735515159,S3-220636640,beyond_rank_cut,False,True,False
S1-465800925,S2-896355131,beyond_rank_cut,False,True,False
S1-190353534,S3-744007789,no_shared_term,False,False,False
S1-137577335,S2-603548525,beyond_rank_cut,False,True,False
S1-483966442,S3-109992545,beyond_rank_cut,False,True,False
S1-481809635,S3-113838541,beyond_rank_cut,False,True,False
S1-11695037,S3-77125210,beyond_rank_cut,False,True,False
S1-144187536,S3-147546985,beyond_rank_cut,False,True,False
S1-144187536,S3-804633509,beyond_rank_cut,False,True,False
S1-575976860,S2-649868325,beyond_rank_cut,False,True,False
S1-569114130,S3-620860474,beyond_rank_cut,False,True,False
S1-104299121,S3-354563573,beyond_rank_cut,False,True,False
S1-98522524,S3-126205796,beyond_rank_cut,False,True,False
S1-89359170,S3-197195407,no_shared_term,False,False,False
S1-89359170,S3-580774188,beyond_rank_cut,False,True,False
S1-89359170,S3-85849538,beyond_rank_cut,False,True,False
S1-765317297,S3-408839276,no_shared_term,False,False,False
S1-429925832,S3-129657203,beyond_rank_cut,False,True,False
S1-139145767,S2-611831678,beyond_rank_cut,False,True,False
S1-207642530,S2-657660569,beyond_rank_cut,False,True,False
S1-219784371,S2-273656541,beyond_rank_cut,False,True,False
S1-764316584,S2-322822725,beyond_rank_cut,False,True,False
S1-95665295,S3-868133619,no_shared_term,False,False,False
S1-496455828,S2-807824947,beyond_rank_cut,False,True,False
S1-496455828,S3-986512873,beyond_rank_cut,False,True,False
S1-477704814,S3-364366271,no_shared_term,False,False,False
S1-477704814,S3-531166946,no_shared_term,False,False,False
S1-477704814,S3-915665381,no_shared_term,False,False,False
S1-998610340,S2-544650620,beyond_rank_cut,False,True,False
S1-9037181,S3-188055613,beyond_rank_cut,False,True,False
S1-883059930,S3-547037968,no_shared_term,False,False,False
S1-846241629,S3-91045809,beyond_rank_cut,False,True,False
S1-194211251,S2-430213912,beyond_rank_cut,False,True,False
S1-872961828,S3-151546996,beyond_rank_cut,False,True,False
S1-476454123,S3-955025743,no_shared_term,False,False,False
S1-5412243,S2-814693412,beyond_rank_cut,False,True,False
S1-325054147,S2-722134076,beyond_rank_cut,False,True,False
S1-676863252,S2-621656943,beyond_rank_cut,False,True,False
S1-255402473,S3-996417846,no_shared_term,False,False,False
S1-867694317,S2-411337702,beyond_rank_cut,False,True,False
S1-867694317,S3-382091130,no_shared_term,False,False,False
S1-269662941,S2-119191792,beyond_rank_cut,False,True,False
S1-269662941,S3-285157684,beyond_rank_cut,False,True,False
S1-269662941,S3-588493827,beyond_rank_cut,False,True,False
S1-182348039,S3-227026446,beyond_rank_cut,False,True,False
S1-180437685,S2-148349353,beyond_rank_cut,False,True,False
S1-771563071,S3-909306310,beyond_rank_cut,False,True,False
S1-367523505,S3-412203696,beyond_rank_cut,False,True,False
S1-326329588,S3-855332401,no_shared_term,False,False,False
S1-463264661,S3-883452312,beyond_rank_cut,False,True,False
S1-463264661,S3-887221074,beyond_rank_cut,False,True,False
S1-165793511,S2-889045240,beyond_rank_cut,False,True,False
S1-636923886,S3-195442680,beyond_rank_cut,False,True,False
S1-105173960,S3-738897297,beyond_rank_cut,False,True,False
S1-126452274,S2-990247047,beyond_rank_cut,False,True,False
S1-346350679,S3-559930328,beyond_rank_cut,False,True,False
S1-257467929,S3-984535445,beyond_rank_cut,False,True,False
S1-970572920,S3-625027828,beyond_rank_cut,False,True,False
S1-336077367,S3-941606823,no_shared_term,False,False,False
S1-753482358,S3-808470546,beyond_rank_cut,False,True,False
S1-980126903,S2-812629740,beyond_rank_cut,False,True,False
S1-513146836,S3-614948314,beyond_rank_cut,False,True,False
S1-758389237,S3-573758473,beyond_rank_cut,False,True,False
S1-303119955,S2-870322842,no_shared_term,False,False,False
S1-303119955,S3-209468915,beyond_rank_cut,False,True,False
S1-303119955,S3-262003918,no_shared_term,False,False,False
S1-808003611,S3-696654678,beyond_rank_cut,False,True,False
S1-808003611,S3-938910013,beyond_rank_cut,False,True,False
S1-939106262,S2-240813466,beyond_rank_cut,False,True,False
S1-939106262,S3-474110877,beyond_rank_cut,False,True,False
S1-939106262,S3-880061420,beyond_rank_cut,False,True,False
S1-449798216,S2-75528174,beyond_rank_cut,False,True,False
S1-957851511,S3-751090500,no_shared_term,False,False,False
S1-223944675,S2-451486666,beyond_rank_cut,False,True,False
S1-470141057,S3-351372249,beyond_rank_cut,False,True,False
S1-470141057,S3-758216828,no_shared_term,False,False,False
S1-366563335,S2-324683120,beyond_rank_cut,False,True,False
S1-35788543,S2-34493362,beyond_rank_cut,False,True,False
S1-35788543,S2-959381264,no_shared_term,False,False,False
S1-570009959,S2-518158581,no_shared_term,False,False,False
S1-570009959,S3-182365845,no_shared_term,False,False,False
S1-570009959,S3-747513182,beyond_rank_cut,False,True,False
S1-264018398,S2-527509651,beyond_rank_cut,False,True,False
S1-303230840,S2-468658914,no_shared_term,False,False,False
S1-651279544,S2-358506423,beyond_rank_cut,False,True,False
S1-99661235,S3-712264778,beyond_rank_cut,False,True,False
S1-93990641,S3-918235209,no_shared_term,False,False,False
S1-760963490,S3-243152013,beyond_rank_cut,False,True,False
S1-452258262,S2-901549121,beyond_rank_cut,False,True,False
S1-879325531,S2-435565008,no_shared_term,False,False,False
S1-879325531,S2-948762212,no_shared_term,False,False,False
S1-879325531,S3-385979257,no_shared_term,False,False,False
S1-557146341,S3-292799830,no_shared_term,False,False,False
S1-281437001,S3-484427933,beyond_rank_cut,False,True,False
S1-754780567,S2-862142333,no_shared_term,False,False,False
S1-315649848,S3-238015569,beyond_rank_cut,False,True,False
S1-235499371,S2-895644928,beyond_rank_cut,False,True,False
S1-795137264,S2-254456798,beyond_rank_cut,False,True,False
S1-241125765,S3-992602608,beyond_rank_cut,False,True,False
S1-187508377,S3-353689336,beyond_rank_cut,False,True,False
S1-271917183,S3-120665732,no_shared_term,False,False,False
S1-529218228,S3-499491546,beyond_rank_cut,False,True,False
S1-559435680,S2-142490554,beyond_rank_cut,False,True,False
S1-536584009,S3-649302543,beyond_rank_cut,False,True,False
S1-406688763,S3-980055564,beyond_rank_cut,False,True,False
S1-481288009,S2-511511808,beyond_rank_cut,False,True,False
S1-205817425,S2-165200675,no_shared_term,False,False,False
S1-205817425,S2-936496985,no_shared_term,False,False,False
S1-650342267,S2-124667407,beyond_rank_cut,False,True,False
S1-650342267,S3-647467699,beyond_rank_cut,False,True,False
S1-254854645,S3-991195031,beyond_rank_cut,False,True,False
S1-763308613,S3-932746839,no_shared_term,False,False,False
S1-968517508,S3-669938618,beyond_rank_cut,False,True,False
S1-2238522,S3-925391627,beyond_rank_cut,False,True,False
S1-944763088,S2-709178723,beyond_rank_cut,False,True,False
S1-479376585,S2-938347143,beyond_rank_cut,False,True,False
S1-721168543,S2-849860890,no_shared_term,False,False,False
S1-717844391,S2-113007025,beyond_rank_cut,False,True,False
S1-386294195,S2-298882716,no_shared_term,False,False,False
S1-386294195,S2-370816378,no_shared_term,False,False,False
S1-386294195,S3-950097502,beyond_rank_cut,False,True,False
S1-140422670,S3-796639614,beyond_rank_cut,False,True,False
S1-947578551,S3-281819100,beyond_rank_cut,False,True,False
S1-101366206,S3-132360119,beyond_rank_cut,False,True,False
S1-867756248,S3-792252272,beyond_rank_cut,False,True,False
S1-483977077,S3-722021252,no_shared_term,False,False,False
S1-441429951,S3-2055771,beyond_rank_cut,False,True,False
S1-347557093,S3-209906170,beyond_rank_cut,False,True,False
S1-366873107,S3-521641986,beyond_rank_cut,False,True,False
S1-435698253,S3-694442944,beyond_rank_cut,False,True,False
S1-265697966,S3-650613988,no_shared_term,False,False,False
S1-885508369,S3-658127138,beyond_rank_cut,False,True,False
S1-562372045,S2-57170853,no_shared_term,False,False,False
S1-562372045,S3-86665104,no_shared_term,False,False,False
S1-861049235,S2-737923335,beyond_rank_cut,False,True,False
S1-250191775,S3-616326796,beyond_rank_cut,False,True,False
S1-900807798,S3-247310851,beyond_rank_cut,False,True,False
S1-950406604,S3-148280804,no_shared_term,False,False,False
S1-861559113,S3-609906789,beyond_rank_cut,False,True,False
S1-985361838,S3-373106961,beyond_rank_cut,False,True,False
S1-10133211,S2-462878379,beyond_rank_cut,False,True,False
S1-474894774,S2-569667789,beyond_rank_cut,False,True,False
S1-474894774,S3-116209446,beyond_rank_cut,False,True,False
S1-973263708,S2-944376534,no_shared_term,False,False,False
S1-472973653,S3-533774339,no_shared_term,False,False,False
S1-452784628,S3-82582719,no_shared_term,False,False,False
S1-452784628,S3-827396144,no_shared_term,False,False,False
S1-452784628,S3-835489032,no_shared_term,False,False,False
S1-890057540,S3-825941147,beyond_rank_cut,False,True,False
S1-931246785,S3-114124836,beyond_rank_cut,False,True,False
S1-437313715,S3-51871905,beyond_rank_cut,False,True,False
S1-322890485,S3-492144544,beyond_rank_cut,False,True,False
S1-575948423,S3-110453858,beyond_rank_cut,False,True,False
S1-471336183,S3-306202542,beyond_rank_cut,False,True,False
S1-41301781,S2-380002278,beyond_rank_cut,False,True,False
S1-41301781,S3-994329412,beyond_rank_cut,False,True,False
S1-225048705,S3-195547454,beyond_rank_cut,False,True,False
S1-112093633,S3-899313758,beyond_rank_cut,False,True,False
S1-193893633,S2-413548614,no_shared_term,False,False,False
S1-193893633,S2-417702054,no_shared_term,False,False,False
S1-193893633,S3-767578989,no_shared_term,False,False,False
S1-843536671,S2-550194732,beyond_rank_cut,False,True,False
S1-125655758,S2-30207513,beyond_rank_cut,False,True,False
S1-219702801,S3-446813223,beyond_rank_cut,False,True,False
S1-562671442,S3-125547761,no_shared_term,False,False,False
S1-467173795,S3-627125586,beyond_rank_cut,False,True,False
S1-467173795,S3-727139647,beyond_rank_cut,False,True,False
S1-505559883,S2-285199666,beyond_rank_cut,False,True,False
S1-841775932,S3-386216720,no_shared_term,False,False,False
S1-924736921,S3-137587661,beyond_rank_cut,False,True,False
S1-463889977,S3-294877650,beyond_rank_cut,False,True,False
S1-50942880,S3-178199391,beyond_rank_cut,False,True,False
S1-50942880,S3-214958766,beyond_rank_cut,False,True,False
S1-50942880,S3-780243771,beyond_rank_cut,False,True,False
S1-991222297,S3-664809485,no_shared_term,False,False,False
S1-599293219,S3-889965250,beyond_rank_cut,False,True,False
S1-203936845,S2-377437945,beyond_rank_cut,False,True,False
S1-203936845,S3-297026451,beyond_rank_cut,False,True,False
S1-203936845,S3-642946499,beyond_rank_cut,False,True,False
S1-146187428,S2-865520317,beyond_rank_cut,False,True,False
S1-146187428,S3-536554135,no_shared_term,False,False,False
S1-197078345,S2-966374577,beyond_rank_cut,False,True,False
S1-909462643,S3-984395313,beyond_rank_cut,False,True,False
S1-95416991,S3-775975058,beyond_rank_cut,False,True,False
S1-874399249,S3-787831720,beyond_rank_cut,False,True,False
S1-857692249,S2-54698761,beyond_rank_cut,False,True,False
S1-218050274,S3-501227953,beyond_rank_cut,False,True,False
S1-115493584,S2-526874926,beyond_rank_cut,False,True,False
S1-861539378,S3-46076043,beyond_rank_cut,False,True,False
S1-678920498,S2-910558980,beyond_rank_cut,False,True,False
S1-382773923,S3-111996901,beyond_rank_cut,False,True,False
S1-145792455,S2-655833503,beyond_rank_cut,False,True,False
S1-71572069,S2-812173031,beyond_rank_cut,False,True,False
S1-71572069,S3-897930939,beyond_rank_cut,False,True,False
S1-247998826,S2-293613040,beyond_rank_cut,False,True,False
S1-764518534,S2-759922825,beyond_rank_cut,False,True,False
S1-764518534,S2-823193144,beyond_rank_cut,False,True,False
S1-24067239,S2-506403273,beyond_rank_cut,False,True,False
S1-24067239,S2-940495377,beyond_rank_cut,False,True,False
S1-105742435,S2-640251199,beyond_rank_cut,False,True,False
S1-612170707,S2-297954078,no_shared_term,False,False,False
S1-240177300,S2-274242736,no_shared_term,False,False,False
S1-240177300,S2-758935673,no_shared_term,False,False,False
S1-240177300,S3-621957417,beyond_rank_cut,False,True,False
S1-788053660,S2-481866393,beyond_rank_cut,False,True,False
S1-537196222,S2-13275752,beyond_rank_cut,False,True,False
S1-711436614,S3-572168964,no_shared_term,False,False,False
S1-424740487,S2-517894700,beyond_rank_cut,False,True,False
S1-646631871,S3-351866587,no_shared_term,False,False,False
S1-937559002,S2-464750067,no_shared_term,False,False,False
S1-937559002,S3-761198020,beyond_rank_cut,False,True,False
S1-819711174,S3-355811086,no_shared_term,False,False,False
S1-819711174,S3-680166549,no_shared_term,False,False,False
S1-524678880,S3-11801522,beyond_rank_cut,False,True,False
S1-95474582,S3-797446204,beyond_rank_cut,False,True,False
S1-119074738,S2-961444533,beyond_rank_cut,False,True,False
S1-119074738,S3-185869841,beyond_rank_cut,False,True,False
S1-119074738,S3-475456734,beyond_rank_cut,False,True,False
S1-692123552,S2-188118980,beyond_rank_cut,False,True,False
S1-617894032,S3-413179147,beyond_rank_cut,False,True,False
S1-209304734,S3-125825026,no_shared_term,False,False,False
S1-209304734,S3-792139881,beyond_rank_cut,False,True,False
S1-755717693,S3-577060101,beyond_rank_cut,False,True,False
S1-53621279,S2-239364017,beyond_rank_cut,False,True,False
S1-21338626,S2-210884741,no_shared_term,False,False,False
S1-354629308,S2-936957820,no_shared_term,False,False,False
S1-636714934,S2-250786012,no_shared_term,False,False,False
S1-636714934,S2-643688853,no_shared_term,False,False,False
S1-765946337,S3-175732936,beyond_rank_cut,False,True,False
S1-765946337,S3-571777344,no_shared_term,False,False,False
S1-28561075,S2-354644174,beyond_rank_cut,False,True,False
S1-761721747,S3-280861504,no_shared_term,False,False,False
S1-209238330,S3-473158400,beyond_rank_cut,False,True,False
S1-246914967,S3-395555580,beyond_rank_cut,False,True,False
S1-420402204,S3-683086458,beyond_rank_cut,False,True,False
S1-990041175,S3-148866001,beyond_rank_cut,False,True,False
S1-799753708,S3-510791798,beyond_rank_cut,False,True,False
S1-799753708,S3-598571077,no_shared_term,False,False,False
S1-799753708,S3-955675102,beyond_rank_cut,False,True,False
S1-483741602,S2-833318646,beyond_rank_cut,False,True,False
S1-503243959,S2-582202154,no_shared_term,False,False,False
S1-503243959,S2-621776770,no_shared_term,False,False,False
S1-503243959,S3-446617480,beyond_rank_cut,False,True,False
S1-112429519,S2-650216158,beyond_rank_cut,False,True,False
S1-616693882,S3-851798995,beyond_rank_cut,False,True,False
S1-655954373,S2-608312001,beyond_rank_cut,False,True,False
S1-316993243,S3-29562417,beyond_rank_cut,False,True,False
S1-848650211,S3-254991912,beyond_rank_cut,False,True,False
S1-52990192,S3-509952963,beyond_rank_cut,False,True,False
S1-768457228,S2-767598624,beyond_rank_cut,False,True,False
S1-442085896,S2-712390264,beyond_rank_cut,False,True,False
S1-716341081,S2-896362957,beyond_rank_cut,False,True,False
S1-970579676,S3-569052773,beyond_rank_cut,False,True,False
S1-237982668,S3-521226959,beyond_rank_cut,False,True,False
S1-721224804,S2-194571040,beyond_rank_cut,False,True,False
S1-749952388,S3-49332068,no_shared_term,False,False,False
S1-949484814,S2-908733103,beyond_rank_cut,False,True,False
S1-379335234,S3-499089858,no_shared_term,False,False,False
S1-591694806,S2-860200392,beyond_rank_cut,False,True,False
S1-776710373,S2-962498277,beyond_rank_cut,False,True,False
S1-368416312,S3-321672154,beyond_rank_cut,False,True,False
S1-965655636,S2-634227211,beyond_rank_cut,False,True,False
S1-85030782,S2-115613138,beyond_rank_cut,False,True,False
S1-858352790,S3-539794367,no_shared_term,False,False,False
S1-858352790,S3-965561078,no_shared_term,False,False,False
S1-867440498,S2-401101965,beyond_rank_cut,False,True,False
S1-817160241,S3-167382100,no_shared_term,False,False,False
S1-931165598,S2-714886808,no_shared_term,False,False,False
S1-248925436,S3-704489462,no_shared_term,False,False,False
S1-225313587,S3-412351095,beyond_rank_cut,False,True,False
S1-225313587,S3-471114310,no_shared_term,False,False,False
S1-225313587,S3-827297584,beyond_rank_cut,False,True,False
S1-916362539,S2-107219588,no_shared_term,False,False,False
S1-553024965,S3-307013377,no_shared_term,False,False,False
S1-553024965,S3-883082238,no_shared_term,False,False,False
S1-553024965,S3-998941640,beyond_rank_cut,False,True,False
S1-383048322,S3-854609254,beyond_rank_cut,False,True,False
S1-775665987,S3-420170532,beyond_rank_cut,False,True,False
S1-970910957,S2-851071920,beyond_rank_cut,False,True,False
S1-821024945,S3-752291847,no_shared_term,False,False,False
S1-335656321,S2-827791336,beyond_rank_cut,False,True,False
S1-866256790,S2-159763993,beyond_rank_cut,False,True,False
S1-902685938,S2-918953980,beyond_rank_cut,False,True,False
S1-567276943,S3-508483626,beyond_rank_cut,False,True,False
S1-567276943,S3-595673498,beyond_rank_cut,False,True,False
S1-855937899,S3-770449931,beyond_rank_cut,False,True,False
S1-628925428,S2-54631548,beyond_rank_cut,False,True,False
S1-40094308,S3-581590899,no_shared_term,False,False,False
S1-11998362,S3-336517733,beyond_rank_cut,False,True,False
S1-786572484,S3-479641603,beyond_rank_cut,False,True,False
S1-947092049,S3-922902287,beyond_rank_cut,False,True,False
S1-456337690,S2-402879194,beyond_rank_cut,False,True,False
S1-827037933,S2-673596743,beyond_rank_cut,False,True,False
S1-90436073,S2-974098800,beyond_rank_cut,False,True,False
S1-12148100,S2-996527302,beyond_rank_cut,False,True,False
S1-532928428,S2-314740427,beyond_rank_cut,False,True,False
S1-608316456,S2-845371319,beyond_rank_cut,False,True,False
S1-639581355,S3-9152317,beyond_rank_cut,False,True,False
S1-170615757,S3-746464401,beyond_rank_cut,False,True,False
S1-561021938,S2-836126514,beyond_rank_cut,False,True,False
S1-971280994,S3-358136362,no_shared_term,False,False,False
S1-285148722,S3-670882538,no_shared_term,False,False,False
S1-549025765,S3-538199788,beyond_rank_cut,False,True,False
S1-500751944,S3-200858318,beyond_rank_cut,False,True,False
S1-838081663,S2-579161722,no_shared_term,False,False,False
S1-561237350,S2-855164802,no_shared_term,False,False,False
S1-561237350,S3-509151848,no_shared_term,False,False,False
S1-561237350,S3-996840949,no_shared_term,False,False,False
S1-703190912,S2-836433743,beyond_rank_cut,False,True,False
S1-157552009,S3-69839966,beyond_rank_cut,False,True,False
S1-50312345,S2-45619844,beyond_rank_cut,False,True,False
S1-884129687,S2-653035078,beyond_rank_cut,False,True,False
S1-749228504,S2-813284910,beyond_rank_cut,False,True,False
S1-269259636,S3-629844856,beyond_rank_cut,False,True,False
S1-545433953,S3-909516841,beyond_rank_cut,False,True,False
S1-291032336,S3-635875841,beyond_rank_cut,False,True,False
S1-964037713,S2-215878629,no_shared_term,False,False,False
S1-964037713,S3-672242094,beyond_rank_cut,False,True,False
S1-441536267,S3-331097825,beyond_rank_cut,False,True,False
S1-93586611,S3-241503130,beyond_rank_cut,False,True,False
S1-887775826,S2-137023288,no_shared_term,False,False,False
S1-149735876,S3-82205044,beyond_rank_cut,False,True,False
S1-573866637,S3-560978766,no_shared_term,False,False,False
S1-226056952,S3-532512523,beyond_rank_cut,False,True,False
S1-620019955,S3-269055669,no_shared_term,False,False,False
S1-620019955,S3-382273371,beyond_rank_cut,False,True,False
S1-342378529,S3-608234251,beyond_rank_cut,False,True,False
S1-977764712,S2-18606910,beyond_rank_cut,False,True,False
S1-977764712,S2-514943626,beyond_rank_cut,False,True,False
S1-464175634,S2-258879145,no_shared_term,False,False,False
S1-464175634,S3-562314174,no_shared_term,False,False,False
S1-464175634,S3-854865220,beyond_rank_cut,False,True,False
S1-781944906,S3-672797950,beyond_rank_cut,False,True,False
S1-652689923,S2-362219627,beyond_rank_cut,False,True,False
S1-885249654,S3-28456548,beyond_rank_cut,False,True,False
S1-571141894,S2-357170204,beyond_rank_cut,False,True,False
S1-571141894,S3-220183909,beyond_rank_cut,False,True,False
S1-54557129,S2-698376196,beyond_rank_cut,False,True,False
S1-574401818,S3-197609003,beyond_rank_cut,False,True,False
S1-719015567,S2-22177877,no_shared_term,False,False,False
S1-627098240,S3-194842300,beyond_rank_cut,False,True,False
S1-127730760,S2-520459021,beyond_rank_cut,False,True,False
S1-127730760,S3-418653272,beyond_rank_cut,False,True,False
S1-210354123,S2-127984922,no_shared_term,False,False,False
S1-435436855,S3-60862948,beyond_rank_cut,False,True,False
S1-412240206,S3-201733581,no_shared_term,False,False,False
S1-190116717,S2-103388139,beyond_rank_cut,False,True,False
S1-189579308,S3-75507348,beyond_rank_cut,False,True,False
S1-952602495,S3-33954308,beyond_rank_cut,False,True,False
S1-129417842,S3-348591671,beyond_rank_cut,False,True,False
S1-929063512,S3-29824210,beyond_rank_cut,False,True,False
S1-643853230,S3-987600309,no_shared_term,False,False,False
S1-208886745,S3-818198595,beyond_rank_cut,False,True,False
S1-104167736,S2-688172503,no_shared_term,False,False,False
S1-139382280,S2-502254914,no_shared_term,False,False,False
S1-150980000,S2-192832963,no_shared_term,False,False,False
S1-150980000,S2-646923642,no_shared_term,False,False,False
S1-537756761,S2-3961784,beyond_rank_cut,False,True,False
S1-537756761,S2-440171151,beyond_rank_cut,False,True,False
S1-537756761,S2-547827565,beyond_rank_cut,False,True,False
S1-537756761,S3-371581041,beyond_rank_cut,False,True,False
S1-537756761,S3-416042952,beyond_rank_cut,False,True,False
S1-197656117,S3-914946085,beyond_rank_cut,False,True,False
S1-991226123,S2-234928803,no_shared_term,False,False,False
S1-892961502,S2-54439131,beyond_rank_cut,False,True,False
S1-668656872,S2-627319775,beyond_rank_cut,False,True,False
S1-285571938,S3-906223222,no_shared_term,False,False,False
S1-916077371,S3-687818668,no_shared_term,False,False,False
S1-593425995,S3-171706659,no_shared_term,False,False,False
S1-642959205,S2-542780675,no_shared_term,False,False,False
S1-607579720,S2-651576950,no_shared_term,False,False,False
S1-90986226,S3-687559651,no_shared_term,False,False,False
S1-516174888,S2-807008859,beyond_rank_cut,False,True,False
S1-143898496,S3-317300686,no_shared_term,False,False,False
S1-807853949,S2-528543756,beyond_rank_cut,False,True,False
S1-286556601,S2-481634184,no_shared_term,False,False,False
S1-858657325,S3-321499967,no_shared_term,False,False,False
S1-192845899,S2-486938334,beyond_rank_cut,False,True,False
S1-192845899,S2-650428717,beyond_rank_cut,False,True,False
S1-585692918,S3-997600630,beyond_rank_cut,False,True,False
S1-756420211,S2-180404729,beyond_rank_cut,False,True,False
S1-717367691,S3-630431918,beyond_rank_cut,False,True,False
S1-231754933,S2-535764148,no_shared_term,False,False,False
S1-504116105,S3-630841036,beyond_rank_cut,False,True,False
S1-197247320,S2-731270311,beyond_rank_cut,False,True,False
S1-18906610,S3-725399748,beyond_rank_cut,False,True,False
S1-108042626,S3-422186489,beyond_rank_cut,False,True,False
S1-108042626,S3-587181935,beyond_rank_cut,False,True,False
S1-699757270,S3-790097857,beyond_rank_cut,False,True,False
S1-50177512,S2-677305079,beyond_rank_cut,False,True,False
S1-585996467,S3-878567875,beyond_rank_cut,False,True,False
S1-579836421,S2-91727488,no_shared_term,False,False,False
S1-321292595,S3-49871980,beyond_rank_cut,False,True,False
S1-590098538,S2-616168567,no_shared_term,False,False,False
S1-590098538,S2-648227038,no_shared_term,False,False,False
S1-57456148,S3-255248325,beyond_rank_cut,False,True,False
S1-543985377,S3-878963377,no_shared_term,False,False,False
S1-338015141,S2-741363912,beyond_rank_cut,False,True,False
S1-741525359,S2-246517512,beyond_rank_cut,False,True,False
S1-741525359,S2-469960541,beyond_rank_cut,False,True,False
S1-967174437,S2-231435568,no_shared_term,False,False,False
S1-967174437,S3-780746158,beyond_rank_cut,False,True,False
S1-844893394,S2-345245087,beyond_rank_cut,False,True,False
S1-665603564,S3-276736734,no_shared_term,False,False,False
S1-425575385,S2-687307508,no_shared_term,False,False,False
S1-203138786,S2-267901486,beyond_rank_cut,False,True,False
S1-203138786,S2-334504783,beyond_rank_cut,False,True,False
S1-592994861,S3-545993914,beyond_rank_cut,False,True,False
S1-548809861,S2-874208379,beyond_rank_cut,False,True,False
S1-548809861,S3-704030715,beyond_rank_cut,False,True,False
S1-294399240,S3-36431341,beyond_rank_cut,False,True,False
S1-294399240,S3-425617977,no_shared_term,False,False,False
S1-661254721,S2-932866307,beyond_rank_cut,False,True,False
S1-746963668,S2-994303383,beyond_rank_cut,False,True,False
S1-306676555,S3-998023331,beyond_rank_cut,False,True,False
S1-357001254,S3-141493388,no_shared_term,False,False,False
S1-311111231,S3-122138416,beyond_rank_cut,False,True,False
S1-380139099,S2-557011115,beyond_rank_cut,False,True,False
S1-569840195,S3-949826500,beyond_rank_cut,False,True,False
S1-347710289,S3-871631415,beyond_rank_cut,False,True,False
S1-336715603,S2-810461909,no_shared_term,False,False,False
S1-336715603,S3-304680433,beyond_rank_cut,False,True,False
S1-336715603,S3-322216780,beyond_rank_cut,False,True,False
S1-597777550,S3-624838870,beyond_rank_cut,False,True,False
S1-856410125,S2-62132018,no_shared_term,False,False,False
S1-609735106,S3-556501086,beyond_rank_cut,False,True,False
S1-818553940,S2-680549170,beyond_rank_cut,False,True,False
S1-615047919,S2-429369325,beyond_rank_cut,False,True,False
S1-337624706,S3-267430368,beyond_rank_cut,False,True,False
S1-337624706,S3-533220228,beyond_rank_cut,False,True,False
S1-337624706,S3-98770594,beyond_rank_cut,False,True,False
S1-398690405,S3-482477206,beyond_rank_cut,False,True,False
S1-183568543,S2-973098941,no_shared_term,False,False,False
S1-515512373,S3-866236275,beyond_rank_cut,False,True,False
S1-231830274,S2-560411857,beyond_rank_cut,False,True,False
S1-231830274,S3-363783358,beyond_rank_cut,False,True,False
S1-419617568,S2-305168541,beyond_rank_cut,False,True,False
S1-419617568,S3-791314255,beyond_rank_cut,False,True,False
S1-464548387,S3-39368751,no_shared_term,False,False,False
S1-464548387,S3-553065956,beyond_rank_cut,False,True,False
S1-894385466,S3-892343537,no_shared_term,False,False,False
S1-379825280,S3-538677980,beyond_rank_cut,False,True,False
S1-822481521,S3-460996744,beyond_rank_cut,False,True,False
S1-110602126,S2-276205487,no_shared_term,False,False,False
S1-110602126,S3-127377042,no_shared_term,False,False,False
S1-170154805,S3-638251843,beyond_rank_cut,False,True,False
S1-580188152,S3-516952370,no_shared_term,False,False,False
S1-25238431,S2-533776961,beyond_rank_cut,False,True,False
S1-651591240,S3-495866390,no_shared_term,False,False,False
S1-521641912,S3-898935534,beyond_rank_cut,False,True,False
S1-260385571,S2-469633231,no_shared_term,False,False,False
S1-260385571,S2-666827383,no_shared_term,False,False,False
S1-519869880,S2-260491934,beyond_rank_cut,False,True,False
S1-14774787,S2-157574999,beyond_rank_cut,False,True,False
S1-244083501,S2-242456026,no_shared_term,False,False,False
S1-244083501,S3-539924399,no_shared_term,False,False,False
S1-971128403,S3-542859613,beyond_rank_cut,False,True,False
S1-971128403,S3-700310922,beyond_rank_cut,False,True,False
S1-481120732,S2-339705134,beyond_rank_cut,False,True,False
S1-765936651,S3-134688347,beyond_rank_cut,False,True,False
S1-742480723,S2-446822373,beyond_rank_cut,False,True,False
S1-484545128,S3-4218123,no_shared_term,False,False,False
S1-75133941,S3-517959952,beyond_rank_cut,False,True,False
S1-280816307,S3-700595374,beyond_rank_cut,False,True,False
S1-312072766,S3-130482069,beyond_rank_cut,False,True,False
S1-760977921,S3-841953362,beyond_rank_cut,False,True,False
S1-576710413,S2-650139486,beyond_rank_cut,False,True,False
S1-576710413,S3-673788383,beyond_rank_cut,False,True,False
S1-619368063,S2-318830257,no_shared_term,False,False,False
S1-17000708,S3-108507720,beyond_rank_cut,False,True,False
S1-334533867,S3-213474046,beyond_rank_cut,False,True,False
S1-373347054,S2-630974363,beyond_rank_cut,False,True,False
S1-633461433,S2-713139834,beyond_rank_cut,False,True,False
S1-273962036,S2-654426903,beyond_rank_cut,False,True,False
S1-273962036,S2-902419616,beyond_rank_cut,False,True,False
S1-958231552,S3-362925287,beyond_rank_cut,False,True,False
S1-90585785,S3-316845778,no_shared_term,False,False,False
S1-833852968,S2-972239785,beyond_rank_cut,False,True,False
S1-906966703,S2-101190806,beyond_rank_cut,False,True,False
S1-138100073,S2-350762461,beyond_rank_cut,False,True,False
S1-175685055,S3-172063807,no_shared_term,False,False,False
S1-466263091,S2-230046374,beyond_rank_cut,False,True,False
S1-984862592,S3-614358191,beyond_rank_cut,False,True,False
S1-597620271,S3-514165687,beyond_rank_cut,False,True,False
S1-586669727,S3-950923691,no_shared_term,False,False,False
S1-901656329,S2-996434326,beyond_rank_cut,False,True,False
S1-567960207,S3-162322541,no_shared_term,False,False,False
S1-402232680,S2-432445724,no_shared_term,False,False,False
S1-402232680,S3-17259525,no_shared_term,False,False,False
S1-402232680,S3-485320618,beyond_rank_cut,False,True,False
S1-383506512,S2-139521881,beyond_rank_cut,False,True,False
S1-383506512,S2-197645793,beyond_rank_cut,False,True,False
S1-387812831,S3-642180774,beyond_rank_cut,False,True,False
S1-624597246,S3-813270803,beyond_rank_cut,False,True,False
S1-354947551,S3-252302594,beyond_rank_cut,False,True,False
S1-354947551,S3-807811474,no_shared_term,False,False,False
S1-720963124,S2-139091300,beyond_rank_cut,False,True,False
S1-917745145,S3-380374272,beyond_rank_cut,False,True,False
S1-659777960,S2-723229916,beyond_rank_cut,False,True,False
S1-758187942,S3-262417287,beyond_rank_cut,False,True,False
S1-977093816,S3-350347847,no_shared_term,False,False,False
S1-977093816,S3-543520707,no_shared_term,False,False,False
S1-271701798,S2-232188954,beyond_rank_cut,False,True,False
S1-271701798,S3-165574150,beyond_rank_cut,False,True,False
S1-592484543,S3-859474244,beyond_rank_cut,False,True,False
S1-577454640,S3-949587079,beyond_rank_cut,False,True,False
S1-346368821,S2-987775078,beyond_rank_cut,False,True,False
S1-358762160,S3-793863988,no_shared_term,False,False,False
S1-503848300,S3-688842255,beyond_rank_cut,False,True,False
S1-503848300,S3-950224360,beyond_rank_cut,False,True,False
S1-818696354,S2-389305423,beyond_rank_cut,False,True,False
S1-998833327,S3-524693617,beyond_rank_cut,False,True,False
S1-177932774,S3-504918840,beyond_rank_cut,False,True,False
S1-760028022,S2-237710683,no_shared_term,False,False,False
S1-760028022,S2-344056617,no_shared_term,False,False,False
S1-760028022,S2-858330463,beyond_rank_cut,False,True,False
S1-632351506,S3-231448994,beyond_rank_cut,False,True,False
S1-89592205,S2-545344984,beyond_rank_cut,False,True,False
S1-666556282,S3-384448004,beyond_rank_cut,False,True,False
S1-574026778,S2-818099689,beyond_rank_cut,False,True,False
S1-652468380,S2-878706843,no_shared_term,False,False,False
S1-569018414,S3-305832213,no_shared_term,False,False,False
S1-400311046,S3-615166092,beyond_rank_cut,False,True,False
S1-134683774,S2-857407999,beyond_rank_cut,False,True,False
S1-134683774,S3-386506949,beyond_rank_cut,False,True,False
S1-211743104,S2-595832786,beyond_rank_cut,False,True,False
S1-144417679,S3-65879949,no_shared_term,False,False,False
S1-668036724,S3-182829132,no_shared_term,False,False,False
S1-340735368,S2-385885037,beyond_rank_cut,False,True,False
S1-873269716,S3-775170723,beyond_rank_cut,False,True,False
S1-547431049,S3-355939951,beyond_rank_cut,False,True,False
S1-546713878,S3-95439514,beyond_rank_cut,False,True,False
S1-546713878,S3-991261886,beyond_rank_cut,False,True,False
S1-58615340,S3-849125123,beyond_rank_cut,False,True,False
S1-719666983,S3-629580442,beyond_rank_cut,False,True,False
S1-57957978,S3-962886688,beyond_rank_cut,False,True,False
S1-451913372,S2-332411096,no_shared_term,False,False,False
S1-451913372,S2-584052115,no_shared_term,False,False,False
S1-451913372,S3-891176288,beyond_rank_cut,False,True,False
S1-465181706,S3-562919367,beyond_rank_cut,False,True,False
S1-507241673,S3-5972594,no_shared_term,False,False,False
S1-18772705,S2-658989823,beyond_rank_cut,False,True,False
S1-263392920,S2-766868593,beyond_rank_cut,False,True,False
S1-279411976,S3-968879253,beyond_rank_cut,False,True,False
S1-496662972,S3-206164537,beyond_rank_cut,False,True,False
S1-496662972,S3-20880159,beyond_rank_cut,False,True,False
S1-496662972,S3-703072561,beyond_rank_cut,False,True,False
S1-480629285,S2-973191849,beyond_rank_cut,False,True,False
S1-502617487,S2-429959585,beyond_rank_cut,False,True,False
S1-502617487,S2-937903163,beyond_rank_cut,False,True,False
S1-769095344,S2-971326435,beyond_rank_cut,False,True,False
S1-971598280,S2-552120441,no_shared_term,False,False,False
S1-971598280,S3-512683795,beyond_rank_cut,False,True,False
S1-411816455,S3-100658859,beyond_rank_cut,False,True,False
S1-411816455,S3-210886374,beyond_rank_cut,False,True,False
S1-411816455,S3-94875816,no_shared_term,False,False,False
S1-898677420,S3-297982219,beyond_rank_cut,False,True,False
S1-941527241,S2-463917820,beyond_rank_cut,False,True,False
S1-429393074,S3-155166206,beyond_rank_cut,False,True,False
S1-954766357,S2-795339824,beyond_rank_cut,False,True,False
S1-913421240,S2-529218687,beyond_rank_cut,False,True,False
S1-996249178,S3-961332336,no_shared_term,False,False,False
S1-289223538,S3-745289450,beyond_rank_cut,False,True,False
S1-723326681,S3-39568163,beyond_rank_cut,False,True,False
S1-261321141,S2-161837449,no_shared_term,False,False,False
S1-678574632,S3-259768743,beyond_rank_cut,False,True,False
S1-439665802,S3-505872595,beyond_rank_cut,False,True,False
S1-712824615,S3-899559545,no_shared_term,False,False,False
S1-639840069,S3-974739336,beyond_rank_cut,False,True,False
S1-865630572,S3-587479964,beyond_rank_cut,False,True,False
S1-321694153,S2-847516655,beyond_rank_cut,False,True,False
S1-69761,S2-763543730,no_shared_term,False,False,False
S1-699867037,S3-31863024,no_shared_term,False,False,False
S1-126648044,S2-272548137,beyond_rank_cut,False,True,False
S1-206001693,S3-481034152,beyond_rank_cut,False,True,False
S1-206001693,S3-49978758,beyond_rank_cut,False,True,False
S1-95813669,S3-905848435,beyond_rank_cut,False,True,False
S1-673530263,S2-120860844,beyond_rank_cut,False,True,False
S1-544155769,S3-390583140,beyond_rank_cut,False,True,False
S1-75594084,S2-83180442,no_shared_term,False,False,False
S1-660713449,S3-982432279,beyond_rank_cut,False,True,False
S1-503831967,S2-600519145,beyond_rank_cut,False,True,False
S1-227212354,S3-221406718,no_shared_term,False,False,False
S1-460170500,S3-282961046,beyond_rank_cut,False,True,False
S1-460170500,S3-939915394,beyond_rank_cut,False,True,False
S1-344905179,S3-849305797,beyond_rank_cut,False,True,False
S1-597800603,S3-278639705,beyond_rank_cut,False,True,False
S1-500401599,S3-462115845,no_shared_term,False,False,False
S1-72083857,S2-970721133,beyond_rank_cut,False,True,False
S1-733829062,S2-247865784,beyond_rank_cut,False,True,False
S1-588264551,S3-502868022,beyond_rank_cut,False,True,False
S1-588264551,S3-946731127,beyond_rank_cut,False,True,False
S1-835028606,S2-685568131,beyond_rank_cut,False,True,False
S1-835028606,S3-739607354,beyond_rank_cut,False,True,False
S1-2115316,S2-177107292,beyond_rank_cut,False,True,False
S1-451473933,S3-230059607,beyond_rank_cut,False,True,False
S1-647429948,S2-854433291,beyond_rank_cut,False,True,False
S1-695641289,S3-494035703,beyond_rank_cut,False,True,False
S1-510484552,S2-24575740,beyond_rank_cut,False,True,False
S1-510484552,S3-299232917,beyond_rank_cut,False,True,False
S1-167289682,S2-664144031,beyond_rank_cut,False,True,False
S1-638433562,S3-944157754,no_shared_term,False,False,False
S1-691660686,S3-169838132,beyond_rank_cut,False,True,False
S1-369218955,S2-184626030,no_shared_term,False,False,False
S1-773686144,S3-491401670,beyond_rank_cut,False,True,False
S1-329337165,S2-457947456,no_shared_term,False,False,False
S1-994020206,S3-303450974,beyond_rank_cut,False,True,False
S1-994020206,S3-554209530,beyond_rank_cut,False,True,False
S1-964726143,S3-722323258,beyond_rank_cut,False,True,False
S1-607105907,S3-80236768,beyond_rank_cut,False,True,False
S1-137687695,S3-1598072,beyond_rank_cut,False,True,False
S1-846112833,S3-694870923,beyond_rank_cut,False,True,False
S1-279444989,S2-2852915,beyond_rank_cut,False,True,False
S1-279444989,S2-951239534,beyond_rank_cut,False,True,False
S1-19160593,S2-841545974,beyond_rank_cut,False,True,False
S1-70133157,S3-971495038,beyond_rank_cut,False,True,False
S1-983508391,S2-821021264,beyond_rank_cut,False,True,False
S1-226649816,S3-914000411,beyond_rank_cut,False,True,False
S1-251372141,S3-791407768,beyond_rank_cut,False,True,False
S1-864281673,S3-65027266,beyond_rank_cut,False,True,False
S1-864281673,S3-671102369,beyond_rank_cut,False,True,False
S1-864281673,S3-911487806,beyond_rank_cut,False,True,False
S1-427499155,S2-830554886,beyond_rank_cut,False,True,False
S1-112350713,S3-949871523,beyond_rank_cut,False,True,False
S1-592452918,S3-308675873,no_shared_term,False,False,False
S1-193769545,S3-340204453,beyond_rank_cut,False,True,False
S1-817445104,S2-690690999,no_shared_term,False,False,False
S1-724666183,S2-702930611,beyond_rank_cut,False,True,False
S1-983474088,S3-819250315,beyond_rank_cut,False,True,False
S1-377728097,S2-591215220,no_shared_term,False,False,False
S1-377728097,S3-214791334,no_shared_term,False,False,False
S1-377728097,S3-442896149,no_shared_term,False,False,False
S1-197023437,S2-236229529,no_shared_term,False,False,False
S1-197023437,S2-715309482,no_shared_term,False,False,False
S1-423942107,S3-660039160,beyond_rank_cut,False,True,False
S1-833420086,S2-278158453,beyond_rank_cut,False,True,False
S1-833420086,S2-444491434,beyond_rank_cut,False,True,False
S1-833420086,S2-921657943,beyond_rank_cut,False,True,False
S1-407320224,S3-117921192,beyond_rank_cut,False,True,False
S1-652077008,S2-138223875,no_shared_term,False,False,False
S1-652077008,S2-753794286,no_shared_term,False,False,False
S1-384371793,S2-937778490,beyond_rank_cut,False,True,False
S1-522881814,S3-537830531,beyond_rank_cut,False,True,False
S1-597321026,S2-924665996,beyond_rank_cut,False,True,False
S1-856228679,S3-45689732,beyond_rank_cut,False,True,False
S1-856228679,S3-651150127,beyond_rank_cut,False,True,False
S1-649333796,S3-854763213,no_shared_term,False,False,False
S1-282922895,S3-234129257,beyond_rank_cut,False,True,False
S1-282922895,S3-293663553,beyond_rank_cut,False,True,False
S1-365975798,S2-749893348,no_shared_term,False,False,False
S1-749028230,S2-149810576,no_shared_term,False,False,False
S1-749028230,S3-512538213,beyond_rank_cut,False,True,False
S1-917509912,S3-170874073,no_shared_term,False,False,False
S1-917509912,S3-332282090,beyond_rank_cut,False,True,False
S1-917509912,S3-6650933,no_shared_term,False,False,False
S1-85339782,S2-104223576,beyond_rank_cut,False,True,False
S1-928914596,S3-313755265,beyond_rank_cut,False,True,False
S1-928914596,S3-494928925,beyond_rank_cut,False,True,False
S1-968580354,S2-575674824,beyond_rank_cut,False,True,False
S1-968580354,S3-273125754,beyond_rank_cut,False,True,False
S1-912954725,S2-995738740,no_shared_term,False,False,False
S1-393101398,S3-815000655,no_shared_term,False,False,False
S1-459513601,S3-879017951,beyond_rank_cut,False,True,False
S1-162721249,S3-464853103,beyond_rank_cut,False,True,False
S1-824381549,S2-470083577,beyond_rank_cut,False,True,False
S1-824381549,S2-786906151,beyond_rank_cut,False,True,False
S1-579150059,S3-685107770,beyond_rank_cut,False,True,False
S1-273794194,S2-82002657,beyond_rank_cut,False,True,False
S1-590871595,S3-319365771,no_shared_term,False,False,False
S1-489160205,S3-708715108,beyond_rank_cut,False,True,False
S1-823561539,S2-40859772,no_shared_term,False,False,False
S1-512277722,S3-596473070,beyond_rank_cut,False,True,False
S1-998384724,S2-911247722,no_shared_term,False,False,False
S1-784828240,S3-949492061,beyond_rank_cut,False,True,False
S1-855383993,S3-105858213,no_shared_term,False,False,False
S1-53158150,S2-462327401,beyond_rank_cut,False,True,False
S1-164441736,S2-453409747,beyond_rank_cut,False,True,False
S1-164441736,S3-56384132,beyond_rank_cut,False,True,False
S1-578850267,S3-614988703,beyond_rank_cut,False,True,False
S1-842544546,S2-900535967,beyond_rank_cut,False,True,False
S1-587728971,S3-958612433,no_shared_term,False,False,False
S1-569409761,S2-52547473,no_shared_term,False,False,False
S1-255247096,S3-419822906,beyond_rank_cut,False,True,False
S1-255247096,S3-769287597,no_shared_term,False,False,False
S1-30957529,S2-329699501,beyond_rank_cut,False,True,False
S1-972522892,S3-685515441,beyond_rank_cut,False,True,False
S1-948253875,S3-679975472,beyond_rank_cut,False,True,False
S1-66440181,S3-449882259,beyond_rank_cut,False,True,False
S1-494712762,S3-345639443,beyond_rank_cut,False,True,False
S1-406529106,S3-772641084,beyond_rank_cut,False,True,False
S1-242522074,S2-527962871,beyond_rank_cut,False,True,False
S1-146005648,S2-13465802,beyond_rank_cut,False,True,False
S1-234629955,S3-950321807,beyond_rank_cut,False,True,False
S1-511929942,S2-272690873,beyond_rank_cut,False,True,False
S1-205162982,S3-209036737,beyond_rank_cut,False,True,False
S1-747796713,S2-786797342,beyond_rank_cut,False,True,False
S1-264416886,S3-838456964,beyond_rank_cut,False,True,False
S1-501068284,S2-553415456,beyond_rank_cut,False,True,False
S1-361259599,S3-572402939,beyond_rank_cut,False,True,False
S1-604209700,S3-565000728,beyond_rank_cut,False,True,False
S1-14475252,S3-263495556,beyond_rank_cut,False,True,False
S1-598608282,S3-983641432,no_shared_term,False,False,False
S1-111132907,S2-8785964,no_shared_term,False,False,False
S1-111132907,S3-342377948,beyond_rank_cut,False,True,False
S1-111132907,S3-453935987,beyond_rank_cut,False,True,False
S1-334483024,S2-985931494,beyond_rank_cut,False,True,False
S1-577780105,S2-689983016,beyond_rank_cut,False,True,False
S1-577780105,S3-545137245,beyond_rank_cut,False,True,False
S1-54348244,S2-671136274,beyond_rank_cut,False,True,False
S1-104451055,S3-8599476,beyond_rank_cut,False,True,False
S1-74282883,S3-539330291,no_shared_term,False,False,False
S1-152810688,S3-768476186,beyond_rank_cut,False,True,False
S1-152810688,S3-776159844,beyond_rank_cut,False,True,False
S1-588093819,S2-325780463,beyond_rank_cut,False,True,False
S1-588093819,S2-716208495,beyond_rank_cut,False,True,False
S1-542939742,S2-963405936,beyond_rank_cut,False,True,False
S1-677508940,S3-554505294,beyond_rank_cut,False,True,False
S1-16893859,S2-459314664,beyond_rank_cut,False,True,False
S1-217505923,S3-259995841,beyond_rank_cut,False,True,False
S1-187283248,S2-684245713,beyond_rank_cut,False,True,False
S1-124265706,S3-741704538,no_shared_term,False,False,False
S1-134670013,S3-498702029,no_shared_term,False,False,False
S1-70736030,S2-750652028,beyond_rank_cut,False,True,False
S1-859754360,S2-21389238,no_shared_term,False,False,False
S1-859754360,S3-42428582,beyond_rank_cut,False,True,False
S1-859754360,S3-783155274,beyond_rank_cut,False,True,False
S1-502134267,S3-800703476,no_shared_term,False,False,False
S1-206731895,S2-934989383,no_shared_term,False,False,False
S1-206731895,S3-52689770,no_shared_term,False,False,False
S1-206731895,S3-646803033,no_shared_term,False,False,False
S1-278169316,S2-188030836,beyond_rank_cut,False,True,False
S1-911915189,S2-418592902,no_shared_term,False,False,False
S1-100600340,S3-208567916,no_shared_term,False,False,False
S1-546748603,S3-488771801,no_shared_term,False,False,False
S1-853079030,S3-15793358,beyond_rank_cut,False,True,False
S1-260297610,S2-541994880,beyond_rank_cut,False,True,False
S1-17803073,S2-28909216,no_shared_term,False,False,False
S1-17803073,S3-98017513,beyond_rank_cut,False,True,False
S1-77360773,S2-662464177,beyond_rank_cut,False,True,False
S1-479723547,S2-635931699,beyond_rank_cut,False,True,False
S1-677803877,S3-995731383,beyond_rank_cut,False,True,False
S1-471214465,S2-125754420,beyond_rank_cut,False,True,False
S1-470211246,S2-722499805,beyond_rank_cut,False,True,False
S1-789827252,S2-987362175,beyond_rank_cut,False,True,False
S1-67126133,S2-271764956,beyond_rank_cut,False,True,False
S1-67126133,S3-595226866,beyond_rank_cut,False,True,False
S1-367851211,S3-275692953,no_shared_term,False,False,False
S1-951358942,S2-229301766,no_shared_term,False,False,False
S1-951358942,S2-922836694,no_shared_term,False,False,False
S1-417590735,S3-680068299,beyond_rank_cut,False,True,False
S1-948401937,S3-346764257,beyond_rank_cut,False,True,False
S1-205037112,S2-258341780,no_shared_term,False,False,False
S1-205037112,S2-784906528,no_shared_term,False,False,False
S1-205037112,S3-282285155,no_shared_term,False,False,False
S1-67587372,S2-181747720,beyond_rank_cut,False,True,False
S1-67587372,S3-664808900,beyond_rank_cut,False,True,False
S1-183080500,S3-372113118,beyond_rank_cut,False,True,False
S1-216537145,S2-296020790,beyond_rank_cut,False,True,False
S1-70943317,S3-297478710,beyond_rank_cut,False,True,False
S1-353906865,S3-91713569,no_shared_term,False,False,False
S1-358282881,S3-243143328,no_shared_term,False,False,False
S1-358282881,S3-379135077,no_shared_term,False,False,False
S1-358282881,S3-856691169,beyond_rank_cut,False,True,False
S1-928375667,S2-936686052,beyond_rank_cut,False,True,False
S1-990874134,S3-481100524,beyond_rank_cut,False,True,False
S1-872022323,S2-37329057,no_shared_term,False,False,False
S1-495164936,S3-695237062,beyond_rank_cut,False,True,False
S1-611165939,S3-636208469,no_shared_term,False,False,False
S1-546444316,S3-604761249,no_shared_term,False,False,False
S1-9632910,S3-615843622,beyond_rank_cut,False,True,False
S1-424316712,S3-491561079,beyond_rank_cut,False,True,False
S1-43417512,S2-336802421,beyond_rank_cut,False,True,False
S1-43417512,S3-663181612,beyond_rank_cut,False,True,False
S1-570121886,S3-691946,no_shared_term,False,False,False
S1-709599348,S3-596707384,no_shared_term,False,False,False
S1-42035673,S3-770291439,beyond_rank_cut,False,True,False
S1-250872408,S3-557177171,beyond_rank_cut,False,True,False
S1-198101133,S3-832765101,beyond_rank_cut,False,True,False
S1-55494266,S3-275565195,beyond_rank_cut,False,True,False
S1-55494266,S3-431866296,beyond_rank_cut,False,True,False
S1-204943869,S3-70734031,beyond_rank_cut,False,True,False
S1-794658236,S3-183000851,beyond_rank_cut,False,True,False
S1-136004564,S3-693611845,beyond_rank_cut,False,True,False
S1-712060733,S3-251451344,beyond_rank_cut,False,True,False
S1-297929015,S3-799553944,beyond_rank_cut,False,True,False
S1-599677545,S2-256639513,beyond_rank_cut,False,True,False
S1-812931498,S3-275893247,beyond_rank_cut,False,True,False
S1-971482179,S2-739751456,no_shared_term,False,False,False
S1-812221059,S3-612440369,beyond_rank_cut,False,True,False
S1-812221059,S3-840572439,beyond_rank_cut,False,True,False
S1-220499157,S3-416343001,beyond_rank_cut,False,True,False
S1-493602442,S2-9234704,beyond_rank_cut,False,True,False
S1-220854326,S3-504425879,beyond_rank_cut,False,True,False
S1-144953863,S2-381124806,beyond_rank_cut,False,True,False
S1-393397169,S3-735400889,no_shared_term,False,False,False
S1-509040290,S3-177694605,no_shared_term,False,False,False
S1-854190101,S2-591097631,no_shared_term,False,False,False
S1-854190101,S2-796647657,no_shared_term,False,False,False
S1-854190101,S3-327507771,no_shared_term,False,False,False
S1-76544122,S3-818572918,beyond_rank_cut,False,True,False
S1-366894255,S3-166800924,beyond_rank_cut,False,True,False
S1-885784713,S2-26724166,no_shared_term,False,False,False
S1-111954601,S2-144437261,beyond_rank_cut,False,True,False
S1-154246388,S2-270041387,no_shared_term,False,False,False
S1-98521618,S2-381262761,beyond_rank_cut,False,True,False
S1-98521618,S2-448951902,beyond_rank_cut,False,True,False
S1-662291991,S2-601837024,no_shared_term,False,False,False
S1-828675149,S3-866785125,beyond_rank_cut,False,True,False
S1-160382191,S3-10980923,no_shared_term,False,False,False
S1-160382191,S3-275214265,beyond_rank_cut,False,True,False
S1-160382191,S3-64987678,beyond_rank_cut,False,True,False
S1-160382191,S3-960409557,no_shared_term,False,False,False
S1-421684866,S3-70964271,beyond_rank_cut,False,True,False
S1-936189082,S3-875300324,beyond_rank_cut,False,True,False
S1-258451563,S2-858475450,beyond_rank_cut,False,True,False
S1-258451563,S3-60768350,beyond_rank_cut,False,True,False
S1-258451563,S3-614771153,beyond_rank_cut,False,True,False
S1-258451563,S3-728286543,no_shared_term,False,False,False
S1-469211442,S2-503317990,beyond_rank_cut,False,True,False
S1-469211442,S3-791366165,beyond_rank_cut,False,True,False
S1-579568972,S2-185933563,no_shared_term,False,False,False
S1-579568972,S2-723823529,no_shared_term,False,False,False
S1-579568972,S3-755640028,beyond_rank_cut,False,True,False
S1-224170297,S2-419132768,beyond_rank_cut,False,True,False
S1-224170297,S3-933178260,beyond_rank_cut,False,True,False
S1-755838102,S3-42473662,beyond_rank_cut,False,True,False
S1-819972821,S2-492665798,beyond_rank_cut,False,True,False
S1-582001341,S2-960095679,beyond_rank_cut,False,True,False
S1-956652198,S2-32866811,no_shared_term,False,False,False
S1-956652198,S3-464326509,no_shared_term,False,False,False
S1-956652198,S3-609421417,no_shared_term,False,False,False
S1-956652198,S3-876578038,beyond_rank_cut,False,True,False
S1-667937568,S2-586581588,no_shared_term,False,False,False
S1-667937568,S3-785269948,beyond_rank_cut,False,True,False
S1-957877971,S2-874421305,no_shared_term,False,False,False
S1-693438374,S2-273169244,beyond_rank_cut,False,True,False
S1-829411967,S2-752713285,beyond_rank_cut,False,True,False
S1-744349510,S2-816433422,no_shared_term,False,False,False
S1-744349510,S3-230085169,no_shared_term,False,False,False
S1-744349510,S3-647411070,beyond_rank_cut,False,True,False
S1-870917610,S3-450550544,no_shared_term,False,False,False
S1-870917610,S3-88103399,beyond_rank_cut,False,True,False
S1-208496827,S2-481311410,beyond_rank_cut,False,True,False
S1-841509581,S2-248471728,beyond_rank_cut,False,True,False
S1-177788905,S3-435072662,no_shared_term,False,False,False
S1-964932759,S3-52152974,no_shared_term,False,False,False
S1-833412495,S3-18401423,no_shared_term,False,False,False
S1-605934416,S3-500375444,beyond_rank_cut,False,True,False
S1-229409044,S3-870949738,beyond_rank_cut,False,True,False
S1-462178757,S3-117227701,beyond_rank_cut,False,True,False
S1-770769509,S2-891580084,beyond_rank_cut,False,True,False
S1-294952647,S3-82338625,no_shared_term,False,False,False
S1-399724786,S3-134604500,beyond_rank_cut,False,True,False
S1-578086632,S2-116460959,beyond_rank_cut,False,True,False
S1-193345934,S3-9619275,beyond_rank_cut,False,True,False
S1-754695430,S3-808563720,beyond_rank_cut,False,True,False
S1-909224446,S2-781104388,beyond_rank_cut,False,True,False
S1-226891955,S2-218893984,no_shared_term,False,False,False
S1-566381582,S2-343210475,beyond_rank_cut,False,True,False
S1-644827270,S2-305289900,no_shared_term,False,False,False
S1-644827270,S3-604404333,no_shared_term,False,False,False
S1-951232492,S2-639308161,beyond_rank_cut,False,True,False
S1-798660547,S3-112501604,beyond_rank_cut,False,True,False
S1-144691768,S2-886347707,beyond_rank_cut,False,True,False
S1-100639998,S3-804441625,beyond_rank_cut,False,True,False
S1-100639998,S3-865391867,beyond_rank_cut,False,True,False
S1-769826783,S3-895902224,beyond_rank_cut,False,True,False
S1-162978122,S3-754075112,beyond_rank_cut,False,True,False
S1-268198951,S3-887639834,no_shared_term,False,False,False
S1-145698928,S2-227279121,beyond_rank_cut,False,True,False
S1-883253729,S3-912593285,no_shared_term,False,False,False
S1-460756387,S3-300835716,beyond_rank_cut,False,True,False
S1-460756387,S3-521710726,beyond_rank_cut,False,True,False
S1-917119218,S3-796996603,no_shared_term,False,False,False
S1-871300269,S3-37343365,beyond_rank_cut,False,True,False
S1-576683535,S2-287899361,beyond_rank_cut,False,True,False
S1-727437185,S2-220673482,no_shared_term,False,False,False
S1-727437185,S3-106491662,no_shared_term,False,False,False
S1-727437185,S3-162735396,no_shared_term,False,False,False
S1-507239482,S2-775909576,beyond_rank_cut,False,True,False
S1-60724381,S3-502736752,beyond_rank_cut,False,True,False
S1-339657340,S3-253109717,no_shared_term,False,False,False
S1-841582030,S3-576037470,beyond_rank_cut,False,True,False
S1-350875124,S3-458981337,beyond_rank_cut,False,True,False
S1-84226529,S3-491361756,beyond_rank_cut,False,True,False
S1-84226529,S3-780255668,beyond_rank_cut,False,True,False
S1-494943033,S3-364349633,beyond_rank_cut,False,True,False
S1-494943033,S3-771725837,beyond_rank_cut,False,True,False
S1-392833797,S3-667372557,beyond_rank_cut,False,True,False
S1-957405844,S2-225592033,beyond_rank_cut,False,True,False
S1-957405844,S2-47925596,beyond_rank_cut,False,True,False
S1-957405844,S2-598069809,beyond_rank_cut,False,True,False
S1-931920570,S3-177266845,no_shared_term,False,False,False
S1-931920570,S3-660031541,no_shared_term,False,False,False
S1-931920570,S3-946380860,no_shared_term,False,False,False
S1-20557867,S2-315142992,beyond_rank_cut,False,True,False
S1-495951128,S2-72679947,beyond_rank_cut,False,True,False
S1-243401664,S3-949075734,no_shared_term,False,False,False
S1-995886118,S3-310691866,beyond_rank_cut,False,True,False
S1-650718591,S2-944320702,beyond_rank_cut,False,True,False
S1-952170972,S3-858408226,beyond_rank_cut,False,True,False
S1-384629517,S2-741285396,no_shared_term,False,False,False
S1-384629517,S3-188941164,beyond_rank_cut,False,True,False
S1-384629517,S3-562570512,no_shared_term,False,False,False
S1-384629517,S3-93382495,beyond_rank_cut,False,True,False
S1-497417586,S2-724576333,beyond_rank_cut,False,True,False
S1-663838665,S3-847062547,beyond_rank_cut,False,True,False
S1-47831848,S2-801561778,no_shared_term,False,False,False
S1-923936939,S2-956886831,beyond_rank_cut,False,True,False
S1-813679500,S3-962127149,beyond_rank_cut,False,True,False
S1-569984138,S3-206150215,beyond_rank_cut,False,True,False
S1-979485656,S3-673002445,beyond_rank_cut,False,True,False
S1-831080224,S2-285873150,beyond_rank_cut,False,True,False
S1-831080224,S3-923874416,beyond_rank_cut,False,True,False
S1-566808240,S3-700845099,no_shared_term,False,False,False
S1-292110971,S3-220917369,beyond_rank_cut,False,True,False
S1-292110971,S3-928835667,beyond_rank_cut,False,True,False
S1-112930322,S3-534352305,beyond_rank_cut,False,True,False
S1-234096452,S2-319255152,no_shared_term,False,False,False
S1-336559015,S2-642432207,beyond_rank_cut,False,True,False
S1-644232509,S3-474285023,beyond_rank_cut,False,True,False
S1-46319724,S2-56947777,beyond_rank_cut,False,True,False
S1-46319724,S3-606849834,beyond_rank_cut,False,True,False
S1-512563712,S3-570749010,no_shared_term,False,False,False
S1-380077320,S2-186184166,no_shared_term,False,False,False
S1-380077320,S3-108125713,beyond_rank_cut,False,True,False
S1-866918093,S3-190452414,beyond_rank_cut,False,True,False
S1-568592816,S2-889314162,beyond_rank_cut,False,True,False
S1-509207637,S2-880603507,beyond_rank_cut,False,True,False
S1-62734364,S3-799102728,beyond_rank_cut,False,True,False
S1-903916297,S2-358007543,beyond_rank_cut,False,True,False
S1-442447844,S3-735625085,beyond_rank_cut,False,True,False
S1-455084311,S3-153470565,beyond_rank_cut,False,True,False
S1-117677150,S3-675168602,beyond_rank_cut,False,True,False
S1-216175140,S2-413372452,beyond_rank_cut,False,True,False
S1-542254840,S2-222958518,beyond_rank_cut,False,True,False
S1-380417796,S3-769524116,no_shared_term,False,False,False
S1-156509913,S2-510285447,beyond_rank_cut,False,True,False
S1-157195063,S3-873373119,beyond_rank_cut,False,True,False
S1-815756783,S3-590440940,beyond_rank_cut,False,True,False
S1-231719783,S2-43522297,beyond_rank_cut,False,True,False
S1-990212405,S2-69466776,no_shared_term,False,False,False
S1-990212405,S3-120267108,no_shared_term,False,False,False
S1-883718750,S3-489412297,beyond_rank_cut,False,True,False
S1-176666308,S2-195697834,beyond_rank_cut,False,True,False
S1-317985764,S3-699575303,beyond_rank_cut,False,True,False
S1-190317323,S3-856242244,no_shared_term,False,False,False
S1-899373066,S2-525341547,beyond_rank_cut,False,True,False
S1-214462469,S3-788072309,beyond_rank_cut,False,True,False
S1-778154084,S2-538974378,beyond_rank_cut,False,True,False
S1-158992857,S3-285989355,beyond_rank_cut,False,True,False
S1-100213165,S3-53667000,beyond_rank_cut,False,True,False
S1-936640390,S3-637805425,beyond_rank_cut,False,True,False
S1-514006352,S2-748663923,beyond_rank_cut,False,True,False
S1-953310734,S3-325988410,beyond_rank_cut,False,True,False
S1-433080592,S3-128589352,no_shared_term,False,False,False
S1-433080592,S3-76456995,no_shared_term,False,False,False
S1-363089643,S3-678350669,beyond_rank_cut,False,True,False
S1-692663402,S3-735566462,beyond_rank_cut,False,True,False
S1-692663402,S3-794567804,no_shared_term,False,False,False
S1-692663402,S3-853497254,beyond_rank_cut,False,True,False
S1-854728223,S3-338428213,no_shared_term,False,False,False
S1-854728223,S3-772004469,no_shared_term,False,False,False
S1-336491192,S2-647355959,no_shared_term,False,False,False
S1-290050891,S3-716481150,beyond_rank_cut,False,True,False
S1-683474404,S2-259151061,no_shared_term,False,False,False
S1-683474404,S3-752456377,beyond_rank_cut,False,True,False
S1-811186608,S3-732107960,beyond_rank_cut,False,True,False
S1-660520837,S3-227019907,beyond_rank_cut,False,True,False
S1-98274338,S3-108420562,no_shared_term,False,False,False
S1-98274338,S3-913650672,beyond_rank_cut,False,True,False
S1-849198968,S2-111466731,beyond_rank_cut,False,True,False
S1-788932080,S2-723780966,beyond_rank_cut,False,True,False
S1-111552554,S2-973409940,no_shared_term,False,False,False
S1-805087944,S3-542487257,beyond_rank_cut,False,True,False
S1-952737560,S3-450370612,no_shared_term,False,False,False
S1-273073739,S3-58403739,beyond_rank_cut,False,True,False
S1-787739240,S3-402514739,no_shared_term,False,False,False
S1-79567324,S2-955533477,beyond_rank_cut,False,True,False
S1-517900831,S2-845496706,no_shared_term,False,False,False
S1-752652281,S2-990632115,beyond_rank_cut,False,True,False
S1-303791868,S2-430851662,beyond_rank_cut,False,True,False
S1-331077417,S3-688264619,beyond_rank_cut,False,True,False
S1-662477204,S3-404568952,no_shared_term,False,False,False
S1-827533426,S2-821422313,beyond_rank_cut,False,True,False
S1-513513014,S3-144264563,beyond_rank_cut,False,True,False
S1-18420874,S3-601903883,no_shared_term,False,False,False
S1-18420874,S3-847710838,no_shared_term,False,False,False
S1-361550697,S3-613221093,no_shared_term,False,False,False
S1-779537212,S2-132567480,beyond_rank_cut,False,True,False
S1-140904172,S3-912527889,no_shared_term,False,False,False
S1-301942367,S3-107100880,no_shared_term,False,False,False
S1-344874608,S2-568850570,beyond_rank_cut,False,True,False
S1-456462964,S3-266315230,beyond_rank_cut,False,True,False
S1-373759224,S3-642569690,beyond_rank_cut,False,True,False
S1-932138767,S2-969021029,beyond_rank_cut,False,True,False
S1-15088093,S2-720605045,beyond_rank_cut,False,True,False
S1-511503903,S2-386250901,no_shared_term,False,False,False
S1-783431180,S2-683576778,beyond_rank_cut,False,True,False
S1-708974899,S3-481561642,beyond_rank_cut,False,True,False
S1-523652333,S2-285480210,no_shared_term,False,False,False
S1-787791055,S2-544832877,beyond_rank_cut,False,True,False
S1-787791055,S3-398692018,beyond_rank_cut,False,True,False
S1-989190937,S2-821975405,beyond_rank_cut,False,True,False
S1-633538060,S2-851939454,beyond_rank_cut,False,True,False
S1-806468765,S3-387926276,beyond_rank_cut,False,True,False
S1-138726259,S2-313331880,no_shared_term,False,False,False
S1-922869168,S3-884356195,beyond_rank_cut,False,True,False
S1-129936499,S2-833719457,beyond_rank_cut,False,True,False
S1-727391902,S3-705534731,no_shared_term,False,False,False
S1-727391902,S3-790788204,no_shared_term,False,False,False
S1-44957763,S3-107490179,beyond_rank_cut,False,True,False
S1-44957763,S3-529700114,beyond_rank_cut,False,True,False
S1-44957763,S3-822681688,beyond_rank_cut,False,True,False
S1-593599433,S3-136735833,beyond_rank_cut,False,True,False
S1-593599433,S3-997039235,beyond_rank_cut,False,True,False
S1-765627107,S2-239189883,beyond_rank_cut,False,True,False
S1-136630685,S2-339251819,no_shared_term,False,False,False
S1-808058586,S3-291981436,beyond_rank_cut,False,True,False
S1-473760720,S3-739590013,beyond_rank_cut,False,True,False
S1-427072115,S2-417711125,no_shared_term,False,False,False
S1-708152456,S2-212493711,beyond_rank_cut,False,True,False
S1-708152456,S3-988919617,beyond_rank_cut,False,True,False
S1-766994063,S2-166935060,beyond_rank_cut,False,True,False
S1-22133457,S2-407234564,beyond_rank_cut,False,True,False
S1-85540382,S2-208334019,no_shared_term,False,False,False
S1-85540382,S2-243882273,no_shared_term,False,False,False
S1-85540382,S2-446562723,no_shared_term,False,False,False
S1-362967301,S3-95394839,beyond_rank_cut,False,True,False
S1-276023461,S2-673347450,beyond_rank_cut,False,True,False
S1-173026190,S3-831558957,beyond_rank_cut,False,True,False
S1-977348257,S3-656647441,no_shared_term,False,False,False
S1-977348257,S3-689115444,no_shared_term,False,False,False
S1-977348257,S3-837419641,no_shared_term,False,False,False
S1-977348257,S3-899167794,beyond_rank_cut,False,True,False
S1-977348257,S3-945509651,beyond_rank_cut,False,True,False
S1-782113757,S3-353841653,beyond_rank_cut,False,True,False
S1-129973503,S2-278141844,beyond_rank_cut,False,True,False
S1-129973503,S2-978945613,no_shared_term,False,False,False
S1-403672414,S2-476673107,beyond_rank_cut,False,True,False
S1-461008815,S3-567775706,no_shared_term,False,False,False
S1-171595969,S3-966972224,beyond_rank_cut,False,True,False
S1-127425239,S3-228330083,beyond_rank_cut,False,True,False
S1-161572460,S3-157727751,beyond_rank_cut,False,True,False
S1-85077145,S2-703214009,beyond_rank_cut,False,True,False
S1-499441660,S2-949293211,beyond_rank_cut,False,True,False
S1-525161565,S2-609778495,beyond_rank_cut,False,True,False
S1-889058695,S3-273193861,beyond_rank_cut,False,True,False
S1-889058695,S3-428816547,no_shared_term,False,False,False
S1-889058695,S3-440277049,beyond_rank_cut,False,True,False
S1-920787432,S3-890980750,beyond_rank_cut,False,True,False
S1-253643694,S3-890277248,beyond_rank_cut,False,True,False
S1-25518435,S2-603801438,beyond_rank_cut,False,True,False
S1-25518435,S2-904402961,beyond_rank_cut,False,True,False
S1-290589720,S2-389698795,beyond_rank_cut,False,True,False
S1-142300103,S3-390632538,no_shared_term,False,False,False
S1-451017190,S2-471254836,beyond_rank_cut,False,True,False
S1-724081653,S3-478446891,no_shared_term,False,False,False
S1-724081653,S3-591231237,no_shared_term,False,False,False
S1-323798372,S3-1887316,beyond_rank_cut,False,True,False
S1-69293658,S3-622659711,no_shared_term,False,False,False
S1-817608519,S2-951975511,beyond_rank_cut,False,True,False
S1-817608519,S3-496346934,no_shared_term,False,False,False
S1-282390940,S3-593521282,beyond_rank_cut,False,True,False
S1-341786549,S2-197913984,no_shared_term,False,False,False
S1-341786549,S3-21248357,beyond_rank_cut,False,True,False
S1-842029261,S3-596087396,beyond_rank_cut,False,True,False
S1-927230133,S3-943154061,no_shared_term,False,False,False
S1-648249205,S3-237855078,beyond_rank_cut,False,True,False
S1-132660151,S2-654553567,beyond_rank_cut,False,True,False
S1-591499502,S3-643552678,beyond_rank_cut,False,True,False
S1-390302117,S2-816849879,beyond_rank_cut,False,True,False
S1-885568786,S2-699932037,no_shared_term,False,False,False
S1-885568786,S3-914992943,no_shared_term,False,False,False
S1-261122065,S3-406480791,beyond_rank_cut,False,True,False
S1-73381473,S2-831945546,no_shared_term,False,False,False
S1-551872237,S3-20986178,no_shared_term,False,False,False
S1-245421517,S3-730137100,no_shared_term,False,False,False
S1-866866930,S3-643419550,beyond_rank_cut,False,True,False
S1-546900051,S3-259060797,beyond_rank_cut,False,True,False
S1-80719090,S2-237784428,beyond_rank_cut,False,True,False
S1-203002835,S3-829280862,beyond_rank_cut,False,True,False
S1-971495637,S3-380508527,no_shared_term,False,False,False
S1-592481203,S3-39687241,beyond_rank_cut,False,True,False
S1-806495350,S2-963064235,beyond_rank_cut,False,True,False
S1-829136013,S3-107085219,beyond_rank_cut,False,True,False
S1-829136013,S3-404174350,beyond_rank_cut,False,True,False
S1-855145509,S3-504676968,no_shared_term,False,False,False
S1-277730496,S2-77536692,beyond_rank_cut,False,True,False
S1-277730496,S3-222842259,beyond_rank_cut,False,True,False
S1-277730496,S3-570967934,beyond_rank_cut,False,True,False
S1-817447344,S2-940624752,no_shared_term,False,False,False
S1-983591564,S2-526901372,beyond_rank_cut,False,True,False
S1-778690880,S3-872115228,beyond_rank_cut,False,True,False
S1-280738364,S3-250339966,beyond_rank_cut,False,True,False
S1-884942972,S3-532988017,no_shared_term,False,False,False
S1-670534731,S2-510949869,no_shared_term,False,False,False
S1-836642444,S3-431847033,no_shared_term,False,False,False
S1-836642444,S3-659722357,beyond_rank_cut,False,True,False
S1-323076885,S2-47231320,no_shared_term,False,False,False
S1-419538506,S2-926449151,beyond_rank_cut,False,True,False
S1-442574127,S2-572065816,no_shared_term,False,False,False
S1-773727526,S2-294741643,no_shared_term,False,False,False
S1-613406206,S2-481536146,beyond_rank_cut,False,True,False
S1-60817715,S2-345876794,beyond_rank_cut,False,True,False
S1-662412884,S2-301370965,beyond_rank_cut,False,True,False
S1-293959064,S3-785726407,no_shared_term,False,False,False
S1-177016509,S3-987566974,beyond_rank_cut,False,True,False
S1-806290286,S2-400412559,no_shared_term,False,False,False
S1-487724445,S2-603402957,beyond_rank_cut,False,True,False
S1-469783300,S3-438626961,beyond_rank_cut,False,True,False
S1-883136454,S3-313276406,beyond_rank_cut,False,True,False
S1-18581228,S3-856073046,beyond_rank_cut,False,True,False
S1-570185158,S2-825869329,beyond_rank_cut,False,True,False
S1-570185158,S3-140495703,beyond_rank_cut,False,True,False
S1-570185158,S3-560852599,beyond_rank_cut,False,True,False
S1-361340008,S2-398057973,beyond_rank_cut,False,True,False
S1-361340008,S2-690626083,beyond_rank_cut,False,True,False
S1-361340008,S3-857692175,beyond_rank_cut,False,True,False
S1-786005321,S3-60587425,beyond_rank_cut,False,True,False
S1-786005321,S3-673964496,beyond_rank_cut,False,True,False
S1-194931683,S3-8376798,beyond_rank_cut,False,True,False
S1-210211519,S3-65536298,beyond_rank_cut,False,True,False
S1-28781590,S3-427145855,beyond_rank_cut,False,True,False
S1-28781590,S3-47287734,beyond_rank_cut,False,True,False
S1-295876245,S2-490367574,no_shared_term,False,False,False
S1-295876245,S3-845284647,beyond_rank_cut,False,True,False
S1-216120534,S3-10065043,beyond_rank_cut,False,True,False
S1-479283109,S3-177552957,beyond_rank_cut,False,True,False
S1-479283109,S3-291082771,beyond_rank_cut,False,True,False
S1-838308545,S3-114748733,beyond_rank_cut,False,True,False
S1-838308545,S3-189130633,beyond_rank_cut,False,True,False
S1-900827074,S3-924402882,beyond_rank_cut,False,True,False
S1-113147532,S3-436887111,no_shared_term,False,False,False
S1-583642567,S2-409698151,beyond_rank_cut,False,True,False
S1-583642567,S3-135727944,beyond_rank_cut,False,True,False
S1-583642567,S3-753201126,beyond_rank_cut,False,True,False
S1-180511806,S2-769192417,beyond_rank_cut,False,True,False
S1-180511806,S3-993441140,beyond_rank_cut,False,True,False
S1-562830137,S3-569942405,beyond_rank_cut,False,True,False
S1-245715280,S2-702148143,beyond_rank_cut,False,True,False
S1-635737754,S2-215309665,no_shared_term,False,False,False
S1-196699821,S2-350660125,no_shared_term,False,False,False
S1-471057185,S2-44652161,beyond_rank_cut,False,True,False
S1-581092687,S3-269533982,beyond_rank_cut,False,True,False
S1-985587032,S3-946615887,beyond_rank_cut,False,True,False
S1-247373418,S3-295903223,no_shared_term,False,False,False
S1-392264332,S3-280010310,beyond_rank_cut,False,True,False
S1-944744402,S2-221449029,no_shared_term,False,False,False
S1-944744402,S3-264070387,no_shared_term,False,False,False
S1-465295816,S2-647424810,beyond_rank_cut,False,True,False
S1-649259074,S3-14928404,beyond_rank_cut,False,True,False
S1-707950138,S3-254136550,no_shared_term,False,False,False
S1-468562645,S2-354562985,no_shared_term,False,False,False
S1-566810328,S3-926953761,beyond_rank_cut,False,True,False
S1-389650416,S2-373667864,beyond_rank_cut,False,True,False
S1-664789091,S3-762122475,beyond_rank_cut,False,True,False
S1-590674861,S3-707356905,no_shared_term,False,False,False
S1-941401513,S2-346664597,no_shared_term,False,False,False
S1-568088497,S2-952831464,no_shared_term,False,False,False
S1-949055106,S2-97912942,beyond_rank_cut,False,True,False
S1-619489659,S3-766756450,no_shared_term,False,False,False
S1-276507205,S3-578085032,beyond_rank_cut,False,True,False
S1-115883493,S2-513823857,beyond_rank_cut,False,True,False
S1-988674151,S3-646671819,no_shared_term,False,False,False
S1-196500584,S2-402928865,beyond_rank_cut,False,True,False
S1-605523077,S3-771427487,beyond_rank_cut,False,True,False
S1-146068659,S3-44533009,beyond_rank_cut,False,True,False
S1-602109460,S2-894126908,beyond_rank_cut,False,True,False
S1-602109460,S3-7294412,beyond_rank_cut,False,True,False
S1-602109460,S3-913378924,beyond_rank_cut,False,True,False
S1-783330911,S3-984467792,beyond_rank_cut,False,True,False
S1-27444152,S3-578691751,beyond_rank_cut,False,True,False
S1-920499351,S3-908354145,beyond_rank_cut,False,True,False
S1-942154290,S2-252172624,beyond_rank_cut,False,True,False
S1-124612450,S2-630728634,beyond_rank_cut,False,True,False
S1-582499119,S2-292410199,no_shared_term,False,False,False
S1-972522000,S2-225162983,no_shared_term,False,False,False
S1-972522000,S2-259771189,no_shared_term,False,False,False
S1-223304780,S2-314013571,beyond_rank_cut,False,True,False
S1-34079255,S2-460810393,no_shared_term,False,False,False
S1-952288287,S3-207055019,beyond_rank_cut,False,True,False
S1-481036674,S3-817030896,no_shared_term,False,False,False
S1-952102239,S2-548129823,beyond_rank_cut,False,True,False
S1-800747465,S2-159746309,no_shared_term,False,False,False
S1-695103140,S3-323768182,beyond_rank_cut,False,True,False
S1-259669416,S3-495564713,beyond_rank_cut,False,True,False
S1-259669416,S3-591185208,no_shared_term,False,False,False
S1-259669416,S3-662179964,beyond_rank_cut,False,True,False
S1-201148948,S3-860326492,beyond_rank_cut,False,True,False
S1-334105275,S3-272047430,beyond_rank_cut,False,True,False
S1-334105275,S3-444591824,beyond_rank_cut,False,True,False
S1-334105275,S3-462679707,beyond_rank_cut,False,True,False
S1-85135852,S3-925505684,beyond_rank_cut,False,True,False
S1-494918917,S3-357114499,beyond_rank_cut,False,True,False
S1-652931286,S2-313587753,beyond_rank_cut,False,True,False
S1-652931286,S2-422174256,beyond_rank_cut,False,True,False
S1-652931286,S3-369792764,no_shared_term,False,False,False
S1-604314464,S3-289474191,beyond_rank_cut,False,True,False
S1-506703115,S3-351124439,beyond_rank_cut,False,True,False
S1-652948885,S3-646598557,no_shared_term,False,False,False
S1-630740051,S3-376352737,beyond_rank_cut,False,True,False
S1-634193299,S3-817586468,beyond_rank_cut,False,True,False
S1-605210032,S2-429497948,beyond_rank_cut,False,True,False
S1-605210032,S2-583904872,beyond_rank_cut,False,True,False
S1-110267224,S2-669424426,beyond_rank_cut,False,True,False
S1-317196560,S2-919173095,beyond_rank_cut,False,True,False
S1-511370978,S3-429508697,beyond_rank_cut,False,True,False
S1-116594842,S2-787052728,beyond_rank_cut,False,True,False
S1-116594842,S3-616167579,beyond_rank_cut,False,True,False
S1-652678782,S2-333033254,beyond_rank_cut,False,True,False
S1-652678782,S2-404531776,beyond_rank_cut,False,True,False
S1-41951304,S3-123997959,beyond_rank_cut,False,True,False
S1-179631380,S3-584250149,beyond_rank_cut,False,True,False
S1-179631380,S3-798489431,beyond_rank_cut,False,True,False
S1-214257375,S2-929191645,beyond_rank_cut,False,True,False
S1-377843081,S3-879934546,no_shared_term,False,False,False
S1-30647225,S3-644956166,beyond_rank_cut,False,True,False
S1-958335738,S3-443085170,no_shared_term,False,False,False
S1-10268729,S2-869019883,beyond_rank_cut,False,True,False
S1-812866484,S2-985107060,beyond_rank_cut,False,True,False
S1-408618729,S3-113421790,no_shared_term,False,False,False
S1-594967990,S3-884127107,beyond_rank_cut,False,True,False
S1-780716950,S3-7752340,no_shared_term,False,False,False
S1-841241264,S3-683150158,beyond_rank_cut,False,True,False
S1-676100823,S2-75235043,no_shared_term,False,False,False
S1-701079334,S3-930943001,beyond_rank_cut,False,True,False
S1-639912022,S2-17526888,beyond_rank_cut,False,True,False
S1-613520806,S3-371364264,beyond_rank_cut,False,True,False
S1-531652741,S3-398402251,beyond_rank_cut,False,True,False
S1-335440704,S2-87621895,beyond_rank_cut,False,True,False
S1-815979873,S3-548731120,beyond_rank_cut,False,True,False
S1-918417551,S2-952358927,no_shared_term,False,False,False
S1-918417551,S3-826560249,beyond_rank_cut,False,True,False
S1-387945784,S3-983222645,beyond_rank_cut,False,True,False
S1-649413848,S2-81540849,beyond_rank_cut,False,True,False
S1-325864177,S2-655164433,beyond_rank_cut,False,True,False
S1-708277855,S2-898818734,no_shared_term,False,False,False
S1-641901228,S2-87599242,beyond_rank_cut,False,True,False
S1-881876354,S2-321939833,beyond_rank_cut,False,True,False
S1-881876354,S3-766907798,beyond_rank_cut,False,True,False
S1-923706442,S2-794944410,beyond_rank_cut,False,True,False
S1-923706442,S3-686609781,beyond_rank_cut,False,True,False
S1-223109840,S2-774539458,beyond_rank_cut,False,True,False
S1-223109840,S3-765412078,beyond_rank_cut,False,True,False
S1-882445921,S3-699948250,beyond_rank_cut,False,True,False
S1-354203630,S2-437924493,beyond_rank_cut,False,True,False
S1-354203630,S2-758945213,beyond_rank_cut,False,True,False
S1-354203630,S3-654433672,beyond_rank_cut,False,True,False
S1-265365165,S2-820737734,beyond_rank_cut,False,True,False
S1-953303402,S2-885228193,no_shared_term,False,False,False
S1-264445707,S2-794222907,beyond_rank_cut,False,True,False
S1-771711379,S2-776967317,beyond_rank_cut,False,True,False
S1-472061818,S3-359318811,no_shared_term,False,False,False
S1-115667533,S2-519930124,no_shared_term,False,False,False
S1-916906756,S2-476606461,no_shared_term,False,False,False
S1-465616553,S3-864565366,beyond_rank_cut,False,True,False
S1-604564567,S2-15280767,beyond_rank_cut,False,True,False
S1-604564567,S3-235633629,beyond_rank_cut,False,True,False
S1-298768363,S2-917336570,beyond_rank_cut,False,True,False
S1-428751421,S2-355753118,no_shared_term,False,False,False
S1-428751421,S2-437631751,no_shared_term,False,False,False
S1-428751421,S3-429897532,no_shared_term,False,False,False
S1-648539518,S3-289091360,beyond_rank_cut,False,True,False
S1-751653411,S2-307153677,beyond_rank_cut,False,True,False
S1-843119611,S3-190712042,beyond_rank_cut,False,True,False
S1-519964084,S3-49049496,no_shared_term,False,False,False
S1-519964084,S3-937906468,no_shared_term,False,False,False
S1-164692183,S2-933463361,beyond_rank_cut,False,True,False
S1-260551338,S3-873375638,beyond_rank_cut,False,True,False
S1-961526235,S3-851615112,beyond_rank_cut,False,True,False
S1-312616485,S2-422170603,beyond_rank_cut,False,True,False
S1-499444617,S3-886077985,beyond_rank_cut,False,True,False
S1-357140069,S3-503735178,beyond_rank_cut,False,True,False
S1-487189401,S2-640597180,no_shared_term,False,False,False
S1-487189401,S3-794464359,no_shared_term,False,False,False
S1-853442075,S3-944947379,no_shared_term,False,False,False
S1-406890596,S3-88131978,beyond_rank_cut,False,True,False
S1-597681366,S2-984630056,no_shared_term,False,False,False
S1-703467057,S2-737277004,beyond_rank_cut,False,True,False
S1-513624574,S3-864630947,beyond_rank_cut,False,True,False
S1-355382883,S3-323347916,no_shared_term,False,False,False
S1-193733866,S2-156008866,no_shared_term,False,False,False
S1-193733866,S3-71669060,no_shared_term,False,False,False
S1-652102706,S2-220492669,beyond_rank_cut,False,True,False
S1-652102706,S2-614324932,beyond_rank_cut,False,True,False
S1-399518481,S2-546946990,beyond_rank_cut,False,True,False
S1-399518481,S2-934190796,beyond_rank_cut,False,True,False
S1-666155532,S3-173807935,beyond_rank_cut,False,True,False
S1-732654295,S2-648003420,beyond_rank_cut,False,True,False
S1-477936962,S2-266896677,beyond_rank_cut,False,True,False
S1-561309981,S2-342766337,beyond_rank_cut,False,True,False
S1-389342757,S2-978214397,no_shared_term,False,False,False
S1-23286191,S3-244865756,beyond_rank_cut,False,True,False
S1-991684439,S2-22291387,beyond_rank_cut,False,True,False
S1-615616331,S3-975223864,beyond_rank_cut,False,True,False
S1-893762258,S3-651380027,beyond_rank_cut,False,True,False
S1-893762258,S3-758927730,beyond_rank_cut,False,True,False
S1-137212554,S3-790395481,beyond_rank_cut,False,True,False
S1-136883581,S3-158388055,beyond_rank_cut,False,True,False
S1-719589068,S3-309351694,no_shared_term,False,False,False
S1-421398323,S3-301437296,beyond_rank_cut,False,True,False
S1-819064035,S2-598379349,beyond_rank_cut,False,True,False
S1-819064035,S2-802764758,beyond_rank_cut,False,True,False
S1-819064035,S3-291581964,beyond_rank_cut,False,True,False
S1-658894466,S2-786187860,no_shared_term,False,False,False
S1-713793807,S2-319444185,no_shared_term,False,False,False
S1-713793807,S3-397554486,no_shared_term,False,False,False
S1-594825994,S3-436173619,no_shared_term,False,False,False
S1-994041202,S3-899328410,beyond_rank_cut,False,True,False
S1-39494269,S3-752378928,beyond_rank_cut,False,True,False
S1-278004098,S3-965237998,beyond_rank_cut,False,True,False
S1-384519225,S2-136215044,beyond_rank_cut,False,True,False
S1-370072478,S3-844565166,beyond_rank_cut,False,True,False
S1-637442299,S2-814931774,no_shared_term,False,False,False
S1-637442299,S3-662519869,beyond_rank_cut,False,True,False
S1-637442299,S3-821237400,beyond_rank_cut,False,True,False
S1-338271087,S2-146444263,beyond_rank_cut,False,True,False
S1-304987286,S2-933713840,beyond_rank_cut,False,True,False
S1-923678998,S2-473843928,beyond_rank_cut,False,True,False
S1-923678998,S3-324767505,beyond_rank_cut,False,True,False
S1-923678998,S3-542446471,beyond_rank_cut,False,True,False
S1-427180742,S2-225024642,no_shared_term,False,False,False
S1-427180742,S2-278106170,no_shared_term,False,False,False
S1-91286428,S2-518891370,beyond_rank_cut,False,True,False
S1-365665078,S2-979312769,beyond_rank_cut,False,True,False
S1-478071100,S2-804963440,beyond_rank_cut,False,True,False
S1-799987647,S2-82849222,beyond_rank_cut,False,True,False
S1-951153961,S2-482655599,no_shared_term,False,False,False
S1-342613918,S2-76056861,no_shared_term,False,False,False
S1-182374330,S2-789515143,beyond_rank_cut,False,True,False
S1-182374330,S3-11093535,no_shared_term,False,False,False
S1-182374330,S3-965745940,beyond_rank_cut,False,True,False
S1-589119087,S2-351433178,beyond_rank_cut,False,True,False
S1-589119087,S2-704143673,beyond_rank_cut,False,True,False
S1-226785732,S2-668313927,beyond_rank_cut,False,True,False
S1-816438994,S3-815449012,beyond_rank_cut,False,True,False
S1-635580409,S3-611161032,no_shared_term,False,False,False
S1-913435549,S2-662739810,no_shared_term,False,False,False
S1-465444798,S2-89333872,beyond_rank_cut,False,True,False
S1-626894415,S2-197060221,no_shared_term,False,False,False
S1-626894415,S2-644665390,no_shared_term,False,False,False
S1-342503238,S3-816534277,beyond_rank_cut,False,True,False
S1-248071557,S3-117408303,beyond_rank_cut,False,True,False
S1-163988185,S2-629877451,beyond_rank_cut,False,True,False
S1-611329967,S2-708414571,beyond_rank_cut,False,True,False
S1-976968226,S2-171837649,beyond_rank_cut,False,True,False
S1-952590435,S3-312938201,no_shared_term,False,False,False
S1-101431555,S3-639151983,beyond_rank_cut,False,True,False
S1-916503241,S2-307195546,no_shared_term,False,False,False
S1-464483063,S3-482027467,no_shared_term,False,False,False
S1-889155047,S3-565580449,no_shared_term,False,False,False
S1-889155047,S3-941817033,no_shared_term,False,False,False
S1-150090096,S2-579978287,beyond_rank_cut,False,True,False
S1-440544521,S2-996451423,no_shared_term,False,False,False
S1-305386089,S3-486918266,beyond_rank_cut,False,True,False
S1-534575329,S2-575719394,no_shared_term,False,False,False
S1-534575329,S3-118647553,no_shared_term,False,False,False
S1-378161043,S3-403550612,beyond_rank_cut,False,True,False
S1-39816240,S2-420075909,beyond_rank_cut,False,True,False
S1-71045122,S3-532945358,no_shared_term,False,False,False
S1-152978753,S3-950251862,beyond_rank_cut,False,True,False
S1-656963064,S3-397350984,beyond_rank_cut,False,True,False
S1-392425453,S3-386065012,beyond_rank_cut,False,True,False
S1-837360034,S3-220354136,beyond_rank_cut,False,True,False
S1-828929015,S2-877507948,beyond_rank_cut,False,True,False
S1-885387275,S2-981940885,no_shared_term,False,False,False
S1-885387275,S3-61811522,no_shared_term,False,False,False
S1-886515022,S3-138905553,beyond_rank_cut,False,True,False
S1-291537644,S2-22795102,beyond_rank_cut,False,True,False
S1-636466278,S2-708295369,no_shared_term,False,False,False
S1-665354480,S3-468800687,beyond_rank_cut,False,True,False
S1-774527155,S2-372185424,beyond_rank_cut,False,True,False
S1-973907530,S3-638951820,beyond_rank_cut,False,True,False
S1-700575050,S2-171776864,no_shared_term,False,False,False
S1-700575050,S3-175074441,no_shared_term,False,False,False
S1-753242544,S2-28469073,beyond_rank_cut,False,True,False
S1-753242544,S3-686302878,no_shared_term,False,False,False
S1-753242544,S3-861394959,beyond_rank_cut,False,True,False
S1-272631975,S2-166620857,beyond_rank_cut,False,True,False
S1-991556608,S3-52525208,beyond_rank_cut,False,True,False
S1-783556670,S2-60325327,no_shared_term,False,False,False
S1-427907696,S2-14266481,no_shared_term,False,False,False
S1-607855105,S3-73783234,beyond_rank_cut,False,True,False
S1-340483572,S2-494694400,beyond_rank_cut,False,True,False
S1-698122222,S2-801230408,beyond_rank_cut,False,True,False
S1-21698617,S3-206791468,no_shared_term,False,False,False
S1-21698617,S3-605489322,no_shared_term,False,False,False
S1-384432295,S2-103091972,no_shared_term,False,False,False
S1-869377906,S3-910833657,beyond_rank_cut,False,True,False
S1-705173914,S3-700566410,beyond_rank_cut,False,True,False
S1-895874865,S3-962220918,no_shared_term,False,False,False
S1-649118205,S3-593682106,beyond_rank_cut,False,True,False
S1-306424043,S3-314162342,no_shared_term,False,False,False
S1-143822926,S3-725088033,no_shared_term,False,False,False
S1-498772804,S2-631792477,no_shared_term,False,False,False
S1-325330006,S2-314250648,beyond_rank_cut,False,True,False
S1-325330006,S3-741323165,beyond_rank_cut,False,True,False
S1-863713038,S3-679117752,beyond_rank_cut,False,True,False
S1-918601850,S3-533543801,beyond_rank_cut,False,True,False
S1-177707985,S3-964642723,beyond_rank_cut,False,True,False
S1-378817578,S3-434377667,beyond_rank_cut,False,True,False
S1-855585568,S3-996839398,beyond_rank_cut,False,True,False
S1-733843526,S3-171378810,beyond_rank_cut,False,True,False
S1-84907338,S2-510306080,beyond_rank_cut,False,True,False
S1-255647182,S2-690142897,no_shared_term,False,False,False
S1-255647182,S3-124472535,no_shared_term,False,False,False
S1-227233651,S2-86638992,beyond_rank_cut,False,True,False
S1-51923563,S3-260425635,beyond_rank_cut,False,True,False
S1-30662386,S3-656596247,beyond_rank_cut,False,True,False
S1-424035100,S2-765620673,beyond_rank_cut,False,True,False
S1-93770429,S2-427633184,beyond_rank_cut,False,True,False
S1-745817978,S2-473385498,beyond_rank_cut,False,True,False
S1-801482024,S3-794383171,beyond_rank_cut,False,True,False
S1-897414859,S2-460618968,beyond_rank_cut,False,True,False
S1-736038839,S3-857822698,beyond_rank_cut,False,True,False
S1-970061420,S3-327541761,beyond_rank_cut,False,True,False
S1-869156786,S3-372176214,beyond_rank_cut,False,True,False
S1-233963629,S3-645168851,no_shared_term,False,False,False
S1-512921734,S3-427288143,no_shared_term,False,False,False
S1-766750254,S3-172198490,beyond_rank_cut,False,True,False
S1-266812549,S2-503930769,no_shared_term,False,False,False
S1-978622360,S3-918459874,beyond_rank_cut,False,True,False
S1-288997296,S3-273160351,beyond_rank_cut,False,True,False
S1-18267374,S2-568886617,beyond_rank_cut,False,True,False
S1-996809124,S3-182592498,beyond_rank_cut,False,True,False
S1-761400930,S2-842070483,no_shared_term,False,False,False
S1-108854321,S2-406139367,beyond_rank_cut,False,True,False
S1-466180594,S2-615794859,no_shared_term,False,False,False
S1-259302996,S3-254111258,beyond_rank_cut,False,True,False
S1-259302996,S3-370512286,beyond_rank_cut,False,True,False
S1-154047540,S2-331790455,no_shared_term,False,False,False
S1-993782657,S2-592900397,beyond_rank_cut,False,True,False
S1-7127655,S2-692236024,no_shared_term,False,False,False
S1-84065218,S2-401852883,beyond_rank_cut,False,True,False
S1-815966457,S2-712346736,beyond_rank_cut,False,True,False
S1-279648215,S2-646578599,beyond_rank_cut,False,True,False
S1-400449872,S2-665300538,no_shared_term,False,False,False
S1-176713222,S2-155894905,beyond_rank_cut,False,True,False
S1-176713222,S3-525578379,beyond_rank_cut,False,True,False
S1-439109227,S2-981122273,beyond_rank_cut,False,True,False
S1-778552381,S3-133568311,no_shared_term,False,False,False
S1-246848593,S3-55515254,beyond_rank_cut,False,True,False
S1-560054386,S2-630495292,beyond_rank_cut,False,True,False
S1-138700793,S2-230115682,beyond_rank_cut,False,True,False
S1-538588857,S3-874161961,beyond_rank_cut,False,True,False
S1-724357474,S2-976373610,no_shared_term,False,False,False
S1-86495826,S3-210040225,beyond_rank_cut,False,True,False
S1-232751572,S3-926030470,beyond_rank_cut,False,True,False
S1-269623784,S3-863312733,beyond_rank_cut,False,True,False
S1-605162981,S3-700215492,beyond_rank_cut,False,True,False
S1-292842994,S3-123652926,no_shared_term,False,False,False
S1-569102086,S2-720090127,beyond_rank_cut,False,True,False
S1-705833484,S3-310818473,beyond_rank_cut,False,True,False
S1-461511444,S2-183852351,no_shared_term,False,False,False
S1-461511444,S2-632095165,no_shared_term,False,False,False
S1-515016641,S3-317216213,no_shared_term,False,False,False
S1-92551979,S2-410827758,no_shared_term,False,False,False
S1-92551979,S3-83613238,beyond_rank_cut,False,True,False
S1-935787285,S3-867566313,beyond_rank_cut,False,True,False
S1-387699946,S2-708782324,beyond_rank_cut,False,True,False
S1-72767395,S3-520265715,no_shared_term,False,False,False
S1-545071835,S2-895938464,no_shared_term,False,False,False
S1-545071835,S3-757142464,no_shared_term,False,False,False
S1-971414454,S2-131740827,beyond_rank_cut,False,True,False
S1-141787940,S2-62207596,no_shared_term,False,False,False
S1-141787940,S3-558900673,no_shared_term,False,False,False
S1-361459364,S3-392206929,beyond_rank_cut,False,True,False
S1-766639605,S3-300321716,no_shared_term,False,False,False
S1-812190172,S3-140505300,no_shared_term,False,False,False
S1-812190172,S3-181267680,beyond_rank_cut,False,True,False
S1-812190172,S3-792841673,no_shared_term,False,False,False
S1-689051899,S2-500173948,beyond_rank_cut,False,True,False
S1-64200291,S2-391004789,beyond_rank_cut,False,True,False
S1-201879310,S2-187707795,no_shared_term,False,False,False
S1-330373437,S3-137273780,beyond_rank_cut,False,True,False
S1-660788978,S2-361342504,beyond_rank_cut,False,True,False
S1-491220415,S2-403821653,beyond_rank_cut,False,True,False
S1-843864347,S2-423179238,no_shared_term,False,False,False
S1-195980819,S2-33624947,beyond_rank_cut,False,True,False
S1-195980819,S3-388717392,beyond_rank_cut,False,True,False
S1-195980819,S3-539849735,beyond_rank_cut,False,True,False
S1-829830657,S3-265817537,beyond_rank_cut,False,True,False
S1-348923184,S3-878780441,beyond_rank_cut,False,True,False
S1-183835486,S3-551153652,beyond_rank_cut,False,True,False
S1-401512736,S2-816555319,beyond_rank_cut,False,True,False
S1-117506468,S2-271443126,no_shared_term,False,False,False
S1-773725453,S3-695920812,no_shared_term,False,False,False
S1-235330120,S2-916648046,beyond_rank_cut,False,True,False
S1-992909430,S2-122602842,beyond_rank_cut,False,True,False
S1-992909430,S2-772209876,beyond_rank_cut,False,True,False
S1-992909430,S3-633778309,beyond_rank_cut,False,True,False
S1-710382307,S3-741637466,no_shared_term,False,False,False
S1-435775812,S3-458984065,beyond_rank_cut,False,True,False
S1-267594327,S3-461891095,beyond_rank_cut,False,True,False
S1-780140100,S3-798325070,beyond_rank_cut,False,True,False
S1-124450599,S3-610805597,beyond_rank_cut,False,True,False
S1-709373247,S3-711970684,beyond_rank_cut,False,True,False
S1-9025054,S2-249498607,beyond_rank_cut,False,True,False
S1-710017575,S2-819838271,beyond_rank_cut,False,True,False
S1-841015434,S3-383113589,beyond_rank_cut,False,True,False
S1-381966193,S3-822734984,beyond_rank_cut,False,True,False
S1-756190125,S2-22846729,beyond_rank_cut,False,True,False
S1-756190125,S3-557510405,beyond_rank_cut,False,True,False
S1-921352517,S3-111537870,beyond_rank_cut,False,True,False
S1-921352517,S3-806698266,beyond_rank_cut,False,True,False
S1-386382328,S3-261402985,beyond_rank_cut,False,True,False
S1-371698668,S2-317455570,beyond_rank_cut,False,True,False
S1-200165619,S3-363890869,beyond_rank_cut,False,True,False
S1-598233753,S3-813192256,beyond_rank_cut,False,True,False
S1-955121586,S3-956711255,beyond_rank_cut,False,True,False
S1-538398979,S2-949584191,no_shared_term,False,False,False
S1-728696890,S3-359320448,beyond_rank_cut,False,True,False
S1-731448580,S3-199710983,beyond_rank_cut,False,True,False
S1-420533444,S2-596173579,beyond_rank_cut,False,True,False
S1-420533444,S3-343415429,beyond_rank_cut,False,True,False
S1-420533444,S3-384418863,beyond_rank_cut,False,True,False
S1-172298052,S3-797515697,beyond_rank_cut,False,True,False
S1-225910780,S2-295761804,no_shared_term,False,False,False
S1-225910780,S3-204052234,no_shared_term,False,False,False
S1-459221699,S2-717761723,no_shared_term,False,False,False
S1-459221699,S3-137087467,beyond_rank_cut,False,True,False
S1-762770696,S3-14083890,beyond_rank_cut,False,True,False
S1-962560402,S3-87753804,no_shared_term,False,False,False
S1-923132208,S3-831440666,no_shared_term,False,False,False
S1-5860245,S3-638608962,beyond_rank_cut,False,True,False
S1-48672302,S3-220990534,no_shared_term,False,False,False
S1-276912974,S3-905284985,beyond_rank_cut,False,True,False
S1-48727521,S3-571895818,beyond_rank_cut,False,True,False
S1-578651028,S2-260567232,beyond_rank_cut,False,True,False
S1-315673530,S3-977170766,beyond_rank_cut,False,True,False
S1-618578584,S3-136315074,beyond_rank_cut,False,True,False
S1-534211803,S2-192878019,beyond_rank_cut,False,True,False
S1-858446176,S2-780265621,no_shared_term,False,False,False
S1-858446176,S2-931067077,no_shared_term,False,False,False
S1-858446176,S3-204623372,no_shared_term,False,False,False
S1-858446176,S3-661694823,no_shared_term,False,False,False
S1-541058815,S3-199494509,no_shared_term,False,False,False
S1-625534382,S3-891326768,beyond_rank_cut,False,True,False
S1-868357805,S2-47723147,beyond_rank_cut,False,True,False
S1-342872532,S2-332303165,beyond_rank_cut,False,True,False
S1-503477220,S2-781415229,no_shared_term,False,False,False
S1-887493657,S2-885573213,beyond_rank_cut,False,True,False
S1-144975042,S3-385182951,beyond_rank_cut,False,True,False
S1-144975042,S3-53751564,beyond_rank_cut,False,True,False
S1-806706049,S3-553835444,beyond_rank_cut,False,True,False
S1-627992461,S3-334418113,no_shared_term,False,False,False
S1-627992461,S3-943876574,beyond_rank_cut,False,True,False
S1-360456267,S3-361251107,no_shared_term,False,False,False
S1-149075350,S3-579254649,beyond_rank_cut,False,True,False
S1-405062026,S3-900886274,beyond_rank_cut,False,True,False
S1-611454300,S3-631785300,beyond_rank_cut,False,True,False
S1-874400679,S3-978198010,beyond_rank_cut,False,True,False
S1-535787094,S2-58823296,no_shared_term,False,False,False
S1-330672838,S3-263121606,no_shared_term,False,False,False
S1-147773851,S2-617529494,no_shared_term,False,False,False
S1-254254406,S3-528374573,beyond_rank_cut,False,True,False
S1-183706372,S3-11085577,beyond_rank_cut,False,True,False
S1-331686984,S3-450887946,beyond_rank_cut,False,True,False
S1-200375524,S3-139847841,beyond_rank_cut,False,True,False
S1-852006865,S3-498692818,beyond_rank_cut,False,True,False
S1-479908246,S3-947025406,no_shared_term,False,False,False
S1-542941807,S2-271594044,no_shared_term,False,False,False
S1-542941807,S3-911356670,no_shared_term,False,False,False
S1-827368298,S3-886388553,beyond_rank_cut,False,True,False
S1-989884499,S2-267515236,no_shared_term,False,False,False
S1-656040441,S2-68881663,beyond_rank_cut,False,True,False
S1-45741566,S3-686148454,beyond_rank_cut,False,True,False
S1-728319056,S3-552859910,beyond_rank_cut,False,True,False
S1-394456454,S2-497212439,beyond_rank_cut,False,True,False
S1-151788483,S2-594542873,no_shared_term,False,False,False
S1-151788483,S2-841690837,no_shared_term,False,False,False
S1-133257216,S2-796782528,no_shared_term,False,False,False
S1-133257216,S3-864164977,beyond_rank_cut,False,True,False
S1-838918798,S3-473038863,beyond_rank_cut,False,True,False
S1-101952456,S3-467420735,beyond_rank_cut,False,True,False
S1-101952456,S3-838122673,beyond_rank_cut,False,True,False
S1-816421366,S3-193080835,no_shared_term,False,False,False
S1-816421366,S3-514695595,no_shared_term,False,False,False
S1-150556542,S3-368734293,beyond_rank_cut,False,True,False
S1-954559995,S3-16882580,beyond_rank_cut,False,True,False
S1-57300823,S3-35999631,beyond_rank_cut,False,True,False
S1-448437655,S2-879966670,beyond_rank_cut,False,True,False
S1-448437655,S3-191191062,beyond_rank_cut,False,True,False
S1-448437655,S3-442217613,beyond_rank_cut,False,True,False
S1-236304588,S2-535086602,beyond_rank_cut,False,True,False
S1-991091322,S3-501719687,beyond_rank_cut,False,True,False
S1-658394307,S2-893516627,beyond_rank_cut,False,True,False
S1-437835990,S2-449735641,beyond_rank_cut,False,True,False
S1-473115622,S2-456871513,no_shared_term,False,False,False
S1-473115622,S3-369225303,no_shared_term,False,False,False
S1-808443200,S2-576438895,beyond_rank_cut,False,True,False
S1-446692334,S2-198588088,beyond_rank_cut,False,True,False
S1-446692334,S3-327943712,beyond_rank_cut,False,True,False
S1-199898439,S3-174895170,no_shared_term,False,False,False
S1-884012007,S2-238079989,no_shared_term,False,False,False
S1-689330426,S3-259682865,beyond_rank_cut,False,True,False
S1-895340719,S2-736435627,no_shared_term,False,False,False
S1-895340719,S3-246925042,beyond_rank_cut,False,True,False
S1-830258508,S2-430938739,beyond_rank_cut,False,True,False
S1-685485618,S2-202009563,beyond_rank_cut,False,True,False
S1-831676559,S3-713177162,beyond_rank_cut,False,True,False
S1-768739157,S2-295057368,beyond_rank_cut,False,True,False
S1-664711354,S3-661123150,beyond_rank_cut,False,True,False
S1-539554035,S3-997958410,no_shared_term,False,False,False
S1-951103237,S3-915210503,beyond_rank_cut,False,True,False
S1-629892280,S2-397698475,beyond_rank_cut,False,True,False
S1-629892280,S2-564458851,beyond_rank_cut,False,True,False
S1-629892280,S2-761722161,beyond_rank_cut,False,True,False
S1-880428549,S3-445954210,no_shared_term,False,False,False
S1-716696927,S3-439755757,beyond_rank_cut,False,True,False
S1-714462154,S3-630091180,beyond_rank_cut,False,True,False
S1-62709676,S2-363297759,beyond_rank_cut,False,True,False
S1-604951916,S2-28751972,beyond_rank_cut,False,True,False
S1-195047014,S2-665293037,no_shared_term,False,False,False
S1-76039334,S3-858855811,beyond_rank_cut,False,True,False
S1-949971560,S3-113532037,no_shared_term,False,False,False
S1-674809375,S3-822264641,beyond_rank_cut,False,True,False
S1-961838026,S3-660042716,no_shared_term,False,False,False
S1-961838026,S3-81843671,beyond_rank_cut,False,True,False
S1-766709825,S3-483972713,beyond_rank_cut,False,True,False
S1-574153251,S3-223289921,no_shared_term,False,False,False
S1-759764902,S3-264093543,beyond_rank_cut,False,True,False
S1-45298875,S3-338082210,beyond_rank_cut,False,True,False
S1-867124428,S3-38082700,beyond_rank_cut,False,True,False
S1-769306679,S2-28797645,beyond_rank_cut,False,True,False
S1-570294866,S2-823826618,no_shared_term,False,False,False
S1-869409877,S3-785665416,beyond_rank_cut,False,True,False
S1-119932043,S3-153710720,beyond_rank_cut,False,True,False
S1-79139421,S3-153884178,no_shared_term,False,False,False
S1-351483654,S2-310467631,beyond_rank_cut,False,True,False
S1-565252603,S2-518429901,beyond_rank_cut,False,True,False
S1-565252603,S3-353150561,beyond_rank_cut,False,True,False
S1-457103094,S3-53889759,beyond_rank_cut,False,True,False
S1-508317137,S3-640018555,beyond_rank_cut,False,True,False
S1-765383225,S3-452121323,no_shared_term,False,False,False
S1-836282880,S2-259803115,beyond_rank_cut,False,True,False
S1-967333216,S2-239981006,no_shared_term,False,False,False
S1-967333216,S2-825315808,no_shared_term,False,False,False
S1-967333216,S3-143787297,no_shared_term,False,False,False
S1-967333216,S3-894520682,no_shared_term,False,False,False
S1-873561705,S2-218986334,no_shared_term,False,False,False
S1-964347143,S3-5596721,beyond_rank_cut,False,True,False
S1-936872396,S3-10710742,beyond_rank_cut,False,True,False
S1-853566431,S2-896450363,no_shared_term,False,False,False
S1-914635237,S3-995723579,beyond_rank_cut,False,True,False
S1-805055800,S3-250940143,beyond_rank_cut,False,True,False
S1-921646932,S3-719658900,beyond_rank_cut,False,True,False
S1-451270370,S2-350832783,beyond_rank_cut,False,True,False
S1-451270370,S2-981086800,beyond_rank_cut,False,True,False
S1-308650336,S3-651937392,beyond_rank_cut,False,True,False
S1-691767535,S2-96165710,no_shared_term,False,False,False
S1-503827358,S2-679550187,no_shared_term,False,False,False
S1-854476707,S3-414677437,beyond_rank_cut,False,True,False
S1-854476707,S3-901342100,beyond_rank_cut,False,True,False
S1-44221332,S2-125792416,beyond_rank_cut,False,True,False
S1-117869382,S3-347505701,beyond_rank_cut,False,True,False
S1-141951773,S2-295677530,beyond_rank_cut,False,True,False
S1-709090568,S3-247124092,no_shared_term,False,False,False
S1-709090568,S3-686592848,no_shared_term,False,False,False
S1-709090568,S3-968036693,no_shared_term,False,False,False
S1-889770020,S3-557828435,beyond_rank_cut,False,True,False
S1-442837573,S2-712690213,beyond_rank_cut,False,True,False
S1-129685455,S2-188985648,beyond_rank_cut,False,True,False
S1-129685455,S2-491175486,beyond_rank_cut,False,True,False
S1-129685455,S3-89841999,beyond_rank_cut,False,True,False
S1-89769544,S3-597648219,beyond_rank_cut,False,True,False
S1-892224629,S3-844029939,beyond_rank_cut,False,True,False
S1-993969367,S2-809155453,beyond_rank_cut,False,True,False
S1-972126202,S2-473249338,no_shared_term,False,False,False
S1-972126202,S3-388497177,no_shared_term,False,False,False
S1-972126202,S3-635864868,beyond_rank_cut,False,True,False
S1-58435027,S2-2870804,beyond_rank_cut,False,True,False
S1-709562875,S2-919100194,no_shared_term,False,False,False
S1-78061156,S3-56395590,no_shared_term,False,False,False
S1-209630051,S3-414052254,beyond_rank_cut,False,True,False
S1-85212640,S3-893628041,no_shared_term,False,False,False
S1-483220211,S3-128108610,beyond_rank_cut,False,True,False
S1-373561231,S2-529823591,no_shared_term,False,False,False
S1-373561231,S3-806914201,no_shared_term,False,False,False
S1-462038991,S3-724575889,beyond_rank_cut,False,True,False
S1-462038991,S3-883445638,no_shared_term,False,False,False
S1-328071336,S3-300871008,beyond_rank_cut,False,True,False
S1-503153379,S2-693373944,beyond_rank_cut,False,True,False
S1-756266091,S2-884031459,beyond_rank_cut,False,True,False
S1-756266091,S3-482885898,beyond_rank_cut,False,True,False
S1-542793080,S2-456384272,no_shared_term,False,False,False
S1-747807877,S3-979253212,beyond_rank_cut,False,True,False
S1-42959952,S2-427781064,no_shared_term,False,False,False
S1-42959952,S2-533074006,no_shared_term,False,False,False
S1-344804655,S2-764924609,beyond_rank_cut,False,True,False
S1-434635472,S2-648531936,beyond_rank_cut,False,True,False
S1-984603153,S3-331510451,beyond_rank_cut,False,True,False
S1-805344788,S3-715077144,beyond_rank_cut,False,True,False
S1-828798788,S2-343764031,beyond_rank_cut,False,True,False
S1-149638235,S2-582870833,beyond_rank_cut,False,True,False
S1-544296349,S2-580655420,beyond_rank_cut,False,True,False
S1-463447460,S2-215804648,beyond_rank_cut,False,True,False
S1-463447460,S2-623008494,beyond_rank_cut,False,True,False
S1-463447460,S2-675626783,beyond_rank_cut,False,True,False
S1-711853157,S2-750031952,no_shared_term,False,False,False
S1-49558375,S3-354958862,beyond_rank_cut,False,True,False
S1-920906513,S3-869722881,beyond_rank_cut,False,True,False
S1-807804968,S2-120845383,no_shared_term,False,False,False
S1-795171797,S3-700807532,beyond_rank_cut,False,True,False
S1-225279289,S3-368043106,beyond_rank_cut,False,True,False
S1-808207833,S3-342837155,beyond_rank_cut,False,True,False
S1-577468652,S2-610070263,no_shared_term,False,False,False
S1-577468652,S3-905698838,beyond_rank_cut,False,True,False
S1-903645156,S3-307446204,beyond_rank_cut,False,True,False
S1-903645156,S3-66551098,beyond_rank_cut,False,True,False
S1-179227702,S3-814719070,beyond_rank_cut,False,True,False
S1-627522859,S2-928675100,beyond_rank_cut,False,True,False
S1-627522859,S3-651750376,no_shared_term,False,False,False
S1-627522859,S3-895336264,beyond_rank_cut,False,True,False
S1-320409770,S2-531653625,beyond_rank_cut,False,True,False
S1-401551532,S3-559999770,beyond_rank_cut,False,True,False
S1-874632572,S3-445733026,beyond_rank_cut,False,True,False
S1-874632572,S3-585933771,beyond_rank_cut,False,True,False
S1-256350361,S3-651858510,beyond_rank_cut,False,True,False
S1-689512690,S3-692762133,beyond_rank_cut,False,True,False
S1-757090615,S2-410722906,beyond_rank_cut,False,True,False
S1-444568944,S2-479729053,no_shared_term,False,False,False
S1-444568944,S3-419286082,no_shared_term,False,False,False
S1-93162487,S3-822159254,beyond_rank_cut,False,True,False
S1-324949646,S2-994910393,beyond_rank_cut,False,True,False
S1-324949646,S3-155530332,beyond_rank_cut,False,True,False
S1-324949646,S3-47360967,beyond_rank_cut,False,True,False
S1-756811424,S3-331599042,beyond_rank_cut,False,True,False
S1-584610515,S3-846580379,beyond_rank_cut,False,True,False
S1-649496120,S3-116280227,beyond_rank_cut,False,True,False
S1-894168406,S3-5528873,beyond_rank_cut,False,True,False
S1-621926154,S3-649319080,beyond_rank_cut,False,True,False
S1-51367956,S3-165818227,no_shared_term,False,False,False
S1-490767301,S3-426950593,no_shared_term,False,False,False
S1-41733417,S2-77441362,beyond_rank_cut,False,True,False
S1-107724729,S2-823015105,beyond_rank_cut,False,True,False
S1-983656218,S3-938758173,beyond_rank_cut,False,True,False
S1-944829433,S3-679445508,beyond_rank_cut,False,True,False
S1-34850444,S2-437983645,beyond_rank_cut,False,True,False
S1-437623733,S3-589511530,beyond_rank_cut,False,True,False
S1-103062976,S2-879126961,beyond_rank_cut,False,True,False
S1-103062976,S2-900274318,beyond_rank_cut,False,True,False
S1-191309686,S3-22623080,no_shared_term,False,False,False
S1-737943072,S3-936081595,beyond_rank_cut,False,True,False
S1-382493617,S2-152940626,beyond_rank_cut,False,True,False
S1-466098038,S3-162832030,beyond_rank_cut,False,True,False
S1-848909954,S3-707990957,beyond_rank_cut,False,True,False
S1-350187503,S3-153588340,beyond_rank_cut,False,True,False
S1-489667407,S2-375540897,no_shared_term,False,False,False
S1-489667407,S3-207909203,no_shared_term,False,False,False
S1-489667407,S3-847404070,beyond_rank_cut,False,True,False
S1-545190038,S2-995419903,no_shared_term,False,False,False
S1-545190038,S3-408969770,no_shared_term,False,False,False
S1-319111218,S2-669509064,beyond_rank_cut,False,True,False
S1-431603522,S2-854886682,no_shared_term,False,False,False
S1-431603522,S3-307239754,no_shared_term,False,False,False
S1-223227578,S2-637040537,beyond_rank_cut,False,True,False
S1-801511801,S2-714583555,beyond_rank_cut,False,True,False
S1-840895173,S3-852336077,beyond_rank_cut,False,True,False
S1-551078751,S2-170637467,no_shared_term,False,False,False
S1-360306759,S3-265563131,beyond_rank_cut,False,True,False
S1-884250427,S3-352028999,beyond_rank_cut,False,True,False
S1-698941955,S2-68278023,no_shared_term,False,False,False
S1-860409404,S3-974251153,no_shared_term,False,False,False
S1-849530180,S2-825321275,beyond_rank_cut,False,True,False
S1-149072067,S2-729566826,no_shared_term,False,False,False
S1-354081154,S3-992016784,no_shared_term,False,False,False
S1-474360800,S2-323675456,beyond_rank_cut,False,True,False
S1-327844946,S2-803584530,beyond_rank_cut,False,True,False
S1-336075875,S3-354315709,beyond_rank_cut,False,True,False
S1-912467391,S2-121808177,no_shared_term,False,False,False
S1-487868977,S3-702651192,beyond_rank_cut,False,True,False
S1-957762737,S2-803650447,no_shared_term,False,False,False
S1-957762737,S3-548963894,no_shared_term,False,False,False
S1-582275741,S3-338484957,beyond_rank_cut,False,True,False
S1-546708908,S3-585685454,beyond_rank_cut,False,True,False
S1-14236176,S2-927435426,beyond_rank_cut,False,True,False
S1-951740683,S2-952232353,beyond_rank_cut,False,True,False
S1-459494979,S3-632803012,beyond_rank_cut,False,True,False
S1-459494979,S3-657404802,beyond_rank_cut,False,True,False
S1-558753330,S3-173831193,beyond_rank_cut,False,True,False
S1-596112280,S2-486963785,beyond_rank_cut,False,True,False
S1-18125212,S3-960749445,no_shared_term,False,False,False
S1-9027694,S3-307049542,beyond_rank_cut,False,True,False
S1-150147090,S2-1776604,no_shared_term,False,False,False
S1-150147090,S2-627636194,no_shared_term,False,False,False
S1-77936820,S3-550906187,beyond_rank_cut,False,True,False
S1-471147602,S2-833947347,beyond_rank_cut,False,True,False
S1-735314345,S2-819078295,beyond_rank_cut,False,True,False
S1-350892017,S3-329164496,beyond_rank_cut,False,True,False
S1-272180883,S3-452518747,beyond_rank_cut,False,True,False
S1-545049195,S3-459577873,beyond_rank_cut,False,True,False
S1-545049195,S3-82162408,beyond_rank_cut,False,True,False
S1-92884090,S2-534415297,no_shared_term,False,False,False
S1-92884090,S3-168451420,no_shared_term,False,False,False
S1-92884090,S3-212704074,beyond_rank_cut,False,True,False
S1-276925138,S3-889012737,beyond_rank_cut,False,True,False
S1-100545513,S3-644630107,beyond_rank_cut,False,True,False
S1-869484063,S3-238257712,beyond_rank_cut,False,True,False
S1-869484063,S3-938608693,beyond_rank_cut,False,True,False
S1-210591885,S3-129157824,beyond_rank_cut,False,True,False
S1-416759937,S2-632575816,beyond_rank_cut,False,True,False
S1-62511016,S2-994188125,no_shared_term,False,False,False
S1-62511016,S3-390280192,beyond_rank_cut,False,True,False
S1-399832347,S3-896645500,no_shared_term,False,False,False
S1-304167526,S3-751519686,no_shared_term,False,False,False
S1-932967432,S3-650222248,beyond_rank_cut,False,True,False
S1-47035025,S2-874614423,beyond_rank_cut,False,True,False
S1-995967978,S3-70819015,no_shared_term,False,False,False
S1-340420776,S3-767338095,beyond_rank_cut,False,True,False
S1-433285038,S3-1844890,beyond_rank_cut,False,True,False
S1-75587439,S3-870852632,beyond_rank_cut,False,True,False
S1-279145578,S3-257838208,no_shared_term,False,False,False
S1-854952528,S3-449855216,beyond_rank_cut,False,True,False
S1-683287333,S3-148013276,beyond_rank_cut,False,True,False
S1-326443202,S3-33001355,beyond_rank_cut,False,True,False
S1-220962963,S2-808162551,beyond_rank_cut,False,True,False
S1-509970896,S2-69840861,beyond_rank_cut,False,True,False
S1-34476056,S3-836194251,beyond_rank_cut,False,True,False
S1-839201687,S2-381127990,no_shared_term,False,False,False
S1-374092907,S2-483869598,beyond_rank_cut,False,True,False
S1-374092907,S3-430595236,beyond_rank_cut,False,True,False
S1-445243356,S3-4548851,beyond_rank_cut,False,True,False
S1-709001777,S3-24311626,no_shared_term,False,False,False
S1-709001777,S3-8612127,beyond_rank_cut,False,True,False
S1-462523929,S3-313618077,no_shared_term,False,False,False
S1-281879920,S2-911463824,beyond_rank_cut,False,True,False
S1-281879920,S3-349013804,beyond_rank_cut,False,True,False
S1-942185999,S2-792128868,no_shared_term,False,False,False
S1-912081427,S2-954131934,beyond_rank_cut,False,True,False
S1-504449303,S3-5279471,beyond_rank_cut,False,True,False
S1-344551208,S3-376743544,beyond_rank_cut,False,True,False
S1-673494233,S3-172553624,no_shared_term,False,False,False
S1-673494233,S3-998284090,no_shared_term,False,False,False
S1-65370973,S2-54797206,beyond_rank_cut,False,True,False
S1-687416499,S2-362916522,beyond_rank_cut,False,True,False
S1-23307552,S3-193792667,no_shared_term,False,False,False
S1-876675626,S2-411981752,no_shared_term,False,False,False
S1-876675626,S3-406610954,no_shared_term,False,False,False
S1-876675626,S3-424322550,no_shared_term,False,False,False
S1-876675626,S3-731158641,no_shared_term,False,False,False
S1-898898634,S2-937300560,no_shared_term,False,False,False
S1-159211735,S2-669055686,no_shared_term,False,False,False
S1-89612398,S3-995691464,no_shared_term,False,False,False
S1-133340351,S3-404921474,no_shared_term,False,False,False
S1-154053311,S2-417905005,beyond_rank_cut,False,True,False
S1-977347428,S3-513738153,beyond_rank_cut,False,True,False
S1-726538512,S2-488004403,no_shared_term,False,False,False
S1-750838567,S2-16955541,beyond_rank_cut,False,True,False
S1-666340098,S2-339963504,no_shared_term,False,False,False
S1-666340098,S2-349572154,no_shared_term,False,False,False
S1-666340098,S2-707685649,no_shared_term,False,False,False
S1-370907986,S3-568803759,no_shared_term,False,False,False
S1-415273,S2-258721905,beyond_rank_cut,False,True,False
S1-415273,S3-313255335,beyond_rank_cut,False,True,False
S1-519389728,S3-119405029,no_shared_term,False,False,False
S1-438553385,S2-530222162,no_shared_term,False,False,False
S1-438553385,S3-139160463,no_shared_term,False,False,False
S1-310860070,S3-764578291,no_shared_term,False,False,False
S1-224106519,S2-251267848,beyond_rank_cut,False,True,False
S1-673148508,S3-29312041,beyond_rank_cut,False,True,False
S1-673148508,S3-709117654,beyond_rank_cut,False,True,False
S1-645433017,S3-543589295,beyond_rank_cut,False,True,False
S1-343698880,S2-134572154,beyond_rank_cut,False,True,False
S1-851193923,S3-93700366,beyond_rank_cut,False,True,False
S1-851193923,S3-944576058,beyond_rank_cut,False,True,False
S1-712392951,S3-327705841,beyond_rank_cut,False,True,False
S1-898966331,S2-485971338,beyond_rank_cut,False,True,False
S1-853547895,S3-402647865,beyond_rank_cut,False,True,False
S1-343087423,S3-53932093,beyond_rank_cut,False,True,False
S1-282856613,S3-50390069,no_shared_term,False,False,False
S1-504473053,S3-582337569,beyond_rank_cut,False,True,False
S1-412860921,S2-624783780,beyond_rank_cut,False,True,False
S1-412860921,S2-984838528,beyond_rank_cut,False,True,False
S1-16851107,S3-991667905,no_shared_term,False,False,False
S1-159514378,S2-72164968,beyond_rank_cut,False,True,False
S1-209456738,S2-703113372,beyond_rank_cut,False,True,False
S1-922992267,S3-553024528,beyond_rank_cut,False,True,False
S1-922992267,S3-891977120,no_shared_term,False,False,False
S1-57083493,S2-878453317,beyond_rank_cut,False,True,False
S1-853515545,S2-909463250,beyond_rank_cut,False,True,False
S1-610160536,S3-459427488,no_shared_term,False,False,False
S1-154247628,S3-196764093,beyond_rank_cut,False,True,False
S1-436541284,S3-156169545,no_shared_term,False,False,False
S1-436541284,S3-702271807,no_shared_term,False,False,False
S1-764480551,S3-339928453,beyond_rank_cut,False,True,False
S1-912405815,S3-643338316,no_shared_term,False,False,False
S1-529363250,S3-112863356,beyond_rank_cut,False,True,False
S1-529363250,S3-891034538,beyond_rank_cut,False,True,False
S1-697730852,S2-502774171,no_shared_term,False,False,False
S1-147162250,S3-105713355,beyond_rank_cut,False,True,False
S1-147162250,S3-442892496,beyond_rank_cut,False,True,False
S1-662871393,S3-163960698,beyond_rank_cut,False,True,False
S1-121142666,S3-262980232,beyond_rank_cut,False,True,False
S1-915154742,S3-722983983,beyond_rank_cut,False,True,False
S1-19481998,S3-321899515,beyond_rank_cut,False,True,False
S1-532615388,S2-320355766,no_shared_term,False,False,False
S1-737827979,S2-491605510,no_shared_term,False,False,False
S1-737827979,S2-887132359,no_shared_term,False,False,False
S1-737827979,S3-901725745,no_shared_term,False,False,False
S1-474350166,S2-669158796,beyond_rank_cut,False,True,False
S1-474350166,S2-716037206,beyond_rank_cut,False,True,False
S1-427177572,S2-496655838,beyond_rank_cut,False,True,False
S1-823219811,S3-642705626,no_shared_term,False,False,False
S1-840382028,S2-165954134,beyond_rank_cut,False,True,False
S1-37794998,S3-431365591,beyond_rank_cut,False,True,False
S1-522917409,S2-372382336,beyond_rank_cut,False,True,False
S1-852010573,S3-164312886,no_shared_term,False,False,False
S1-852010573,S3-449839175,beyond_rank_cut,False,True,False
S1-986785040,S2-921392648,beyond_rank_cut,False,True,False
S1-223820402,S2-326818413,beyond_rank_cut,False,True,False
S1-726586942,S2-921347352,beyond_rank_cut,False,True,False
S1-981269250,S3-986250816,beyond_rank_cut,False,True,False
S1-483730652,S3-965860265,beyond_rank_cut,False,True,False
S1-981328904,S3-600320538,no_shared_term,False,False,False
S1-727716794,S3-275402012,no_shared_term,False,False,False
S1-229773014,S3-147349174,beyond_rank_cut,False,True,False
S1-893724580,S2-605223269,beyond_rank_cut,False,True,False
S1-893724580,S2-807525366,beyond_rank_cut,False,True,False
S1-13362371,S2-162834790,beyond_rank_cut,False,True,False
S1-13362371,S2-938377992,beyond_rank_cut,False,True,False
S1-44671219,S3-317086890,beyond_rank_cut,False,True,False
S1-373542686,S2-969079624,beyond_rank_cut,False,True,False
S1-413781275,S3-558473436,beyond_rank_cut,False,True,False
S1-479756373,S3-236962953,no_shared_term,False,False,False
S1-479756373,S3-40858779,no_shared_term,False,False,False
S1-524072948,S3-612478806,beyond_rank_cut,False,True,False
S1-668903389,S2-176749980,no_shared_term,False,False,False
S1-668903389,S2-32452478,no_shared_term,False,False,False
S1-966614097,S2-199350989,beyond_rank_cut,False,True,False
S1-177306037,S3-690558724,beyond_rank_cut,False,True,False
S1-411661392,S2-988976591,beyond_rank_cut,False,True,False
S1-885809710,S2-527346487,no_shared_term,False,False,False
S1-368589872,S3-394922239,beyond_rank_cut,False,True,False
S1-997514084,S3-106849636,beyond_rank_cut,False,True,False
S1-576790141,S3-424002911,beyond_rank_cut,False,True,False
S1-909027522,S3-992971632,beyond_rank_cut,False,True,False
S1-502594295,S2-541779097,beyond_rank_cut,False,True,False
S1-992820823,S2-579170215,beyond_rank_cut,False,True,False
S1-992820823,S2-905228166,beyond_rank_cut,False,True,False
S1-732549751,S3-269708658,no_shared_term,False,False,False
S1-918662222,S3-112741452,beyond_rank_cut,False,True,False
S1-918662222,S3-14428545,beyond_rank_cut,False,True,False
S1-918662222,S3-487789195,beyond_rank_cut,False,True,False
S1-610683375,S3-617896202,beyond_rank_cut,False,True,False
S1-610683375,S3-881355839,no_shared_term,False,False,False
S1-933589386,S3-489176094,beyond_rank_cut,False,True,False
S1-680474167,S2-464015500,beyond_rank_cut,False,True,False
S1-904027443,S2-303870376,beyond_rank_cut,False,True,False
S1-411496355,S3-813474405,beyond_rank_cut,False,True,False
S1-540942936,S2-545751014,beyond_rank_cut,False,True,False
S1-285709161,S3-164294708,beyond_rank_cut,False,True,False
S1-285709161,S3-27640566,beyond_rank_cut,False,True,False
S1-285709161,S3-375147890,beyond_rank_cut,False,True,False
S1-285709161,S3-497553751,beyond_rank_cut,False,True,False
S1-661254006,S2-358031085,no_shared_term,False,False,False
S1-935214626,S2-493852976,beyond_rank_cut,False,True,False
S1-44083248,S3-892585804,beyond_rank_cut,False,True,False
S1-474604022,S2-330854487,no_shared_term,False,False,False
S1-250165831,S2-58696038,beyond_rank_cut,False,True,False
S1-572709684,S2-456490489,no_shared_term,False,False,False
S1-315018099,S2-324821607,no_shared_term,False,False,False
S1-315018099,S2-4644116,no_shared_term,False,False,False
S1-575430610,S3-685931866,beyond_rank_cut,False,True,False
S1-754068717,S2-578472709,no_shared_term,False,False,False
S1-436664742,S3-313580886,beyond_rank_cut,False,True,False
S1-146939953,S3-739861984,beyond_rank_cut,False,True,False
S1-608291155,S3-514163721,beyond_rank_cut,False,True,False
S1-533569434,S3-684429274,beyond_rank_cut,False,True,False
S1-524485122,S3-468608957,beyond_rank_cut,False,True,False
S1-524485122,S3-603034391,beyond_rank_cut,False,True,False
S1-524485122,S3-80662499,beyond_rank_cut,False,True,False
S1-71873640,S2-529586847,beyond_rank_cut,False,True,False
S1-71873640,S3-569176736,beyond_rank_cut,False,True,False
S1-270319062,S2-953424724,no_shared_term,False,False,False
S1-161238488,S2-429123375,no_shared_term,False,False,False
S1-800141061,S2-352977415,no_shared_term,False,False,False
S1-27343277,S2-750218862,no_shared_term,False,False,False
S1-145745593,S2-252008451,beyond_rank_cut,False,True,False
S1-622293146,S3-353527128,beyond_rank_cut,False,True,False
S1-539624639,S3-515217699,no_shared_term,False,False,False
S1-763059408,S3-340896796,beyond_rank_cut,False,True,False
S1-22342319,S2-142244846,beyond_rank_cut,False,True,False
S1-432811602,S3-59912277,beyond_rank_cut,False,True,False
S1-413914803,S2-145899418,beyond_rank_cut,False,True,False
S1-363078669,S2-20820812,beyond_rank_cut,False,True,False
S1-180431474,S2-177236615,no_shared_term,False,False,False
S1-624516599,S2-821207972,beyond_rank_cut,False,True,False
S1-493324163,S2-306650279,no_shared_term,False,False,False
S1-960343474,S3-484222225,no_shared_term,False,False,False
S1-960343474,S3-564220210,no_shared_term,False,False,False
S1-341084451,S3-988942015,beyond_rank_cut,False,True,False
S1-649297945,S2-925377860,no_shared_term,False,False,False
S1-649297945,S3-355010948,no_shared_term,False,False,False
S1-649297945,S3-970863259,beyond_rank_cut,False,True,False
S1-688213048,S3-204775073,beyond_rank_cut,False,True,False
S1-688213048,S3-242393905,beyond_rank_cut,False,True,False
S1-392954670,S2-714217759,beyond_rank_cut,False,True,False
S1-740814402,S2-649106177,no_shared_term,False,False,False
S1-740814402,S3-146602885,beyond_rank_cut,False,True,False
S1-362931594,S3-149092488,beyond_rank_cut,False,True,False
S1-114662344,S3-422914882,beyond_rank_cut,False,True,False
S1-10838715,S3-385996575,beyond_rank_cut,False,True,False
S1-577733876,S3-768921439,no_shared_term,False,False,False
S1-914505319,S3-23039328,beyond_rank_cut,False,True,False
S1-633087563,S2-453171748,beyond_rank_cut,False,True,False
S1-78060320,S3-548541067,no_shared_term,False,False,False
S1-790182581,S3-163327754,beyond_rank_cut,False,True,False
S1-448336899,S3-281219559,beyond_rank_cut,False,True,False
S1-930475815,S3-337274830,no_shared_term,False,False,False
S1-107269072,S3-748342738,beyond_rank_cut,False,True,False
S1-107269072,S3-773035137,beyond_rank_cut,False,True,False
S1-148034324,S3-871789182,beyond_rank_cut,False,True,False
S1-907116427,S2-241855204,no_shared_term,False,False,False
S1-334796845,S3-609743798,no_shared_term,False,False,False
S1-630446251,S3-299993078,no_shared_term,False,False,False
S1-828405784,S2-595544907,beyond_rank_cut,False,True,False
S1-87082230,S2-880658524,beyond_rank_cut,False,True,False
S1-771249258,S3-627631422,beyond_rank_cut,False,True,False
S1-255228639,S3-736312838,beyond_rank_cut,False,True,False
S1-321701493,S2-848989478,no_shared_term,False,False,False
S1-870036758,S3-20126772,beyond_rank_cut,False,True,False
S1-856961127,S3-653515501,no_shared_term,False,False,False
S1-295629503,S2-540897008,no_shared_term,False,False,False
S1-770476524,S3-913580331,beyond_rank_cut,False,True,False
S1-48234382,S2-784194656,no_shared_term,False,False,False
S1-447950038,S3-154298704,no_shared_term,False,False,False
S1-171887606,S3-331865133,no_shared_term,False,False,False
S1-705518132,S2-84636796,no_shared_term,False,False,False
S1-703963663,S2-304802084,beyond_rank_cut,False,True,False
S1-915179993,S3-74419100,beyond_rank_cut,False,True,False
S1-968300458,S2-680729307,beyond_rank_cut,False,True,False
S1-761163269,S2-210502557,no_shared_term,False,False,False
S1-158395712,S3-387853916,no_shared_term,False,False,False
S1-105735341,S3-135803279,no_shared_term,False,False,False
S1-576883834,S3-859704330,beyond_rank_cut,False,True,False
S1-576883834,S3-947779983,beyond_rank_cut,False,True,False
S1-526953979,S3-383614923,no_shared_term,False,False,False
S1-928561412,S3-105355683,beyond_rank_cut,False,True,False
S1-283890880,S3-874638177,no_shared_term,False,False,False
S1-557426759,S3-246839992,no_shared_term,False,False,False
S1-539625300,S3-634411804,beyond_rank_cut,False,True,False
S1-532376088,S3-22519436,no_shared_term,False,False,False
S1-532376088,S3-244197186,beyond_rank_cut,False,True,False
S1-536034419,S3-605196736,beyond_rank_cut,False,True,False
S1-720778497,S3-516657427,beyond_rank_cut,False,True,False
S1-720778497,S3-924264251,beyond_rank_cut,False,True,False
S1-554349694,S2-784304582,no_shared_term,False,False,False
S1-766039743,S2-397519946,no_shared_term,False,False,False
S1-637867004,S2-605710131,beyond_rank_cut,False,True,False
S1-637867004,S3-476803995,beyond_rank_cut,False,True,False
S1-732974709,S3-1772751,no_shared_term,False,False,False
S1-359229117,S2-216697538,beyond_rank_cut,False,True,False
S1-359229117,S3-11121630,beyond_rank_cut,False,True,False
S1-359229117,S3-250554588,beyond_rank_cut,False,True,False
S1-359229117,S3-881657419,beyond_rank_cut,False,True,False
S1-836511708,S3-371291469,beyond_rank_cut,False,True,False
S1-392613239,S3-316574631,beyond_rank_cut,False,True,False
S1-386040403,S3-883743381,beyond_rank_cut,False,True,False
S1-386040403,S3-952535797,beyond_rank_cut,False,True,False
S1-6889438,S3-796757645,no_shared_term,False,False,False
S1-457021121,S2-799075033,no_shared_term,False,False,False
S1-564222062,S2-729588604,beyond_rank_cut,False,True,False
S1-699955916,S2-136226239,no_shared_term,False,False,False
S1-978068190,S2-607276566,beyond_rank_cut,False,True,False
S1-961123455,S2-960521357,beyond_rank_cut,False,True,False
S1-467471350,S3-317865710,beyond_rank_cut,False,True,False
S1-30073072,S2-746794270,beyond_rank_cut,False,True,False
S1-30073072,S3-47538140,beyond_rank_cut,False,True,False
S1-174763659,S3-510248242,beyond_rank_cut,False,True,False
S1-336671816,S3-279480282,beyond_rank_cut,False,True,False
S1-336671816,S3-406340340,beyond_rank_cut,False,True,False
S1-34610644,S3-772278192,no_shared_term,False,False,False
S1-433161498,S3-739784137,beyond_rank_cut,False,True,False
S1-97079625,S3-550092245,beyond_rank_cut,False,True,False
S1-338482461,S2-271969146,beyond_rank_cut,False,True,False
S1-338482461,S2-650316219,beyond_rank_cut,False,True,False
S1-624415150,S2-228666474,no_shared_term,False,False,False
S1-810776769,S3-305287266,no_shared_term,False,False,False
S1-354938167,S3-267698845,beyond_rank_cut,False,True,False
S1-830952224,S3-589985222,beyond_rank_cut,False,True,False
S1-354383142,S2-692101746,beyond_rank_cut,False,True,False
S1-273343105,S2-249709371,no_shared_term,False,False,False
S1-199571794,S2-942667122,no_shared_term,False,False,False
S1-592952975,S2-627727010,beyond_rank_cut,False,True,False
S1-148485934,S2-365645984,no_shared_term,False,False,False
S1-627484922,S3-77265160,no_shared_term,False,False,False
S1-627484922,S3-790342451,no_shared_term,False,False,False
S1-423107496,S3-951650750,beyond_rank_cut,False,True,False
S1-9370551,S2-159035589,beyond_rank_cut,False,True,False
S1-9370551,S3-235432819,beyond_rank_cut,False,True,False
S1-991487985,S2-80677514,beyond_rank_cut,False,True,False
S1-846521254,S2-733073720,beyond_rank_cut,False,True,False
S1-717951792,S2-800477149,beyond_rank_cut,False,True,False
S1-514939415,S3-383286923,beyond_rank_cut,False,True,False
S1-859508316,S2-644248280,beyond_rank_cut,False,True,False
S1-855906809,S2-847204393,beyond_rank_cut,False,True,False
S1-249341716,S3-788870936,beyond_rank_cut,False,True,False
S1-401270032,S2-899455591,beyond_rank_cut,False,True,False
S1-471502432,S2-734686001,beyond_rank_cut,False,True,False
S1-439914826,S2-873341895,no_shared_term,False,False,False
S1-820513031,S2-846027049,beyond_rank_cut,False,True,False
S1-303336272,S2-761935866,beyond_rank_cut,False,True,False
S1-303336272,S3-173382876,beyond_rank_cut,False,True,False
S1-647386919,S3-707244228,beyond_rank_cut,False,True,False
S1-994007278,S3-731454291,beyond_rank_cut,False,True,False
S1-783368174,S3-890637173,beyond_rank_cut,False,True,False
S1-640168710,S3-876510290,beyond_rank_cut,False,True,False
S1-830580504,S2-356456352,beyond_rank_cut,False,True,False
S1-830580504,S2-968464858,beyond_rank_cut,False,True,False
S1-168766300,S2-160624872,beyond_rank_cut,False,True,False
S1-168766300,S3-628110107,beyond_rank_cut,False,True,False
S1-294449203,S2-873460053,beyond_rank_cut,False,True,False
S1-107729848,S2-123995484,beyond_rank_cut,False,True,False
S1-22545230,S3-780762275,beyond_rank_cut,False,True,False
S1-77995189,S2-579445086,beyond_rank_cut,False,True,False
S1-599538782,S3-85353417,beyond_rank_cut,False,True,False
S1-332346134,S3-491848033,no_shared_term,False,False,False
S1-917203022,S3-161680389,beyond_rank_cut,False,True,False
S1-141419218,S2-427989072,beyond_rank_cut,False,True,False
S1-216732016,S2-893820607,no_shared_term,False,False,False
S1-216732016,S3-308977805,beyond_rank_cut,False,True,False
S1-491053854,S2-112905564,beyond_rank_cut,False,True,False
S1-128331964,S3-822358343,beyond_rank_cut,False,True,False
S1-128622255,S3-278592604,no_shared_term,False,False,False
S1-77212532,S2-832691703,beyond_rank_cut,False,True,False
S1-140931114,S3-948655099,no_shared_term,False,False,False
S1-140931114,S3-998715331,no_shared_term,False,False,False
S1-91296062,S3-776642720,beyond_rank_cut,False,True,False
S1-676347146,S2-907558043,beyond_rank_cut,False,True,False
S1-307067759,S2-723637959,beyond_rank_cut,False,True,False
S1-307067759,S3-965489051,beyond_rank_cut,False,True,False
S1-998668806,S2-373685898,beyond_rank_cut,False,True,False
S1-809333031,S3-207843786,beyond_rank_cut,False,True,False
S1-87236115,S2-634699493,beyond_rank_cut,False,True,False
S1-87236115,S2-687682774,beyond_rank_cut,False,True,False
S1-87236115,S2-708343230,no_shared_term,False,False,False
S1-909346920,S3-856295570,no_shared_term,False,False,False
S1-199204463,S2-616773310,beyond_rank_cut,False,True,False
S1-435630536,S2-815445992,no_shared_term,False,False,False
S1-649687723,S3-586438369,beyond_rank_cut,False,True,False
S1-832731696,S3-692643213,beyond_rank_cut,False,True,False
S1-883792153,S3-709104853,beyond_rank_cut,False,True,False
S1-883792153,S3-959944607,beyond_rank_cut,False,True,False
S1-54407906,S2-147485049,beyond_rank_cut,False,True,False
S1-31364721,S2-68850190,beyond_rank_cut,False,True,False
S1-196263290,S2-761323594,beyond_rank_cut,False,True,False
S1-107900950,S2-425359507,beyond_rank_cut,False,True,False
S1-122774570,S2-989202117,no_shared_term,False,False,False
S1-451276885,S2-58935258,beyond_rank_cut,False,True,False
S1-201817381,S3-473621899,no_shared_term,False,False,False
S1-816113567,S2-794272513,beyond_rank_cut,False,True,False
S1-665656126,S2-699640919,beyond_rank_cut,False,True,False
S1-665656126,S2-936514931,beyond_rank_cut,False,True,False
S1-164183840,S2-681436938,beyond_rank_cut,False,True,False
S1-164183840,S3-835432352,beyond_rank_cut,False,True,False
S1-698808883,S3-385077530,beyond_rank_cut,False,True,False
S1-698808883,S3-980884981,beyond_rank_cut,False,True,False
S1-491550693,S2-720271279,beyond_rank_cut,False,True,False
S1-652023877,S3-363304708,no_shared_term,False,False,False
S1-203109271,S2-96515316,no_shared_term,False,False,False
S1-710140328,S2-124147810,no_shared_term,False,False,False
S1-710140328,S2-86891265,no_shared_term,False,False,False
S1-710140328,S3-120341119,beyond_rank_cut,False,True,False
S1-253276179,S3-870257330,beyond_rank_cut,False,True,False
S1-714852950,S2-871439789,beyond_rank_cut,False,True,False
S1-423748638,S3-188559328,beyond_rank_cut,False,True,False
S1-743941375,S2-529763931,beyond_rank_cut,False,True,False
S1-456779839,S3-640062583,beyond_rank_cut,False,True,False
S1-526791003,S2-905542737,no_shared_term,False,False,False
S1-526791003,S3-824627577,beyond_rank_cut,False,True,False
S1-139173434,S2-72890737,beyond_rank_cut,False,True,False
S1-986898157,S2-136713588,no_shared_term,False,False,False
S1-986898157,S3-303901297,no_shared_term,False,False,False
S1-230738626,S3-567146807,no_shared_term,False,False,False
S1-577851255,S3-994381566,beyond_rank_cut,False,True,False
S1-784512932,S3-5715333,beyond_rank_cut,False,True,False
S1-376073283,S3-959962473,beyond_rank_cut,False,True,False
S1-525043622,S3-322533531,no_shared_term,False,False,False
S1-368054496,S2-332515572,beyond_rank_cut,False,True,False
S1-349034216,S2-530766625,no_shared_term,False,False,False
S1-820247282,S3-44869675,beyond_rank_cut,False,True,False
S1-993701880,S3-159574995,beyond_rank_cut,False,True,False
S1-357586921,S3-934583860,beyond_rank_cut,False,True,False
S1-303342950,S2-762322864,beyond_rank_cut,False,True,False
S1-465156639,S2-897380270,beyond_rank_cut,False,True,False
S1-728039443,S2-631820032,beyond_rank_cut,False,True,False
S1-750265391,S2-575215357,beyond_rank_cut,False,True,False
S1-300830154,S3-449949635,beyond_rank_cut,False,True,False
S1-9860076,S2-276979964,beyond_rank_cut,False,True,False
S1-125359169,S2-503327573,no_shared_term,False,False,False
S1-363759764,S2-995914970,no_shared_term,False,False,False
S1-363759764,S3-254908746,beyond_rank_cut,False,True,False
S1-347707050,S3-884711563,beyond_rank_cut,False,True,False
S1-550493640,S3-179730362,beyond_rank_cut,False,True,False
S1-550493640,S3-83397360,beyond_rank_cut,False,True,False
S1-793938798,S3-381688063,beyond_rank_cut,False,True,False
S1-968369268,S3-665804196,no_shared_term,False,False,False
S1-495785886,S2-986551272,no_shared_term,False,False,False
S1-167473485,S2-260896628,beyond_rank_cut,False,True,False
S1-44146547,S3-802509990,beyond_rank_cut,False,True,False
S1-747937395,S3-420784547,beyond_rank_cut,False,True,False
S1-331706355,S3-658314881,beyond_rank_cut,False,True,False
S1-881356737,S2-139056678,no_shared_term,False,False,False
S1-831704546,S2-290835331,no_shared_term,False,False,False
S1-165950983,S3-471308508,no_shared_term,False,False,False
S1-895819520,S3-502132258,no_shared_term,False,False,False
S1-943868718,S2-628783277,no_shared_term,False,False,False
S1-57147536,S3-92115612,beyond_rank_cut,False,True,False
S1-517681658,S3-186626769,beyond_rank_cut,False,True,False
S1-517681658,S3-336700101,beyond_rank_cut,False,True,False
S1-517681658,S3-472799675,beyond_rank_cut,False,True,False
S1-899093900,S2-333792516,no_shared_term,False,False,False
S1-616047838,S3-355837587,beyond_rank_cut,False,True,False
S1-493437167,S2-190881924,beyond_rank_cut,False,True,False
S1-593333466,S3-38665246,beyond_rank_cut,False,True,False
S1-438447935,S2-230427963,beyond_rank_cut,False,True,False
S1-820530723,S3-49964469,no_shared_term,False,False,False
S1-121689858,S3-982863862,no_shared_term,False,False,False
S1-537670565,S3-160661887,beyond_rank_cut,False,True,False
S1-147015169,S2-529319663,beyond_rank_cut,False,True,False
S1-147015169,S2-878048633,beyond_rank_cut,False,True,False
S1-568327006,S3-155274539,beyond_rank_cut,False,True,False
S1-399927330,S3-287134803,beyond_rank_cut,False,True,False
S1-121173646,S3-141904679,beyond_rank_cut,False,True,False
S1-932974834,S3-683592031,no_shared_term,False,False,False
S1-959857552,S3-316615021,beyond_rank_cut,False,True,False
S1-959857552,S3-628081714,no_shared_term,False,False,False
S1-480229353,S3-112977107,beyond_rank_cut,False,True,False
S1-854950411,S3-935858010,beyond_rank_cut,False,True,False
S1-684100558,S3-474670494,beyond_rank_cut,False,True,False
S1-344800372,S3-652896642,no_shared_term,False,False,False
S1-549802714,S2-158394575,no_shared_term,False,False,False
S1-520576511,S2-235521285,beyond_rank_cut,False,True,False
S1-448376784,S2-602029693,no_shared_term,False,False,False
S1-448376784,S2-979928121,no_shared_term,False,False,False
S1-403286618,S3-505523143,beyond_rank_cut,False,True,False
S1-121031634,S3-992806520,beyond_rank_cut,False,True,False
S1-14824680,S3-248574829,no_shared_term,False,False,False
S1-14824680,S3-97524967,no_shared_term,False,False,False
S1-135552536,S2-608474103,no_shared_term,False,False,False
S1-489148765,S3-225399948,no_shared_term,False,False,False
S1-753836533,S3-361546149,no_shared_term,False,False,False
S1-292502890,S3-43997591,beyond_rank_cut,False,True,False
S1-963838220,S3-852348073,no_shared_term,False,False,False
S1-708979481,S2-433004244,beyond_rank_cut,False,True,False
S1-548056794,S3-543583331,beyond_rank_cut,False,True,False
S1-726413372,S2-938380155,beyond_rank_cut,False,True,False
S1-59906980,S3-381814287,beyond_rank_cut,False,True,False
S1-996498801,S2-458676370,beyond_rank_cut,False,True,False
S1-894002771,S3-985521538,beyond_rank_cut,False,True,False
S1-455546846,S2-929861200,no_shared_term,False,False,False
S1-64484524,S3-482958622,beyond_rank_cut,False,True,False
S1-151982335,S3-744344193,no_shared_term,False,False,False
S1-293656994,S2-668221603,beyond_rank_cut,False,True,False
S1-438033455,S2-475530933,beyond_rank_cut,False,True,False
S1-8134333,S2-548998616,no_shared_term,False,False,False
S1-602284355,S2-101042043,no_shared_term,False,False,False
S1-602284355,S2-180958835,no_shared_term,False,False,False
S1-602284355,S3-214731590,no_shared_term,False,False,False
S1-602284355,S3-811332839,no_shared_term,False,False,False
S1-804287724,S2-238951612,beyond_rank_cut,False,True,False
S1-804287724,S2-768889935,beyond_rank_cut,False,True,False
S1-804287724,S3-232456938,beyond_rank_cut,False,True,False
S1-126393548,S2-210065013,beyond_rank_cut,False,True,False
S1-353422140,S3-736242036,beyond_rank_cut,False,True,False
S1-895841875,S2-412546262,no_shared_term,False,False,False
S1-247229404,S3-86993941,beyond_rank_cut,False,True,False
S1-107768815,S3-963468842,no_shared_term,False,False,False
S1-552458899,S3-819304559,beyond_rank_cut,False,True,False
S1-532262896,S3-77115726,beyond_rank_cut,False,True,False
S1-59131965,S3-453989281,beyond_rank_cut,False,True,False
S1-989368805,S2-56512245,no_shared_term,False,False,False
S1-852141496,S3-85353539,beyond_rank_cut,False,True,False
S1-179373852,S3-547665907,beyond_rank_cut,False,True,False
S1-26555198,S3-861092605,beyond_rank_cut,False,True,False
S1-563293208,S2-929733446,no_shared_term,False,False,False
S1-563293208,S3-438534552,no_shared_term,False,False,False
S1-659139956,S2-246518188,no_shared_term,False,False,False
S1-813323749,S3-883052975,beyond_rank_cut,False,True,False
S1-813323749,S3-948656484,no_shared_term,False,False,False
S1-54143804,S3-989743480,beyond_rank_cut,False,True,False
S1-381220488,S3-376311539,beyond_rank_cut,False,True,False
S1-940373055,S3-712345863,beyond_rank_cut,False,True,False
S1-860343884,S3-839262713,beyond_rank_cut,False,True,False
S1-488669933,S3-800751291,beyond_rank_cut,False,True,False
S1-189481999,S2-560066928,beyond_rank_cut,False,True,False
S1-189481999,S3-507015413,beyond_rank_cut,False,True,False
S1-323338345,S3-703959549,beyond_rank_cut,False,True,False
S1-607710249,S2-172754843,no_shared_term,False,False,False
S1-607710249,S2-86394729,beyond_rank_cut,False,True,False
S1-826984012,S3-203257130,beyond_rank_cut,False,True,False
S1-43179826,S2-936943117,beyond_rank_cut,False,True,False
S1-43179826,S3-861546123,beyond_rank_cut,False,True,False
S1-828514990,S3-29966697,beyond_rank_cut,False,True,False
S1-828514990,S3-551397934,beyond_rank_cut,False,True,False
S1-654253589,S3-513263329,beyond_rank_cut,False,True,False
S1-961495882,S3-623791369,beyond_rank_cut,False,True,False
S1-998018318,S2-85286302,beyond_rank_cut,False,True,False
S1-998018318,S3-317328241,no_shared_term,False,False,False
S1-901316488,S3-341676899,beyond_rank_cut,False,True,False
S1-117446451,S3-787475148,beyond_rank_cut,False,True,False
S1-599851577,S2-336862241,beyond_rank_cut,False,True,False
S1-599851577,S2-467920801,beyond_rank_cut,False,True,False
S1-509784908,S2-690494992,beyond_rank_cut,False,True,False
S1-792905951,S2-466467695,beyond_rank_cut,False,True,False
S1-792905951,S3-635389660,beyond_rank_cut,False,True,False
S1-792905951,S3-813226548,beyond_rank_cut,False,True,False
S1-353603791,S3-483766606,beyond_rank_cut,False,True,False
S1-334016146,S2-975393724,beyond_rank_cut,False,True,False
S1-221730275,S3-147574087,beyond_rank_cut,False,True,False
S1-221730275,S3-253011939,beyond_rank_cut,False,True,False
S1-221730275,S3-32861600,beyond_rank_cut,False,True,False
S1-221730275,S3-382747823,beyond_rank_cut,False,True,False
S1-258148755,S3-211835235,beyond_rank_cut,False,True,False
S1-437050674,S2-614485468,no_shared_term,False,False,False
S1-437050674,S3-214545055,beyond_rank_cut,False,True,False
S1-152985768,S3-658536911,beyond_rank_cut,False,True,False
S1-778549842,S3-355669209,beyond_rank_cut,False,True,False
S1-778549842,S3-856647567,beyond_rank_cut,False,True,False
S1-967124226,S2-813159638,beyond_rank_cut,False,True,False
S1-511224443,S3-147848333,no_shared_term,False,False,False
S1-452045163,S2-67544403,no_shared_term,False,False,False
S1-452045163,S3-822149335,no_shared_term,False,False,False
S1-637447607,S3-296633272,beyond_rank_cut,False,True,False
S1-637447607,S3-978527243,beyond_rank_cut,False,True,False
S1-458731945,S2-79605600,beyond_rank_cut,False,True,False
S1-458731945,S3-812607958,beyond_rank_cut,False,True,False
S1-746466145,S3-878763384,beyond_rank_cut,False,True,False
S1-154527537,S3-633930411,no_shared_term,False,False,False
S1-757526046,S3-557058525,beyond_rank_cut,False,True,False
S1-148943619,S3-216180994,no_shared_term,False,False,False
S1-244057554,S3-438740339,beyond_rank_cut,False,True,False
S1-431535356,S3-443800584,no_shared_term,False,False,False
S1-211327928,S2-859924217,no_shared_term,False,False,False
S1-776115282,S2-476284735,beyond_rank_cut,False,True,False
S1-605038539,S3-241147759,beyond_rank_cut,False,True,False
S1-710773295,S3-522080772,beyond_rank_cut,False,True,False
S1-29554929,S2-577099575,no_shared_term,False,False,False
S1-16258452,S2-284810093,beyond_rank_cut,False,True,False
S1-16258452,S2-414408584,beyond_rank_cut,False,True,False
S1-16258452,S3-621709249,beyond_rank_cut,False,True,False
S1-604313867,S3-531492252,no_shared_term,False,False,False
S1-11379687,S3-968838278,beyond_rank_cut,False,True,False
S1-266920342,S3-589098371,no_shared_term,False,False,False
S1-269310809,S3-852164785,no_shared_term,False,False,False
S1-465107063,S2-499375141,beyond_rank_cut,False,True,False
S1-94299428,S3-837648130,beyond_rank_cut,False,True,False
S1-127556688,S3-763523152,no_shared_term,False,False,False
S1-127556688,S3-845596125,beyond_rank_cut,False,True,False
S1-353617012,S2-610500616,beyond_rank_cut,False,True,False
S1-210554215,S3-843777398,beyond_rank_cut,False,True,False
S1-814138147,S2-92606982,no_shared_term,False,False,False
S1-600796228,S3-359702243,no_shared_term,False,False,False
S1-165996499,S3-712124533,beyond_rank_cut,False,True,False
S1-244737311,S2-729255487,no_shared_term,False,False,False
S1-394603046,S3-73467636,beyond_rank_cut,False,True,False
S1-268388688,S2-539360442,beyond_rank_cut,False,True,False
S1-709958625,S3-115439867,beyond_rank_cut,False,True,False
S1-709958625,S3-17049560,beyond_rank_cut,False,True,False
S1-354856237,S3-866746349,beyond_rank_cut,False,True,False
S1-110103979,S2-746889816,beyond_rank_cut,False,True,False
S1-209485654,S3-355310741,no_shared_term,False,False,False
S1-209139821,S3-543913507,beyond_rank_cut,False,True,False
S1-493926977,S2-134206373,beyond_rank_cut,False,True,False
S1-736252482,S3-741805911,no_shared_term,False,False,False
S1-736252482,S3-924534226,no_shared_term,False,False,False
S1-754973514,S3-847755441,beyond_rank_cut,False,True,False
S1-416833152,S3-536378148,beyond_rank_cut,False,True,False
S1-802587975,S2-969064543,beyond_rank_cut,False,True,False
S1-880289457,S2-601404652,beyond_rank_cut,False,True,False
S1-934266674,S2-615206384,no_shared_term,False,False,False
S1-826178591,S3-301669775,beyond_rank_cut,False,True,False
S1-773173503,S2-473910057,no_shared_term,False,False,False
S1-67052846,S2-911141124,beyond_rank_cut,False,True,False
S1-571412364,S2-504915425,no_shared_term,False,False,False
S1-417143376,S3-801945838,no_shared_term,False,False,False
S1-145098965,S2-240594860,no_shared_term,False,False,False
S1-145098965,S2-686772694,no_shared_term,False,False,False
S1-145098965,S2-73741442,no_shared_term,False,False,False
S1-570723471,S3-316497717,beyond_rank_cut,False,True,False
S1-502888768,S2-521790912,beyond_rank_cut,False,True,False
S1-436384947,S2-645909779,no_shared_term,False,False,False
S1-374330591,S3-368977908,no_shared_term,False,False,False
S1-729361518,S2-18505924,beyond_rank_cut,False,True,False
S1-257807513,S2-532432225,beyond_rank_cut,False,True,False
S1-607463782,S3-110134896,beyond_rank_cut,False,True,False
S1-637004326,S2-317854443,no_shared_term,False,False,False
S1-637004326,S2-370681047,no_shared_term,False,False,False
S1-637004326,S2-998725868,no_shared_term,False,False,False
S1-595328047,S3-988247961,beyond_rank_cut,False,True,False
S1-795656008,S3-707140236,beyond_rank_cut,False,True,False
S1-185118167,S2-620368389,beyond_rank_cut,False,True,False
S1-558584445,S3-406489600,beyond_rank_cut,False,True,False
S1-128735515,S2-98650895,beyond_rank_cut,False,True,False
S1-175441231,S3-163643756,beyond_rank_cut,False,True,False
S1-913892021,S2-41346100,beyond_rank_cut,False,True,False
S1-913892021,S2-792981528,beyond_rank_cut,False,True,False
S1-389487179,S2-474545299,beyond_rank_cut,False,True,False
S1-652500839,S2-308306490,no_shared_term,False,False,False
S1-652500839,S3-724862785,beyond_rank_cut,False,True,False
S1-582601010,S3-642230850,no_shared_term,False,False,False
S1-130041442,S2-314035765,no_shared_term,False,False,False
S1-130041442,S2-471895332,beyond_rank_cut,False,True,False
S1-130041442,S3-12397363,beyond_rank_cut,False,True,False
S1-361428629,S3-542636137,no_shared_term,False,False,False
S1-361428629,S3-598024980,no_shared_term,False,False,False
S1-475505358,S2-550336928,no_shared_term,False,False,False
S1-755912907,S2-705164628,beyond_rank_cut,False,True,False
S1-365075128,S2-859837064,no_shared_term,False,False,False
S1-949817133,S3-938514864,beyond_rank_cut,False,True,False
S1-341374414,S2-574454880,beyond_rank_cut,False,True,False
S1-341374414,S2-994509948,beyond_rank_cut,False,True,False
S1-890436736,S2-104462276,no_shared_term,False,False,False
S1-409592894,S3-734128755,beyond_rank_cut,False,True,False
S1-26355710,S2-717603475,beyond_rank_cut,False,True,False
S1-743059180,S3-540911600,beyond_rank_cut,False,True,False
S1-80272310,S2-477976478,beyond_rank_cut,False,True,False
S1-530337024,S2-229146709,beyond_rank_cut,False,True,False
S1-108525414,S3-113606799,no_shared_term,False,False,False
S1-426302425,S2-888867043,no_shared_term,False,False,False
S1-367786933,S2-599497055,no_shared_term,False,False,False
S1-676502766,S3-509528454,beyond_rank_cut,False,True,False
S1-427504459,S2-3022899,no_shared_term,False,False,False
S1-150788998,S3-702411531,beyond_rank_cut,False,True,False
S1-351024279,S3-93617376,no_shared_term,False,False,False
S1-244890063,S3-28879610,no_shared_term,False,False,False
S1-19595320,S3-831062791,beyond_rank_cut,False,True,False
S1-255019318,S3-930407443,beyond_rank_cut,False,True,False
S1-550316818,S2-27555432,no_shared_term,False,False,False
S1-400353568,S2-247827922,beyond_rank_cut,False,True,False
S1-250416328,S2-749501773,beyond_rank_cut,False,True,False
S1-250416328,S3-789506510,beyond_rank_cut,False,True,False
S1-611374748,S2-713924704,no_shared_term,False,False,False
S1-611374748,S3-208021933,beyond_rank_cut,False,True,False
S1-953147837,S3-193027417,beyond_rank_cut,False,True,False
S1-326270842,S2-175169376,no_shared_term,False,False,False
S1-326270842,S3-611630982,beyond_rank_cut,False,True,False
S1-326270842,S3-797454837,beyond_rank_cut,False,True,False
S1-952086022,S3-802642170,beyond_rank_cut,False,True,False
S1-871823486,S2-931340407,beyond_rank_cut,False,True,False
S1-356780641,S3-667472509,no_shared_term,False,False,False
S1-189752144,S2-133275755,no_shared_term,False,False,False
S1-189752144,S2-154638135,no_shared_term,False,False,False
S1-189752144,S3-111157079,no_shared_term,False,False,False
S1-798623610,S3-491318364,beyond_rank_cut,False,True,False
S1-798623610,S3-68029807,beyond_rank_cut,False,True,False
S1-853602781,S3-113419984,beyond_rank_cut,False,True,False
S1-853602781,S3-932910563,beyond_rank_cut,False,True,False
S1-982528348,S3-954624533,beyond_rank_cut,False,True,False
S1-463482990,S3-942648288,no_shared_term,False,False,False
S1-132315571,S3-193650950,beyond_rank_cut,False,True,False
S1-281623573,S3-753108066,beyond_rank_cut,False,True,False
S1-47241651,S3-261289872,beyond_rank_cut,False,True,False
S1-475571802,S2-847939053,beyond_rank_cut,False,True,False
S1-475571802,S3-93957920,beyond_rank_cut,False,True,False
S1-624983720,S3-230653620,beyond_rank_cut,False,True,False
S1-624983720,S3-344488850,beyond_rank_cut,False,True,False
S1-624983720,S3-922489126,beyond_rank_cut,False,True,False
S1-453787477,S2-984806742,beyond_rank_cut,False,True,False
S1-167732520,S3-94602944,no_shared_term,False,False,False
S1-409097781,S2-717888640,beyond_rank_cut,False,True,False
S1-946841538,S3-501122682,beyond_rank_cut,False,True,False
S1-513951795,S2-784868587,beyond_rank_cut,False,True,False
S1-492626032,S2-267065838,beyond_rank_cut,False,True,False
S1-149956545,S2-820626415,beyond_rank_cut,False,True,False
S1-149956545,S3-482101046,beyond_rank_cut,False,True,False
S1-988264554,S3-652264683,no_shared_term,False,False,False
S1-428363553,S3-895407932,beyond_rank_cut,False,True,False
S1-397625966,S3-694025074,beyond_rank_cut,False,True,False
S1-726008270,S3-738482715,beyond_rank_cut,False,True,False
S1-950611157,S3-648020345,no_shared_term,False,False,False
S1-574457821,S2-970658735,beyond_rank_cut,False,True,False
S1-619318472,S2-129721433,no_shared_term,False,False,False
S1-619318472,S2-56430857,no_shared_term,False,False,False
S1-91284491,S3-770867853,beyond_rank_cut,False,True,False
S1-377934395,S2-687366480,no_shared_term,False,False,False
S1-440432707,S2-305765340,beyond_rank_cut,False,True,False
S1-440432707,S2-811127426,beyond_rank_cut,False,True,False
S1-440432707,S2-993706928,beyond_rank_cut,False,True,False
S1-886590515,S2-986652637,no_shared_term,False,False,False
S1-805075295,S3-663473419,beyond_rank_cut,False,True,False
S1-43489466,S3-42121397,no_shared_term,False,False,False
S1-308232226,S3-957879349,beyond_rank_cut,False,True,False
S1-841483713,S2-575490049,no_shared_term,False,False,False
S1-841483713,S2-827252611,no_shared_term,False,False,False
S1-613291475,S3-773950739,beyond_rank_cut,False,True,False
S1-376332219,S2-862902150,beyond_rank_cut,False,True,False
S1-45252741,S3-104517610,no_shared_term,False,False,False
S1-251784291,S3-438700065,beyond_rank_cut,False,True,False
S1-408136441,S2-520891213,no_shared_term,False,False,False
S1-554328298,S2-202335999,beyond_rank_cut,False,True,False
S1-895327647,S3-288722949,beyond_rank_cut,False,True,False
S1-82241338,S2-328902775,no_shared_term,False,False,False
S1-918293300,S2-152865103,no_shared_term,False,False,False
S1-459043501,S2-804309340,no_shared_term,False,False,False
S1-643476116,S3-649757066,beyond_rank_cut,False,True,False
S1-717729227,S3-163187201,beyond_rank_cut,False,True,False
S1-738226129,S2-901386970,beyond_rank_cut,False,True,False
S1-103661528,S2-498470605,beyond_rank_cut,False,True,False
S1-259129190,S3-84701056,beyond_rank_cut,False,True,False
S1-722895091,S2-821361064,beyond_rank_cut,False,True,False
S1-855474733,S3-683368893,beyond_rank_cut,False,True,False
S1-362484590,S3-811496204,beyond_rank_cut,False,True,False
S1-280356954,S2-811814583,beyond_rank_cut,False,True,False
S1-116084940,S3-915503000,beyond_rank_cut,False,True,False
S1-130581300,S3-854251068,beyond_rank_cut,False,True,False
S1-973485660,S3-180020046,no_shared_term,False,False,False
S1-56152194,S2-397604970,beyond_rank_cut,False,True,False
S1-56152194,S2-555075607,beyond_rank_cut,False,True,False
S1-217180410,S3-779884550,beyond_rank_cut,False,True,False
S1-102638382,S3-500033463,beyond_rank_cut,False,True,False
S1-107161019,S3-564552604,beyond_rank_cut,False,True,False
S1-813975428,S3-740613556,no_shared_term,False,False,False
S1-426254212,S2-944033038,beyond_rank_cut,False,True,False
S1-171054276,S2-477513214,no_shared_term,False,False,False
S1-171054276,S3-941541945,beyond_rank_cut,False,True,False
S1-40718764,S2-280855346,beyond_rank_cut,False,True,False
S1-513508637,S3-600856820,beyond_rank_cut,False,True,False
S1-479191428,S3-113676644,no_shared_term,False,False,False
S1-479191428,S3-379356519,no_shared_term,False,False,False
S1-479191428,S3-556713512,no_shared_term,False,False,False
S1-901648947,S3-311075765,beyond_rank_cut,False,True,False
S1-901648947,S3-607319754,beyond_rank_cut,False,True,False
S1-649700160,S3-961388840,beyond_rank_cut,False,True,False
S1-876847893,S3-240248121,beyond_rank_cut,False,True,False
S1-398748499,S2-853598254,beyond_rank_cut,False,True,False
S1-187456286,S3-841078381,beyond_rank_cut,False,True,False
S1-945668617,S3-541096954,no_shared_term,False,False,False
S1-793071436,S3-415543229,beyond_rank_cut,False,True,False
S1-791503998,S2-792300128,beyond_rank_cut,False,True,False
S1-953908795,S3-927257276,beyond_rank_cut,False,True,False
S1-202183537,S3-208188069,no_shared_term,False,False,False
S1-210857730,S3-394964441,beyond_rank_cut,False,True,False
S1-210857730,S3-702335026,beyond_rank_cut,False,True,False
S1-655680513,S3-342988468,beyond_rank_cut,False,True,False
S1-655680513,S3-629947204,beyond_rank_cut,False,True,False
S1-655680513,S3-672973450,beyond_rank_cut,False,True,False
S1-942713198,S2-526053810,beyond_rank_cut,False,True,False
S1-405629243,S2-925335136,beyond_rank_cut,False,True,False
S1-156663143,S2-292337133,no_shared_term,False,False,False
S1-894262960,S3-613805158,beyond_rank_cut,False,True,False
S1-902589007,S2-357020712,no_shared_term,False,False,False
S1-393515433,S3-170405923,beyond_rank_cut,False,True,False
S1-393515433,S3-21554861,beyond_rank_cut,False,True,False
S1-396586368,S2-55063755,beyond_rank_cut,False,True,False
S1-396586368,S3-249096057,beyond_rank_cut,False,True,False
S1-27047308,S3-978565620,beyond_rank_cut,False,True,False
S1-392870191,S2-973717951,no_shared_term,False,False,False
S1-636624644,S3-936000558,beyond_rank_cut,False,True,False
S1-343335984,S3-159482265,beyond_rank_cut,False,True,False
S1-172410570,S2-830297525,no_shared_term,False,False,False
S1-95148663,S2-502884915,no_shared_term,False,False,False
S1-789290248,S2-420087517,beyond_rank_cut,False,True,False
S1-889373191,S3-415415729,no_shared_term,False,False,False
S1-184176764,S3-705180580,beyond_rank_cut,False,True,False
S1-229620408,S3-343486635,beyond_rank_cut,False,True,False
S1-702750769,S2-599374194,no_shared_term,False,False,False
S1-702750769,S3-158531500,beyond_rank_cut,False,True,False
S1-868085203,S3-111581923,no_shared_term,False,False,False
S1-96588855,S3-487224983,beyond_rank_cut,False,True,False
S1-768069349,S2-502986230,beyond_rank_cut,False,True,False
S1-579561036,S3-130600491,beyond_rank_cut,False,True,False
S1-200873950,S3-229852393,beyond_rank_cut,False,True,False
S1-200873950,S3-53812275,no_shared_term,False,False,False
S1-801836912,S2-389382699,beyond_rank_cut,False,True,False
S1-801836912,S3-431804340,beyond_rank_cut,False,True,False
S1-827832033,S2-394287995,beyond_rank_cut,False,True,False
S1-827832033,S3-174322243,beyond_rank_cut,False,True,False
S1-827832033,S3-354116562,beyond_rank_cut,False,True,False
S1-166290855,S3-618877835,no_shared_term,False,False,False
S1-166290855,S3-851830658,no_shared_term,False,False,False
S1-205356656,S2-949380805,no_shared_term,False,False,False
S1-48427573,S3-720248355,beyond_rank_cut,False,True,False
S1-429497538,S2-4094565,no_shared_term,False,False,False
S1-429497538,S2-672230640,no_shared_term,False,False,False
S1-429497538,S3-430688787,no_shared_term,False,False,False
S1-899855459,S3-489277282,beyond_rank_cut,False,True,False
S1-595369125,S3-785436062,beyond_rank_cut,False,True,False
S1-870749905,S2-852715385,beyond_rank_cut,False,True,False
S1-740722018,S2-538399196,beyond_rank_cut,False,True,False
S1-740722018,S3-364007042,beyond_rank_cut,False,True,False
S1-973595848,S2-209957402,no_shared_term,False,False,False
S1-259565763,S2-232401394,no_shared_term,False,False,False
S1-259565763,S2-575228228,no_shared_term,False,False,False
S1-729544412,S2-991627394,beyond_rank_cut,False,True,False
S1-322631942,S2-659814041,no_shared_term,False,False,False
S1-322631942,S2-660595300,no_shared_term,False,False,False
S1-478702549,S3-889263523,beyond_rank_cut,False,True,False
S1-400648521,S2-791724097,beyond_rank_cut,False,True,False
S1-681097577,S2-817159893,no_shared_term,False,False,False
S1-681097577,S2-959998980,no_shared_term,False,False,False
S1-384575929,S2-816627264,beyond_rank_cut,False,True,False
S1-414704881,S2-793952210,beyond_rank_cut,False,True,False
S1-374040374,S3-208398826,beyond_rank_cut,False,True,False
S1-700555819,S3-476564109,beyond_rank_cut,False,True,False
S1-111261296,S3-323913594,no_shared_term,False,False,False
S1-401767190,S3-802117269,no_shared_term,False,False,False
S1-283206039,S3-361557602,beyond_rank_cut,False,True,False
S1-283206039,S3-735955932,beyond_rank_cut,False,True,False
S1-362728830,S3-284362083,beyond_rank_cut,False,True,False
S1-600538853,S3-968048034,beyond_rank_cut,False,True,False
S1-65772487,S2-109738023,beyond_rank_cut,False,True,False
S1-103616677,S3-745518774,beyond_rank_cut,False,True,False
S1-381874670,S2-336023392,beyond_rank_cut,False,True,False
S1-731404184,S3-98394347,beyond_rank_cut,False,True,False
S1-708962448,S3-213192790,no_shared_term,False,False,False
S1-196802012,S3-382646985,beyond_rank_cut,False,True,False
S1-276762308,S3-318677748,no_shared_term,False,False,False
S1-276762308,S3-35235545,no_shared_term,False,False,False
S1-727335505,S3-551188758,beyond_rank_cut,False,True,False
S1-148143381,S3-828895771,beyond_rank_cut,False,True,False
S1-563146775,S3-926238481,beyond_rank_cut,False,True,False
S1-232779492,S2-282013580,beyond_rank_cut,False,True,False
S1-232779492,S3-19579054,beyond_rank_cut,False,True,False
S1-751287706,S2-424858449,beyond_rank_cut,False,True,False
S1-410895510,S2-614074162,no_shared_term,False,False,False
S1-410895510,S3-196149886,beyond_rank_cut,False,True,False
S1-410895510,S3-397679923,beyond_rank_cut,False,True,False
S1-410895510,S3-551478565,no_shared_term,False,False,False
S1-410895510,S3-640353324,no_shared_term,False,False,False
S1-410895510,S3-65945895,beyond_rank_cut,False,True,False
S1-340749514,S3-664429593,beyond_rank_cut,False,True,False
S1-835290652,S3-857742322,beyond_rank_cut,False,True,False
S1-466821050,S2-964727438,no_shared_term,False,False,False
S1-466821050,S3-782669916,no_shared_term,False,False,False
S1-975210126,S2-907371757,beyond_rank_cut,False,True,False
S1-496086822,S3-314767955,beyond_rank_cut,False,True,False
S1-399027019,S3-720553627,beyond_rank_cut,False,True,False
S1-312794914,S3-262822792,beyond_rank_cut,False,True,False
S1-801102375,S3-264783906,beyond_rank_cut,False,True,False
S1-631752742,S2-167435279,beyond_rank_cut,False,True,False
S1-384047466,S3-238829907,no_shared_term,False,False,False
S1-395761014,S3-385392804,no_shared_term,False,False,False
S1-988760305,S2-708548922,no_shared_term,False,False,False
S1-168084382,S3-20286304,no_shared_term,False,False,False
S1-555331810,S2-244548978,beyond_rank_cut,False,True,False
S1-555331810,S2-927687234,beyond_rank_cut,False,True,False
S1-842283168,S2-145632888,beyond_rank_cut,False,True,False
S1-975749006,S2-333594107,beyond_rank_cut,False,True,False
S1-994348107,S2-422112561,no_shared_term,False,False,False
S1-324682172,S2-994296233,beyond_rank_cut,False,True,False
S1-946535517,S3-309268236,beyond_rank_cut,False,True,False
S1-880217521,S3-654289808,beyond_rank_cut,False,True,False
S1-664210402,S3-629104907,beyond_rank_cut,False,True,False
S1-966638018,S3-219042022,no_shared_term,False,False,False
S1-829999230,S3-362169919,beyond_rank_cut,False,True,False
S1-949062785,S2-567319563,beyond_rank_cut,False,True,False
S1-182343209,S3-616036476,no_shared_term,False,False,False
S1-182343209,S3-63277064,beyond_rank_cut,False,True,False
S1-60980405,S3-288063734,beyond_rank_cut,False,True,False
S1-71726086,S3-805873161,beyond_rank_cut,False,True,False
S1-86843247,S2-923845105,beyond_rank_cut,False,True,False
S1-390263050,S2-643685533,no_shared_term,False,False,False
S1-390263050,S3-408417902,no_shared_term,False,False,False
S1-566068890,S3-656781186,beyond_rank_cut,False,True,False
S1-827087283,S3-500983368,beyond_rank_cut,False,True,False
S1-486364001,S2-463517412,no_shared_term,False,False,False
S1-486364001,S3-264016993,beyond_rank_cut,False,True,False
S1-348419917,S3-136575108,beyond_rank_cut,False,True,False
S1-97394766,S3-888748785,no_shared_term,False,False,False
S1-724801876,S3-552147706,beyond_rank_cut,False,True,False
S1-763997247,S2-92412597,no_shared_term,False,False,False
S1-860711550,S2-814403627,no_shared_term,False,False,False
S1-860711550,S3-136682133,no_shared_term,False,False,False
S1-860711550,S3-690852606,beyond_rank_cut,False,True,False
S1-398029450,S3-981983350,beyond_rank_cut,False,True,False
S1-540585687,S2-575660802,no_shared_term,False,False,False
S1-348073278,S2-82036542,beyond_rank_cut,False,True,False
S1-383875526,S3-426934952,no_shared_term,False,False,False
S1-621622661,S3-343112210,beyond_rank_cut,False,True,False
S1-631240158,S2-702912610,no_shared_term,False,False,False
S1-631240158,S3-522737878,beyond_rank_cut,False,True,False
S1-631240158,S3-751165967,beyond_rank_cut,False,True,False
S1-900101362,S3-849302595,beyond_rank_cut,False,True,False
S1-285301399,S3-51651145,beyond_rank_cut,False,True,False
S1-285301399,S3-885462756,beyond_rank_cut,False,True,False
S1-794348222,S2-168346428,beyond_rank_cut,False,True,False
S1-74320532,S3-733734363,beyond_rank_cut,False,True,False
S1-361880696,S2-900074505,no_shared_term,False,False,False
S1-184506848,S3-521465271,beyond_rank_cut,False,True,False
S1-730976108,S3-654934070,beyond_rank_cut,False,True,False
S1-548060651,S2-445736773,beyond_rank_cut,False,True,False
S1-231168602,S2-67569333,beyond_rank_cut,False,True,False
S1-231168602,S3-150618637,beyond_rank_cut,False,True,False
S1-444737352,S2-224767297,beyond_rank_cut,False,True,False
S1-663171063,S3-62074670,no_shared_term,False,False,False
S1-663171063,S3-625296620,no_shared_term,False,False,False
S1-30344678,S3-886605068,beyond_rank_cut,False,True,False
S1-694905793,S3-792758574,beyond_rank_cut,False,True,False
S1-722653685,S2-837893512,beyond_rank_cut,False,True,False
S1-722653685,S3-588461689,beyond_rank_cut,False,True,False
S1-722653685,S3-968856983,beyond_rank_cut,False,True,False
S1-501541869,S2-314026650,beyond_rank_cut,False,True,False
S1-501541869,S3-604277843,beyond_rank_cut,False,True,False
S1-625011768,S3-436311472,beyond_rank_cut,False,True,False
S1-574423923,S2-248533806,beyond_rank_cut,False,True,False
S1-574423923,S2-496509562,beyond_rank_cut,False,True,False
S1-424661828,S2-287306038,beyond_rank_cut,False,True,False
S1-313743976,S2-950953767,beyond_rank_cut,False,True,False
S1-313743976,S3-995847275,beyond_rank_cut,False,True,False
S1-593258254,S2-599846102,beyond_rank_cut,False,True,False
S1-307477746,S2-120847728,beyond_rank_cut,False,True,False
S1-307477746,S3-937695171,beyond_rank_cut,False,True,False
S1-518042693,S3-740904572,beyond_rank_cut,False,True,False
S1-156476280,S2-198196846,beyond_rank_cut,False,True,False
S1-156476280,S2-987807658,beyond_rank_cut,False,True,False
S1-410478477,S3-201039301,beyond_rank_cut,False,True,False
S1-612599692,S2-524526410,no_shared_term,False,False,False
S1-369732098,S2-500574625,beyond_rank_cut,False,True,False
S1-725585077,S3-100045106,beyond_rank_cut,False,True,False
S1-725585077,S3-4354534,beyond_rank_cut,False,True,False
S1-895408041,S3-948755301,beyond_rank_cut,False,True,False
S1-928035238,S2-322674984,beyond_rank_cut,False,True,False
S1-357737494,S2-665470971,no_shared_term,False,False,False
S1-357737494,S2-689070418,no_shared_term,False,False,False
S1-652643632,S2-164499597,beyond_rank_cut,False,True,False
S1-966769094,S2-593690205,beyond_rank_cut,False,True,False
S1-966769094,S2-86349631,no_shared_term,False,False,False
S1-173225348,S2-664817271,beyond_rank_cut,False,True,False
S1-173225348,S2-819111545,beyond_rank_cut,False,True,False
S1-480352283,S2-907930197,no_shared_term,False,False,False
S1-440010732,S3-197044942,beyond_rank_cut,False,True,False
S1-961245698,S2-714372258,no_shared_term,False,False,False
S1-961245698,S3-133161941,no_shared_term,False,False,False
S1-383689230,S2-185353857,beyond_rank_cut,False,True,False
S1-420356048,S3-793667484,beyond_rank_cut,False,True,False
S1-813500135,S3-658452539,beyond_rank_cut,False,True,False
S1-863160987,S2-91402076,beyond_rank_cut,False,True,False
S1-362007366,S2-663652653,no_shared_term,False,False,False
S1-362007366,S3-185461180,beyond_rank_cut,False,True,False
S1-300722925,S2-328543651,beyond_rank_cut,False,True,False
S1-300722925,S3-120180512,beyond_rank_cut,False,True,False
S1-300722925,S3-642591934,beyond_rank_cut,False,True,False
S1-300722925,S3-85207557,beyond_rank_cut,False,True,False
S1-820510216,S3-274737374,beyond_rank_cut,False,True,False
S1-349304303,S3-843345098,beyond_rank_cut,False,True,False
S1-798667051,S2-285268486,no_shared_term,False,False,False
S1-84317835,S2-211228272,beyond_rank_cut,False,True,False
S1-322827792,S2-91590691,no_shared_term,False,False,False
S1-500341390,S2-329452139,beyond_rank_cut,False,True,False
S1-500341390,S3-909229125,beyond_rank_cut,False,True,False
S1-553047834,S2-989337625,no_shared_term,False,False,False
S1-631619201,S3-306671815,no_shared_term,False,False,False
S1-614037169,S2-889792701,no_shared_term,False,False,False
S1-398709872,S3-953960274,beyond_rank_cut,False,True,False
S1-393578214,S2-547669792,beyond_rank_cut,False,True,False
S1-684884223,S2-583759683,beyond_rank_cut,False,True,False
S1-879516131,S3-430661456,beyond_rank_cut,False,True,False
S1-131926936,S2-576665184,no_shared_term,False,False,False
S1-568870,S2-435580164,beyond_rank_cut,False,True,False
S1-297349458,S3-810894318,beyond_rank_cut,False,True,False
S1-606081084,S3-702245697,beyond_rank_cut,False,True,False
S1-274473705,S2-414180441,no_shared_term,False,False,False
S1-274473705,S2-685683160,no_shared_term,False,False,False
S1-190708057,S2-448334825,no_shared_term,False,False,False
S1-60675856,S2-111854902,beyond_rank_cut,False,True,False
S1-719783228,S3-641563583,no_shared_term,False,False,False
S1-972331635,S2-827950128,beyond_rank_cut,False,True,False
S1-972331635,S3-97925048,beyond_rank_cut,False,True,False
S1-633940907,S3-19410502,beyond_rank_cut,False,True,False
S1-633940907,S3-494544319,beyond_rank_cut,False,True,False
S1-633940907,S3-590159232,beyond_rank_cut,False,True,False
S1-87233733,S3-382052671,beyond_rank_cut,False,True,False
S1-320428722,S2-627182513,beyond_rank_cut,False,True,False
S1-903534824,S3-622319481,beyond_rank_cut,False,True,False
S1-348903631,S3-331048806,beyond_rank_cut,False,True,False
S1-524612687,S2-363195807,beyond_rank_cut,False,True,False
S1-300718330,S3-857268997,beyond_rank_cut,False,True,False
S1-579565113,S2-902702615,beyond_rank_cut,False,True,False
S1-840087256,S3-915865669,beyond_rank_cut,False,True,False
S1-424688493,S2-164134612,beyond_rank_cut,False,True,False
S1-988047816,S3-328306684,beyond_rank_cut,False,True,False
S1-252878771,S3-823215893,no_shared_term,False,False,False
S1-651197944,S2-608681781,no_shared_term,False,False,False
S1-651197944,S3-900212564,beyond_rank_cut,False,True,False
S1-493254456,S3-588534799,beyond_rank_cut,False,True,False
S1-349016360,S3-665190798,beyond_rank_cut,False,True,False
S1-316498144,S2-609080923,beyond_rank_cut,False,True,False
S1-316498144,S3-280169813,beyond_rank_cut,False,True,False
S1-608929483,S2-737176699,beyond_rank_cut,False,True,False
S1-966292851,S3-783063982,beyond_rank_cut,False,True,False
S1-856981186,S2-467961829,beyond_rank_cut,False,True,False
S1-533529058,S3-918633923,beyond_rank_cut,False,True,False
S1-880894446,S2-304852696,beyond_rank_cut,False,True,False
S1-434169864,S2-350020873,no_shared_term,False,False,False
S1-434169864,S3-333704399,no_shared_term,False,False,False
S1-434169864,S3-644855169,beyond_rank_cut,False,True,False
S1-363934132,S2-416527025,no_shared_term,False,False,False
S1-363934132,S2-501127695,no_shared_term,False,False,False
S1-363934132,S3-554439428,no_shared_term,False,False,False
S1-363934132,S3-858718420,beyond_rank_cut,False,True,False
S1-179197881,S2-493001239,no_shared_term,False,False,False
S1-179197881,S3-278668028,no_shared_term,False,False,False
S1-193007803,S2-979074967,beyond_rank_cut,False,True,False
S1-193007803,S3-546982758,beyond_rank_cut,False,True,False
S1-193007803,S3-725349922,beyond_rank_cut,False,True,False
S1-612458555,S3-495731499,beyond_rank_cut,False,True,False
S1-699863178,S3-208240427,beyond_rank_cut,False,True,False
S1-486406427,S3-354332352,beyond_rank_cut,False,True,False
S1-881407703,S3-698987759,beyond_rank_cut,False,True,False
S1-188356579,S3-301799307,beyond_rank_cut,False,True,False
S1-286565989,S2-594040945,beyond_rank_cut,False,True,False
S1-615481616,S3-586593914,beyond_rank_cut,False,True,False
S1-994493773,S2-981395089,beyond_rank_cut,False,True,False
S1-359781139,S2-451277331,beyond_rank_cut,False,True,False
S1-879260447,S2-873873169,beyond_rank_cut,False,True,False
S1-280583154,S2-367182825,no_shared_term,False,False,False
S1-928365687,S2-630567192,beyond_rank_cut,False,True,False
S1-281789557,S3-308805632,beyond_rank_cut,False,True,False
S1-281789557,S3-798204088,beyond_rank_cut,False,True,False
S1-108885706,S2-469592276,no_shared_term,False,False,False
S1-108885706,S3-445190422,beyond_rank_cut,False,True,False
S1-190715025,S3-823442563,beyond_rank_cut,False,True,False
S1-342247291,S2-179492915,no_shared_term,False,False,False
S1-236721199,S2-669770759,no_shared_term,False,False,False
S1-236721199,S2-779739059,no_shared_term,False,False,False
S1-236721199,S2-794446184,no_shared_term,False,False,False
S1-185938626,S2-647181409,beyond_rank_cut,False,True,False
S1-339774716,S3-578463649,beyond_rank_cut,False,True,False
S1-9219444,S2-984554721,no_shared_term,False,False,False
S1-732468623,S2-95348749,beyond_rank_cut,False,True,False
S1-732468623,S3-208448585,beyond_rank_cut,False,True,False
S1-732468623,S3-28492528,beyond_rank_cut,False,True,False
S1-218406525,S2-808838949,beyond_rank_cut,False,True,False
S1-341420748,S2-667224575,beyond_rank_cut,False,True,False
S1-372071820,S2-478870779,beyond_rank_cut,False,True,False
S1-828859401,S3-518333934,beyond_rank_cut,False,True,False
S1-132912214,S3-948719700,beyond_rank_cut,False,True,False
S1-395110709,S3-40371856,beyond_rank_cut,False,True,False
S1-552256071,S3-730179160,beyond_rank_cut,False,True,False
S1-93605810,S2-565163916,beyond_rank_cut,False,True,False
S1-220207594,S2-941411557,beyond_rank_cut,False,True,False
S1-925931476,S3-746431800,no_shared_term,False,False,False
S1-345279347,S2-460074581,beyond_rank_cut,False,True,False
S1-345279347,S2-704000726,beyond_rank_cut,False,True,False
S1-345279347,S2-743804192,beyond_rank_cut,False,True,False
S1-881525379,S3-591282197,no_shared_term,False,False,False
S1-415026902,S3-782755385,beyond_rank_cut,False,True,False
S1-278800666,S2-838795305,no_shared_term,False,False,False
S1-278800666,S3-77740944,no_shared_term,False,False,False
S1-810487643,S3-288484352,beyond_rank_cut,False,True,False
S1-581067745,S2-883163670,beyond_rank_cut,False,True,False
S1-656567774,S2-86568462,beyond_rank_cut,False,True,False
S1-629990371,S2-140707191,beyond_rank_cut,False,True,False
S1-517444888,S2-775954860,beyond_rank_cut,False,True,False
S1-517444888,S3-613357338,beyond_rank_cut,False,True,False
S1-341646364,S3-107122654,no_shared_term,False,False,False
S1-860321477,S3-415615330,beyond_rank_cut,False,True,False
S1-695615553,S3-983112402,no_shared_term,False,False,False
S1-850028971,S3-416795803,beyond_rank_cut,False,True,False
S1-310483439,S3-831470835,no_shared_term,False,False,False
S1-625348879,S2-539524048,no_shared_term,False,False,False
S1-625348879,S3-129142247,no_shared_term,False,False,False
S1-200555246,S3-969858227,beyond_rank_cut,False,True,False
S1-295177340,S3-153852142,beyond_rank_cut,False,True,False
S1-309623941,S3-999241348,beyond_rank_cut,False,True,False
S1-903498545,S3-596659213,beyond_rank_cut,False,True,False
S1-682461137,S2-453041802,no_shared_term,False,False,False
S1-78985108,S2-711650393,beyond_rank_cut,False,True,False
S1-772741028,S2-750614971,beyond_rank_cut,False,True,False
S1-534108551,S3-880466265,beyond_rank_cut,False,True,False
S1-833091132,S2-900248721,no_shared_term,False,False,False
S1-896889382,S2-422333004,beyond_rank_cut,False,True,False
S1-896889382,S2-573712434,beyond_rank_cut,False,True,False
S1-896889382,S2-639531365,beyond_rank_cut,False,True,False
S1-467046125,S3-71335111,beyond_rank_cut,False,True,False
S1-783145230,S2-345318135,no_shared_term,False,False,False
S1-606684727,S3-847650428,beyond_rank_cut,False,True,False
S1-4737983,S2-246560387,no_shared_term,False,False,False
S1-4737983,S2-374027359,no_shared_term,False,False,False
S1-660930005,S3-373326515,beyond_rank_cut,False,True,False
S1-388122065,S3-280998225,beyond_rank_cut,False,True,False
S1-388122065,S3-826836721,no_shared_term,False,False,False
S1-197750680,S3-96163771,no_shared_term,False,False,False
S1-29688329,S3-482813556,beyond_rank_cut,False,True,False
S1-561789018,S2-341034841,no_shared_term,False,False,False
S1-561789018,S3-277347634,no_shared_term,False,False,False
S1-503524574,S3-470106508,beyond_rank_cut,False,True,False
S1-503524574,S3-523748987,no_shared_term,False,False,False
S1-503524574,S3-607099375,beyond_rank_cut,False,True,False
S1-809690576,S3-449758951,beyond_rank_cut,False,True,False
S1-809690576,S3-722979902,beyond_rank_cut,False,True,False
S1-946325703,S2-688556651,no_shared_term,False,False,False
S1-830595657,S2-737605456,beyond_rank_cut,False,True,False
S1-928721834,S3-374762028,no_shared_term,False,False,False
S1-985759879,S3-729467935,beyond_rank_cut,False,True,False
S1-464042079,S2-977879361,beyond_rank_cut,False,True,False
S1-726461998,S2-235824681,beyond_rank_cut,False,True,False
S1-302545896,S3-751776211,beyond_rank_cut,False,True,False
S1-278649594,S3-64876985,beyond_rank_cut,False,True,False
S1-133816282,S3-278923713,beyond_rank_cut,False,True,False
S1-103694999,S3-9036586,beyond_rank_cut,False,True,False
S1-315045498,S3-476206607,beyond_rank_cut,False,True,False
S1-202538566,S2-1012669,beyond_rank_cut,False,True,False
S1-903975818,S3-359899388,beyond_rank_cut,False,True,False
S1-835703489,S3-533771913,beyond_rank_cut,False,True,False
S1-147957147,S3-556290156,beyond_rank_cut,False,True,False
S1-107450586,S3-802240017,beyond_rank_cut,False,True,False
S1-114979069,S3-913293099,beyond_rank_cut,False,True,False
S1-674623353,S2-664947461,beyond_rank_cut,False,True,False
S1-914829043,S2-573566961,beyond_rank_cut,False,True,False
S1-251244074,S3-97696268,beyond_rank_cut,False,True,False
S1-918076818,S2-634154633,no_shared_term,False,False,False
S1-918076818,S2-73742458,no_shared_term,False,False,False
S1-460971909,S3-196516267,beyond_rank_cut,False,True,False
S1-460971909,S3-87702969,beyond_rank_cut,False,True,False
S1-938055507,S2-193440957,beyond_rank_cut,False,True,False
S1-745735800,S3-707317276,beyond_rank_cut,False,True,False
S1-771679293,S2-747345145,beyond_rank_cut,False,True,False
S1-764488492,S3-613889579,beyond_rank_cut,False,True,False
S1-99063641,S2-924005337,beyond_rank_cut,False,True,False
S1-34926525,S3-120943262,beyond_rank_cut,False,True,False
S1-297225194,S3-671230782,beyond_rank_cut,False,True,False
S1-912419251,S2-584904820,no_shared_term,False,False,False
S1-912419251,S3-670813204,beyond_rank_cut,False,True,False
S1-912419251,S3-85585894,no_shared_term,False,False,False
S1-610863256,S2-387379061,no_shared_term,False,False,False
S1-157935122,S2-250127490,beyond_rank_cut,False,True,False
S1-909296698,S2-234590599,beyond_rank_cut,False,True,False
S1-787534809,S3-75496901,beyond_rank_cut,False,True,False
S1-787534809,S3-928190786,beyond_rank_cut,False,True,False
S1-634257473,S2-659306494,no_shared_term,False,False,False
S1-205365281,S2-343021552,no_shared_term,False,False,False
S1-117998502,S3-623724540,no_shared_term,False,False,False
S1-988630610,S2-667928423,beyond_rank_cut,False,True,False
S1-39735925,S3-32634960,beyond_rank_cut,False,True,False
S1-313290613,S3-855193690,no_shared_term,False,False,False
S1-871082132,S3-660793878,no_shared_term,False,False,False
S1-871082132,S3-781628312,beyond_rank_cut,False,True,False
S1-313575086,S2-631153867,beyond_rank_cut,False,True,False
S1-42029828,S3-621436233,beyond_rank_cut,False,True,False
S1-923041292,S2-57597966,no_shared_term,False,False,False
S1-980582259,S2-391019609,no_shared_term,False,False,False
S1-980582259,S3-942567763,beyond_rank_cut,False,True,False
S1-413432825,S2-496788723,no_shared_term,False,False,False
S1-537980024,S2-208043942,beyond_rank_cut,False,True,False
S1-970109960,S3-614935170,beyond_rank_cut,False,True,False
S1-360048487,S3-115306491,no_shared_term,False,False,False
S1-754751726,S3-333915228,no_shared_term,False,False,False
S1-754751726,S3-610167370,no_shared_term,False,False,False
S1-806633200,S3-617777320,beyond_rank_cut,False,True,False
S1-676177793,S2-493118510,beyond_rank_cut,False,True,False
S1-607625568,S3-887309339,beyond_rank_cut,False,True,False
S1-82230010,S2-387071258,beyond_rank_cut,False,True,False
S1-477872834,S2-165129219,beyond_rank_cut,False,True,False
S1-630786028,S2-17110762,no_shared_term,False,False,False
S1-940182268,S3-889880754,no_shared_term,False,False,False
S1-686230028,S2-126486818,beyond_rank_cut,False,True,False
S1-686230028,S3-867244537,beyond_rank_cut,False,True,False
S1-654933215,S3-717474648,beyond_rank_cut,False,True,False
S1-321614320,S3-151865190,beyond_rank_cut,False,True,False
S1-954946343,S3-497052164,beyond_rank_cut,False,True,False
S1-199728617,S2-122856954,no_shared_term,False,False,False
S1-199728617,S3-755745747,beyond_rank_cut,False,True,False
S1-520722323,S2-523385421,beyond_rank_cut,False,True,False
S1-635906901,S2-96015053,beyond_rank_cut,False,True,False
S1-367005889,S3-136613962,no_shared_term,False,False,False
S1-367005889,S3-78444285,beyond_rank_cut,False,True,False
S1-509219451,S3-753210276,no_shared_term,False,False,False
S1-596280337,S3-731259523,beyond_rank_cut,False,True,False
S1-945229002,S3-197435879,beyond_rank_cut,False,True,False
S1-489956432,S2-882195911,no_shared_term,False,False,False
S1-682388009,S3-12748203,beyond_rank_cut,False,True,False
S1-997809304,S3-518308353,beyond_rank_cut,False,True,False
S1-989507897,S3-536133785,beyond_rank_cut,False,True,False
S1-278919318,S3-483061472,beyond_rank_cut,False,True,False
S1-919054203,S3-411622308,beyond_rank_cut,False,True,False
S1-919054203,S3-5888122,beyond_rank_cut,False,True,False
S1-276403733,S3-850392248,no_shared_term,False,False,False
S1-493193671,S3-872323766,beyond_rank_cut,False,True,False
S1-331907483,S2-834749766,no_shared_term,False,False,False
S1-562433288,S2-919249034,beyond_rank_cut,False,True,False
S1-715555567,S3-58771823,no_shared_term,False,False,False
S1-677355870,S3-407085901,beyond_rank_cut,False,True,False
S1-600920360,S2-358505192,no_shared_term,False,False,False
S1-58244170,S3-764134879,beyond_rank_cut,False,True,False
S1-833000431,S3-856478318,beyond_rank_cut,False,True,False
S1-888987026,S2-509308289,beyond_rank_cut,False,True,False
S1-231847614,S3-889695364,beyond_rank_cut,False,True,False
S1-750686623,S2-227979882,no_shared_term,False,False,False
S1-750686623,S3-237602194,no_shared_term,False,False,False
S1-358711052,S2-756434054,beyond_rank_cut,False,True,False
S1-288181913,S3-925756167,beyond_rank_cut,False,True,False
S1-264020110,S2-255732056,beyond_rank_cut,False,True,False
S1-264020110,S3-813107676,beyond_rank_cut,False,True,False
S1-401140351,S2-823715340,beyond_rank_cut,False,True,False
S1-734712537,S2-520713506,beyond_rank_cut,False,True,False
S1-865432899,S3-249533993,beyond_rank_cut,False,True,False
S1-109313440,S3-913265517,beyond_rank_cut,False,True,False
S1-36066578,S2-667027908,no_shared_term,False,False,False
S1-921862732,S3-960903102,beyond_rank_cut,False,True,False
S1-731313362,S3-257260236,beyond_rank_cut,False,True,False
S1-228366867,S2-647249482,beyond_rank_cut,False,True,False
S1-131123619,S3-294221227,beyond_rank_cut,False,True,False
S1-131123619,S3-517851127,beyond_rank_cut,False,True,False
S1-34678397,S3-442075837,beyond_rank_cut,False,True,False
S1-224718114,S3-802507206,no_shared_term,False,False,False
S1-182501847,S2-649120859,no_shared_term,False,False,False
S1-786336737,S3-385647657,beyond_rank_cut,False,True,False
S1-786336737,S3-458700725,no_shared_term,False,False,False
S1-628684611,S2-836493726,no_shared_term,False,False,False
S1-591164384,S3-144131205,beyond_rank_cut,False,True,False
S1-582517376,S3-412527788,beyond_rank_cut,False,True,False
S1-226665882,S2-784108668,beyond_rank_cut,False,True,False
S1-226665882,S3-728309692,beyond_rank_cut,False,True,False
S1-960802747,S2-16194156,beyond_rank_cut,False,True,False
S1-585292554,S2-980041841,no_shared_term,False,False,False
S1-469174529,S3-535054252,no_shared_term,False,False,False
S1-89980766,S3-288337070,beyond_rank_cut,False,True,False
S1-872596687,S3-228317929,beyond_rank_cut,False,True,False
S1-428367603,S3-375777307,beyond_rank_cut,False,True,False
S1-867306224,S3-132320584,beyond_rank_cut,False,True,False
S1-146979578,S3-567808329,beyond_rank_cut,False,True,False
S1-181863891,S2-852678246,beyond_rank_cut,False,True,False
S1-302600890,S2-503209354,no_shared_term,False,False,False
S1-638761893,S2-413559110,no_shared_term,False,False,False
S1-260954118,S2-539150579,beyond_rank_cut,False,True,False
S1-260954118,S3-251464881,beyond_rank_cut,False,True,False
S1-260954118,S3-335238159,beyond_rank_cut,False,True,False
S1-155953824,S2-532272314,beyond_rank_cut,False,True,False
S1-42246345,S2-112471943,no_shared_term,False,False,False
S1-42246345,S2-819580568,no_shared_term,False,False,False
S1-871795726,S2-823813645,beyond_rank_cut,False,True,False
S1-561214660,S2-165853548,beyond_rank_cut,False,True,False
S1-561214660,S2-585368090,beyond_rank_cut,False,True,False
S1-561214660,S3-64925453,beyond_rank_cut,False,True,False
S1-74935566,S2-515292783,no_shared_term,False,False,False
S1-74935566,S3-728419287,no_shared_term,False,False,False
S1-659513101,S3-676663295,beyond_rank_cut,False,True,False
S1-121702559,S3-529299850,beyond_rank_cut,False,True,False
S1-132974661,S3-317972257,no_shared_term,False,False,False
S1-132974661,S3-96306507,no_shared_term,False,False,False
S1-401663681,S2-512894276,beyond_rank_cut,False,True,False
S1-445231362,S3-305085540,no_shared_term,False,False,False
S1-210065168,S2-698628220,beyond_rank_cut,False,True,False
S1-210065168,S3-183001604,beyond_rank_cut,False,True,False
S1-210065168,S3-286863242,beyond_rank_cut,False,True,False
S1-801882575,S3-746537055,no_shared_term,False,False,False
S1-595805792,S2-354031571,beyond_rank_cut,False,True,False
S1-888118518,S3-506408696,no_shared_term,False,False,False
S1-544187171,S3-282728385,beyond_rank_cut,False,True,False
S1-682034684,S3-269038692,beyond_rank_cut,False,True,False
S1-85711422,S2-359217308,no_shared_term,False,False,False
S1-453834650,S2-40589848,beyond_rank_cut,False,True,False
S1-453834650,S3-659657632,beyond_rank_cut,False,True,False
S1-249570778,S3-881137275,beyond_rank_cut,False,True,False
S1-528728408,S2-6410461,no_shared_term,False,False,False
S1-754450304,S3-112472652,beyond_rank_cut,False,True,False
S1-754450304,S3-970026204,beyond_rank_cut,False,True,False
S1-779725843,S3-883462141,no_shared_term,False,False,False
S1-78419913,S2-195350825,beyond_rank_cut,False,True,False
S1-128543018,S2-258124284,beyond_rank_cut,False,True,False
S1-236721724,S3-903921914,beyond_rank_cut,False,True,False
S1-710998426,S3-407937526,beyond_rank_cut,False,True,False
S1-909642037,S2-262635997,no_shared_term,False,False,False
S1-283286023,S3-343681840,beyond_rank_cut,False,True,False
S1-812652308,S2-854519326,no_shared_term,False,False,False
S1-812652308,S3-479547097,beyond_rank_cut,False,True,False
S1-812652308,S3-833637480,no_shared_term,False,False,False
S1-293865801,S2-124643866,no_shared_term,False,False,False
S1-339518948,S2-808430241,beyond_rank_cut,False,True,False
S1-497104269,S3-440811383,no_shared_term,False,False,False
S1-832375817,S3-963408827,beyond_rank_cut,False,True,False
S1-99793277,S2-280534236,beyond_rank_cut,False,True,False
S1-99793277,S3-219310297,beyond_rank_cut,False,True,False
S1-504558676,S3-128467534,beyond_rank_cut,False,True,False
S1-661521063,S2-582075168,beyond_rank_cut,False,True,False
S1-661521063,S2-822040866,beyond_rank_cut,False,True,False
S1-592921563,S2-390215607,beyond_rank_cut,False,True,False
S1-592921563,S2-907434438,beyond_rank_cut,False,True,False
S1-592921563,S3-856880380,beyond_rank_cut,False,True,False
S1-644425686,S3-41246490,beyond_rank_cut,False,True,False
S1-773571289,S2-505080100,beyond_rank_cut,False,True,False
S1-343288541,S3-27336651,beyond_rank_cut,False,True,False
S1-343288541,S3-293655821,no_shared_term,False,False,False
S1-766116744,S2-77932040,beyond_rank_cut,False,True,False
S1-174345689,S3-549557709,beyond_rank_cut,False,True,False
S1-174345689,S3-605900075,no_shared_term,False,False,False
S1-384281798,S3-288565817,no_shared_term,False,False,False
S1-16153879,S2-125193522,no_shared_term,False,False,False
S1-428966875,S2-205998813,beyond_rank_cut,False,True,False
S1-428966875,S3-272115614,beyond_rank_cut,False,True,False
S1-588132520,S2-877491272,beyond_rank_cut,False,True,False
S1-732385254,S2-565791604,beyond_rank_cut,False,True,False
S1-533306885,S2-968973387,beyond_rank_cut,False,True,False
S1-537710377,S3-58375917,no_shared_term,False,False,False
S1-476044120,S3-846030573,beyond_rank_cut,False,True,False
S1-252736827,S3-50822044,beyond_rank_cut,False,True,False
S1-22025519,S3-705286446,beyond_rank_cut,False,True,False
S1-399031505,S3-203158694,beyond_rank_cut,False,True,False
S1-34741139,S2-619781029,beyond_rank_cut,False,True,False
S1-50032772,S3-841198353,no_shared_term,False,False,False
S1-613505394,S3-776176748,beyond_rank_cut,False,True,False
S1-613505394,S3-860966164,beyond_rank_cut,False,True,False
S1-954629051,S3-469234082,no_shared_term,False,False,False
S1-760807910,S2-225904845,beyond_rank_cut,False,True,False
S1-231511538,S3-332364419,beyond_rank_cut,False,True,False
S1-686320485,S2-324632596,beyond_rank_cut,False,True,False
S1-533303240,S3-402712209,beyond_rank_cut,False,True,False
S1-138627568,S3-518001249,no_shared_term,False,False,False
S1-238030612,S2-716389097,beyond_rank_cut,False,True,False
S1-211970950,S2-218799438,beyond_rank_cut,False,True,False
S1-232727170,S3-702903037,beyond_rank_cut,False,True,False
S1-110640504,S2-760376695,beyond_rank_cut,False,True,False
S1-110640504,S3-312169450,beyond_rank_cut,False,True,False
S1-883317450,S3-418316544,beyond_rank_cut,False,True,False
S1-231278464,S2-84457251,beyond_rank_cut,False,True,False
S1-156716491,S2-638925550,no_shared_term,False,False,False
S1-763389466,S2-53164703,no_shared_term,False,False,False
S1-763389466,S3-68283439,no_shared_term,False,False,False
S1-763389466,S3-994033040,no_shared_term,False,False,False
S1-357878092,S2-939019584,no_shared_term,False,False,False
S1-357878092,S2-975046908,no_shared_term,False,False,False
S1-486349441,S2-521596035,beyond_rank_cut,False,True,False
S1-720046243,S3-342166783,beyond_rank_cut,False,True,False
S1-798948414,S2-399013920,no_shared_term,False,False,False
S1-798948414,S3-974998889,beyond_rank_cut,False,True,False
S1-200257851,S2-788794426,no_shared_term,False,False,False
S1-95097746,S3-625114653,beyond_rank_cut,False,True,False
S1-149363642,S2-215423357,no_shared_term,False,False,False
S1-820639044,S3-306893035,beyond_rank_cut,False,True,False
S1-516646164,S2-112798421,no_shared_term,False,False,False
S1-516646164,S3-62866386,beyond_rank_cut,False,True,False
S1-253925816,S3-990676858,no_shared_term,False,False,False
S1-421152102,S2-572803277,beyond_rank_cut,False,True,False
S1-133899583,S2-152621394,no_shared_term,False,False,False
S1-415788489,S2-914115474,beyond_rank_cut,False,True,False
S1-759831928,S2-88723587,beyond_rank_cut,False,True,False
S1-961262928,S3-397254111,beyond_rank_cut,False,True,False
S1-627918613,S3-146964745,beyond_rank_cut,False,True,False
S1-904168366,S2-767877661,beyond_rank_cut,False,True,False
S1-904168366,S2-970376857,beyond_rank_cut,False,True,False
S1-904168366,S3-41088127,beyond_rank_cut,False,True,False
S1-559198627,S2-51287506,beyond_rank_cut,False,True,False
S1-559198627,S3-345611780,beyond_rank_cut,False,True,False
S1-810586929,S3-284423814,beyond_rank_cut,False,True,False
S1-449712297,S2-289421157,beyond_rank_cut,False,True,False
S1-809810485,S2-584115732,beyond_rank_cut,False,True,False
S1-174735868,S2-21414255,beyond_rank_cut,False,True,False
S1-445408301,S2-168494831,no_shared_term,False,False,False
S1-291218594,S3-818533049,beyond_rank_cut,False,True,False
S1-829881037,S2-758546566,beyond_rank_cut,False,True,False
S1-342344172,S2-130834849,beyond_rank_cut,False,True,False
S1-357329023,S2-807399033,no_shared_term,False,False,False
S1-751896809,S3-730859421,beyond_rank_cut,False,True,False
S1-982950788,S3-765087295,beyond_rank_cut,False,True,False
S1-267109015,S2-510106736,no_shared_term,False,False,False
S1-929264493,S3-517549649,beyond_rank_cut,False,True,False
S1-68560249,S3-249335284,no_shared_term,False,False,False
S1-559208784,S3-892685915,beyond_rank_cut,False,True,False
S1-893209460,S2-194843981,beyond_rank_cut,False,True,False
S1-127870667,S3-3521104,beyond_rank_cut,False,True,False
S1-127870667,S3-375229451,beyond_rank_cut,False,True,False
S1-203690405,S2-454948746,no_shared_term,False,False,False
S1-533830522,S2-719542887,beyond_rank_cut,False,True,False
S1-258918779,S3-535590167,beyond_rank_cut,False,True,False
S1-258918779,S3-611297777,beyond_rank_cut,False,True,False
S1-258918779,S3-996144019,beyond_rank_cut,False,True,False
S1-201061465,S2-814755459,beyond_rank_cut,False,True,False
S1-53086881,S2-861854241,beyond_rank_cut,False,True,False
S1-656208827,S3-490428130,beyond_rank_cut,False,True,False
S1-346268143,S3-661637198,no_shared_term,False,False,False
S1-709959711,S3-329836801,beyond_rank_cut,False,True,False
S1-306815208,S3-845827051,beyond_rank_cut,False,True,False
S1-619852059,S3-639559863,beyond_rank_cut,False,True,False
S1-821719727,S3-213343505,beyond_rank_cut,False,True,False
S1-644285660,S3-515028777,beyond_rank_cut,False,True,False
S1-738084409,S2-605969886,beyond_rank_cut,False,True,False
S1-590018468,S3-518012400,beyond_rank_cut,False,True,False
S1-590018468,S3-948972362,no_shared_term,False,False,False
S1-375690643,S2-911958557,beyond_rank_cut,False,True,False
S1-904075339,S3-972036511,beyond_rank_cut,False,True,False
S1-583565738,S2-456164850,beyond_rank_cut,False,True,False
S1-176223895,S3-344732466,no_shared_term,False,False,False
S1-278666126,S2-780035502,no_shared_term,False,False,False
S1-599972186,S3-369608370,beyond_rank_cut,False,True,False
S1-55145370,S3-788891432,beyond_rank_cut,False,True,False
S1-887888754,S2-551557311,no_shared_term,False,False,False
S1-887888754,S2-775047217,no_shared_term,False,False,False
S1-233630805,S2-511092443,beyond_rank_cut,False,True,False
S1-886781771,S3-476942842,beyond_rank_cut,False,True,False
S1-573137111,S2-825140350,beyond_rank_cut,False,True,False
S1-419392905,S3-884684507,beyond_rank_cut,False,True,False
S1-910362282,S3-74375280,no_shared_term,False,False,False
S1-403970267,S3-998736509,beyond_rank_cut,False,True,False
S1-717371842,S2-315303453,no_shared_term,False,False,False
S1-677605943,S2-485289851,beyond_rank_cut,False,True,False
S1-561653962,S3-708558305,beyond_rank_cut,False,True,False
S1-51241458,S2-778471321,beyond_rank_cut,False,True,False
S1-811398873,S3-475809366,beyond_rank_cut,False,True,False
S1-371438018,S3-556145501,beyond_rank_cut,False,True,False
S1-867613703,S2-481924866,no_shared_term,False,False,False
S1-51718244,S3-525158335,no_shared_term,False,False,False
S1-722969465,S3-406574575,beyond_rank_cut,False,True,False
S1-722969465,S3-519077868,beyond_rank_cut,False,True,False
S1-188484326,S3-299785127,beyond_rank_cut,False,True,False
S1-816263652,S2-276750638,beyond_rank_cut,False,True,False
S1-816263652,S2-55855913,beyond_rank_cut,False,True,False
S1-852654430,S3-105023715,no_shared_term,False,False,False
S1-217089686,S2-459949199,beyond_rank_cut,False,True,False
S1-298228916,S3-511209341,beyond_rank_cut,False,True,False
S1-564321870,S2-727058322,no_shared_term,False,False,False
S1-564321870,S3-226742173,no_shared_term,False,False,False
S1-955591349,S3-293438971,beyond_rank_cut,False,True,False
S1-283568031,S2-500358070,no_shared_term,False,False,False
S1-283568031,S3-628407427,no_shared_term,False,False,False
S1-593425336,S2-529175502,beyond_rank_cut,False,True,False
S1-593425336,S3-543705088,beyond_rank_cut,False,True,False
S1-650844958,S2-265598103,beyond_rank_cut,False,True,False
S1-838733009,S3-348212114,beyond_rank_cut,False,True,False
S1-349376742,S3-696348084,beyond_rank_cut,False,True,False
S1-349376742,S3-930297872,beyond_rank_cut,False,True,False
S1-868821144,S2-888867444,beyond_rank_cut,False,True,False
S1-838137863,S2-394013853,no_shared_term,False,False,False
S1-838137863,S3-827843748,no_shared_term,False,False,False
S1-122964057,S2-684500395,no_shared_term,False,False,False
S1-250943045,S2-954139169,no_shared_term,False,False,False
S1-168606796,S2-802586496,no_shared_term,False,False,False
S1-74391636,S2-517579863,no_shared_term,False,False,False
S1-453047824,S3-460650703,beyond_rank_cut,False,True,False
S1-173008933,S3-581281822,beyond_rank_cut,False,True,False
S1-923660697,S3-566256933,no_shared_term,False,False,False
S1-780466153,S2-592166430,no_shared_term,False,False,False
S1-734853800,S3-589361711,no_shared_term,False,False,False
S1-825691818,S2-659648045,no_shared_term,False,False,False
S1-783181830,S3-155646779,beyond_rank_cut,False,True,False
S1-528787456,S3-206669701,beyond_rank_cut,False,True,False
S1-528787456,S3-7125537,beyond_rank_cut,False,True,False
S1-889342183,S2-42834279,beyond_rank_cut,False,True,False
S1-889342183,S3-102407533,beyond_rank_cut,False,True,False
S1-969574459,S3-224858348,no_shared_term,False,False,False
S1-683969699,S2-846939541,no_shared_term,False,False,False
S1-638416246,S3-235264563,no_shared_term,False,False,False
S1-537429568,S2-380950746,no_shared_term,False,False,False
S1-537429568,S3-87128662,beyond_rank_cut,False,True,False
S1-271455955,S3-393869966,beyond_rank_cut,False,True,False
S1-218151326,S3-633611777,beyond_rank_cut,False,True,False
S1-218151326,S3-922986941,beyond_rank_cut,False,True,False
S1-641519451,S2-673117060,beyond_rank_cut,False,True,False
S1-468827275,S2-109545102,beyond_rank_cut,False,True,False
S1-385297173,S3-477288735,beyond_rank_cut,False,True,False
S1-780621906,S2-60753103,beyond_rank_cut,False,True,False
S1-371629920,S2-749776576,no_shared_term,False,False,False
S1-812435586,S3-687870586,no_shared_term,False,False,False
S1-812435586,S3-785786911,beyond_rank_cut,False,True,False
S1-532297784,S3-300285595,beyond_rank_cut,False,True,False
S1-532297784,S3-668854106,beyond_rank_cut,False,True,False
S1-574403999,S2-725607991,beyond_rank_cut,False,True,False
S1-574403999,S2-799781343,beyond_rank_cut,False,True,False
S1-153355828,S3-489293346,beyond_rank_cut,False,True,False
S1-571353691,S2-916824118,no_shared_term,False,False,False
S1-571353691,S2-966210848,no_shared_term,False,False,False
S1-538550637,S3-204613495,beyond_rank_cut,False,True,False
S1-225187108,S2-660406395,beyond_rank_cut,False,True,False
S1-435851749,S3-654161535,beyond_rank_cut,False,True,False
S1-263841559,S2-584207877,no_shared_term,False,False,False
S1-498587227,S2-802881300,beyond_rank_cut,False,True,False
S1-343468098,S3-853474678,beyond_rank_cut,False,True,False
S1-72022227,S2-805042388,beyond_rank_cut,False,True,False
S1-72022227,S2-857713768,beyond_rank_cut,False,True,False
S1-72022227,S3-376589368,beyond_rank_cut,False,True,False
S1-328314580,S3-419063025,no_shared_term,False,False,False
S1-753232721,S3-782089878,beyond_rank_cut,False,True,False
S1-722017338,S3-361028669,beyond_rank_cut,False,True,False
S1-722017338,S3-376982344,beyond_rank_cut,False,True,False
S1-828270248,S2-459758629,no_shared_term,False,False,False
S1-260773491,S3-517823073,no_shared_term,False,False,False
S1-626019388,S3-136580951,beyond_rank_cut,False,True,False
S1-204314182,S3-926499947,no_shared_term,False,False,False
S1-296869706,S3-834828290,beyond_rank_cut,False,True,False
S1-902292869,S2-939838178,beyond_rank_cut,False,True,False
S1-70526546,S2-890318451,beyond_rank_cut,False,True,False
S1-375127416,S3-580411915,beyond_rank_cut,False,True,False
S1-597894635,S3-680221467,beyond_rank_cut,False,True,False
S1-62846101,S3-450961397,no_shared_term,False,False,False
S1-625832677,S2-27954729,beyond_rank_cut,False,True,False
S1-12366861,S3-821151941,beyond_rank_cut,False,True,False
S1-861895495,S2-389738503,beyond_rank_cut,False,True,False
S1-341097791,S2-709683238,no_shared_term,False,False,False
S1-341097791,S3-56393088,no_shared_term,False,False,False
S1-341097791,S3-790821637,no_shared_term,False,False,False
S1-149312940,S3-664850854,beyond_rank_cut,False,True,False
S1-355020180,S2-241336046,no_shared_term,False,False,False
S1-355020180,S2-695933793,no_shared_term,False,False,False
S1-355020180,S3-841672899,beyond_rank_cut,False,True,False
S1-355020180,S3-919224682,no_shared_term,False,False,False
S1-931204731,S2-523207402,beyond_rank_cut,False,True,False
S1-745853021,S2-91262230,beyond_rank_cut,False,True,False
S1-612205167,S3-243191358,beyond_rank_cut,False,True,False
S1-220725131,S3-457427506,beyond_rank_cut,False,True,False
S1-559954266,S2-403648564,beyond_rank_cut,False,True,False
S1-134520112,S3-837477413,beyond_rank_cut,False,True,False
S1-793338997,S2-249189743,no_shared_term,False,False,False
S1-146830550,S3-943197817,beyond_rank_cut,False,True,False
S1-750863539,S2-231584761,beyond_rank_cut,False,True,False
S1-750863539,S2-439297593,beyond_rank_cut,False,True,False
S1-979387095,S2-124443519,beyond_rank_cut,False,True,False
S1-159108665,S2-721075746,beyond_rank_cut,False,True,False
S1-77532683,S2-64500180,no_shared_term,False,False,False
S1-77532683,S3-245358119,no_shared_term,False,False,False
S1-831755734,S3-51914868,beyond_rank_cut,False,True,False
S1-937884405,S2-556906269,beyond_rank_cut,False,True,False
S1-375125515,S2-854388832,beyond_rank_cut,False,True,False
S1-426329725,S2-810875850,beyond_rank_cut,False,True,False
S1-759013216,S3-972901236,no_shared_term,False,False,False
S1-924939414,S3-583038117,beyond_rank_cut,False,True,False
S1-718103475,S3-65215444,beyond_rank_cut,False,True,False
S1-901994338,S2-463440821,beyond_rank_cut,False,True,False
S1-901994338,S3-305950840,beyond_rank_cut,False,True,False
S1-932308780,S3-828687069,beyond_rank_cut,False,True,False
S1-669921703,S3-767087052,beyond_rank_cut,False,True,False
S1-583052214,S3-196653991,beyond_rank_cut,False,True,False
S1-213258172,S3-305128644,beyond_rank_cut,False,True,False
S1-122361387,S3-241484940,beyond_rank_cut,False,True,False
S1-884055455,S3-889128788,beyond_rank_cut,False,True,False
S1-97862125,S3-468617244,beyond_rank_cut,False,True,False
S1-72208200,S3-234110805,beyond_rank_cut,False,True,False
S1-361218193,S3-908686043,beyond_rank_cut,False,True,False
S1-519695244,S3-609944402,no_shared_term,False,False,False
S1-982659467,S3-228899491,beyond_rank_cut,False,True,False
S1-563384697,S3-199432876,beyond_rank_cut,False,True,False
S1-563384697,S3-267758250,no_shared_term,False,False,False
S1-563384697,S3-495437733,beyond_rank_cut,False,True,False
S1-325463983,S2-663224841,beyond_rank_cut,False,True,False
S1-325463983,S3-472000290,beyond_rank_cut,False,True,False
S1-804744332,S3-991169396,beyond_rank_cut,False,True,False
S1-553821688,S3-235527603,beyond_rank_cut,False,True,False
S1-774042199,S3-677971565,beyond_rank_cut,False,True,False
S1-444275050,S3-703025075,beyond_rank_cut,False,True,False
S1-673893177,S2-554966649,no_shared_term,False,False,False
S1-673893177,S3-384082399,no_shared_term,False,False,False
S1-673893177,S3-576219892,no_shared_term,False,False,False
S1-377969835,S3-743423705,beyond_rank_cut,False,True,False
S1-707893055,S3-527280097,beyond_rank_cut,False,True,False
S1-679550354,S2-235223013,beyond_rank_cut,False,True,False
S1-997845417,S3-79318367,no_shared_term,False,False,False
S1-440599409,S2-524693563,beyond_rank_cut,False,True,False
S1-659884699,S3-888432600,no_shared_term,False,False,False
S1-627408824,S2-308438661,beyond_rank_cut,False,True,False
S1-595467387,S3-275272843,beyond_rank_cut,False,True,False
S1-595467387,S3-425319168,beyond_rank_cut,False,True,False
S1-468451698,S3-802597764,no_shared_term,False,False,False
S1-785309455,S3-760766632,beyond_rank_cut,False,True,False
S1-182591165,S2-928403648,no_shared_term,False,False,False
S1-182591165,S3-46507070,beyond_rank_cut,False,True,False
S1-451130875,S3-283418397,beyond_rank_cut,False,True,False
S1-939787283,S2-71501787,beyond_rank_cut,False,True,False
S1-178463064,S3-862866215,no_shared_term,False,False,False
S1-900554499,S3-303900406,beyond_rank_cut,False,True,False
S1-221012975,S3-409444582,beyond_rank_cut,False,True,False
S1-20662858,S3-814126880,no_shared_term,False,False,False
S1-207792054,S3-825379355,no_shared_term,False,False,False
S1-207792054,S3-949032507,no_shared_term,False,False,False
S1-935288331,S3-931479594,beyond_rank_cut,False,True,False
S1-82303507,S2-22795793,beyond_rank_cut,False,True,False
S1-127487395,S3-694633579,beyond_rank_cut,False,True,False
S1-227274160,S3-274162073,no_shared_term,False,False,False
S1-969515662,S2-610725097,beyond_rank_cut,False,True,False
S1-32442889,S3-114676872,beyond_rank_cut,False,True,False
S1-939172288,S2-443664487,no_shared_term,False,False,False
S1-477245804,S3-38059447,no_shared_term,False,False,False
S1-626022925,S2-657725669,no_shared_term,False,False,False
S1-941481653,S3-937576829,beyond_rank_cut,False,True,False
S1-750280101,S3-236000755,no_shared_term,False,False,False
S1-377524184,S2-682881580,beyond_rank_cut,False,True,False
S1-377524184,S2-885339279,beyond_rank_cut,False,True,False
S1-825659559,S2-481131452,no_shared_term,False,False,False
S1-878173547,S2-188369809,no_shared_term,False,False,False
S1-409170879,S3-107053262,beyond_rank_cut,False,True,False
S1-409170879,S3-185375127,beyond_rank_cut,False,True,False
S1-269727277,S2-93162952,beyond_rank_cut,False,True,False
S1-275003971,S2-206423170,beyond_rank_cut,False,True,False
S1-706902640,S3-789969902,beyond_rank_cut,False,True,False
S1-709394564,S2-578612179,beyond_rank_cut,False,True,False
S1-823261200,S2-776228731,beyond_rank_cut,False,True,False
S1-367863333,S3-469981020,beyond_rank_cut,False,True,False
S1-738708442,S2-901748971,beyond_rank_cut,False,True,False
S1-951789121,S2-107731687,beyond_rank_cut,False,True,False
S1-569676788,S3-660213073,beyond_rank_cut,False,True,False
S1-8857036,S3-8713446,beyond_rank_cut,False,True,False
S1-681794230,S3-510536665,beyond_rank_cut,False,True,False
S1-2852051,S3-68913986,beyond_rank_cut,False,True,False
S1-280277082,S3-5292062,beyond_rank_cut,False,True,False
S1-736936966,S3-308168169,beyond_rank_cut,False,True,False
S1-781668434,S3-100135112,beyond_rank_cut,False,True,False
S1-721277146,S3-216859064,no_shared_term,False,False,False
S1-721277146,S3-623560092,no_shared_term,False,False,False
S1-694211103,S3-442688531,beyond_rank_cut,False,True,False
S1-587422786,S2-350963646,no_shared_term,False,False,False
S1-735378333,S2-427708631,beyond_rank_cut,False,True,False
S1-859345949,S2-423491316,beyond_rank_cut,False,True,False
S1-182032255,S2-719491179,beyond_rank_cut,False,True,False
S1-32597197,S2-258379728,no_shared_term,False,False,False
S1-32597197,S2-969201781,beyond_rank_cut,False,True,False
S1-32597197,S3-329917210,beyond_rank_cut,False,True,False
S1-32597197,S3-76947919,beyond_rank_cut,False,True,False
S1-32014398,S3-495820843,beyond_rank_cut,False,True,False
S1-862004383,S3-290618402,beyond_rank_cut,False,True,False
S1-875918168,S3-102715131,beyond_rank_cut,False,True,False
S1-692076413,S2-84102860,beyond_rank_cut,False,True,False
S1-692076413,S2-888029238,beyond_rank_cut,False,True,False
S1-692076413,S3-433380647,beyond_rank_cut,False,True,False
S1-692076413,S3-822875005,no_shared_term,False,False,False
S1-692076413,S3-996484717,no_shared_term,False,False,False
S1-754760746,S3-557524701,beyond_rank_cut,False,True,False
S1-21270788,S3-161775258,beyond_rank_cut,False,True,False
S1-21270788,S3-432793289,no_shared_term,False,False,False
S1-21270788,S3-980191832,beyond_rank_cut,False,True,False
S1-176484335,S2-651144664,beyond_rank_cut,False,True,False
S1-33055449,S3-276521016,no_shared_term,False,False,False
S1-868545904,S2-260308299,beyond_rank_cut,False,True,False
S1-962018595,S2-755011761,beyond_rank_cut,False,True,False
S1-761666489,S2-446588513,beyond_rank_cut,False,True,False
S1-761666489,S3-769005248,beyond_rank_cut,False,True,False
S1-758662429,S3-728482143,beyond_rank_cut,False,True,False
S1-613257894,S3-883698682,beyond_rank_cut,False,True,False
S1-934596003,S3-451279272,beyond_rank_cut,False,True,False
S1-531062591,S2-77851532,beyond_rank_cut,False,True,False
S1-970245548,S3-888256751,beyond_rank_cut,False,True,False
S1-331275147,S3-9082458,beyond_rank_cut,False,True,False
S1-465129593,S3-916070392,beyond_rank_cut,False,True,False
S1-213471373,S3-536824637,beyond_rank_cut,False,True,False
S1-420037889,S3-619198762,beyond_rank_cut,False,True,False
S1-899710660,S2-605469236,no_shared_term,False,False,False
S1-899710660,S2-730206081,beyond_rank_cut,False,True,False
S1-829381108,S2-697109922,beyond_rank_cut,False,True,False
S1-668013127,S2-821950216,beyond_rank_cut,False,True,False
S1-302723767,S3-480118695,beyond_rank_cut,False,True,False
S1-498967646,S3-375885138,no_shared_term,False,False,False
S1-503511202,S2-725761221,no_shared_term,False,False,False
S1-503511202,S3-269262939,no_shared_term,False,False,False
S1-489341884,S2-146933614,no_shared_term,False,False,False
S1-489341884,S2-642268076,no_shared_term,False,False,False
S1-878835537,S2-644346796,no_shared_term,False,False,False
S1-100639952,S3-529866689,beyond_rank_cut,False,True,False
S1-610498277,S3-557497359,beyond_rank_cut,False,True,False
S1-779487635,S2-883059893,beyond_rank_cut,False,True,False
S1-677126364,S3-61191390,beyond_rank_cut,False,True,False
S1-735953715,S3-97987971,beyond_rank_cut,False,True,False
S1-538559473,S3-824879603,beyond_rank_cut,False,True,False
S1-64263530,S2-367575652,beyond_rank_cut,False,True,False
S1-64778025,S3-290297725,beyond_rank_cut,False,True,False
S1-252947065,S3-414319819,beyond_rank_cut,False,True,False
S1-988660901,S2-837615739,beyond_rank_cut,False,True,False
S1-383255423,S2-69863033,no_shared_term,False,False,False
S1-383255423,S3-601279286,beyond_rank_cut,False,True,False
S1-383255423,S3-969347244,no_shared_term,False,False,False
S1-371445112,S3-374405171,no_shared_term,False,False,False
S1-875396758,S3-895161657,beyond_rank_cut,False,True,False
S1-47472366,S2-55188452,beyond_rank_cut,False,True,False
S1-544310794,S3-467507027,beyond_rank_cut,False,True,False
S1-782271800,S2-4366513,no_shared_term,False,False,False
S1-263384952,S2-746739393,beyond_rank_cut,False,True,False
S1-373065276,S2-714212378,beyond_rank_cut,False,True,False
S1-790344030,S3-56769118,no_shared_term,False,False,False
S1-790469002,S2-391354019,beyond_rank_cut,False,True,False
S1-440834850,S2-870844481,beyond_rank_cut,False,True,False
S1-674805504,S3-528599478,no_shared_term,False,False,False
S1-783078157,S3-866321409,beyond_rank_cut,False,True,False
S1-579732426,S3-285179635,beyond_rank_cut,False,True,False
S1-786349006,S2-567555841,no_shared_term,False,False,False
S1-696668228,S2-368883246,beyond_rank_cut,False,True,False
S1-696668228,S2-441376930,beyond_rank_cut,False,True,False
S1-696668228,S3-149458655,beyond_rank_cut,False,True,False
S1-696668228,S3-831578161,beyond_rank_cut,False,True,False
S1-329630663,S3-252778181,beyond_rank_cut,False,True,False
S1-50678675,S3-634225641,no_shared_term,False,False,False
S1-596938929,S3-566380385,beyond_rank_cut,False,True,False
S1-29945876,S2-737866346,beyond_rank_cut,False,True,False
S1-29945876,S3-24005067,beyond_rank_cut,False,True,False
S1-29945876,S3-819706665,beyond_rank_cut,False,True,False
S1-579567978,S3-291210444,no_shared_term,False,False,False
S1-1279235,S2-537802813,no_shared_term,False,False,False
S1-363866012,S2-780957793,beyond_rank_cut,False,True,False
S1-363866012,S3-429037458,beyond_rank_cut,False,True,False
S1-363866012,S3-576058458,beyond_rank_cut,False,True,False
S1-577993361,S2-904675038,beyond_rank_cut,False,True,False
S1-434466655,S3-676367790,no_shared_term,False,False,False
S1-434466655,S3-840921703,beyond_rank_cut,False,True,False
S1-434466655,S3-917660295,beyond_rank_cut,False,True,False
S1-758456487,S3-56415299,no_shared_term,False,False,False
S1-616974040,S2-430075725,beyond_rank_cut,False,True,False
S1-555987629,S3-486574954,no_shared_term,False,False,False
S1-654658399,S3-557370685,beyond_rank_cut,False,True,False
S1-498900330,S3-287611087,beyond_rank_cut,False,True,False
S1-362234606,S3-218897701,beyond_rank_cut,False,True,False
S1-679848185,S2-872684627,beyond_rank_cut,False,True,False
S1-439658333,S3-360527540,no_shared_term,False,False,False
S1-322908694,S2-262965112,beyond_rank_cut,False,True,False
S1-322908694,S3-756810105,beyond_rank_cut,False,True,False
S1-322908694,S3-995970130,beyond_rank_cut,False,True,False
S1-807578005,S2-118548909,beyond_rank_cut,False,True,False
S1-807578005,S3-526055308,beyond_rank_cut,False,True,False
S1-634605850,S2-493264576,beyond_rank_cut,False,True,False
S1-634605850,S3-581541209,beyond_rank_cut,False,True,False
S1-29736762,S3-446413121,beyond_rank_cut,False,True,False
S1-29736762,S3-934518754,no_shared_term,False,False,False
S1-24210287,S2-916045016,no_shared_term,False,False,False
S1-24210287,S3-351029993,no_shared_term,False,False,False
S1-24210287,S3-493266126,no_shared_term,False,False,False
S1-168985432,S3-346353164,beyond_rank_cut,False,True,False
S1-212452689,S3-934561896,beyond_rank_cut,False,True,False
S1-248555563,S2-260071690,beyond_rank_cut,False,True,False
S1-818472853,S3-341647127,beyond_rank_cut,False,True,False
S1-818472853,S3-351986485,beyond_rank_cut,False,True,False
S1-787159734,S2-727924249,beyond_rank_cut,False,True,False
S1-765598270,S2-534136346,beyond_rank_cut,False,True,False
S1-135641553,S3-925805416,no_shared_term,False,False,False
S1-901953039,S2-863167771,no_shared_term,False,False,False
S1-901953039,S3-791737299,beyond_rank_cut,False,True,False
S1-435266688,S2-247520255,no_shared_term,False,False,False
S1-993102825,S2-587145986,beyond_rank_cut,False,True,False
S1-455993201,S2-225055984,beyond_rank_cut,False,True,False
S1-145515357,S3-866910350,beyond_rank_cut,False,True,False
S1-216322389,S2-327381073,beyond_rank_cut,False,True,False
S1-793399292,S3-16245951,beyond_rank_cut,False,True,False
S1-559376105,S2-518658237,no_shared_term,False,False,False
S1-559376105,S2-707760065,beyond_rank_cut,False,True,False
S1-658952397,S2-653273831,beyond_rank_cut,False,True,False
S1-23580998,S3-688242825,beyond_rank_cut,False,True,False
S1-386216035,S3-706277032,beyond_rank_cut,False,True,False
S1-88145263,S3-612914815,no_shared_term,False,False,False
S1-130949604,S3-703269769,beyond_rank_cut,False,True,False
S1-166460961,S2-4800718,beyond_rank_cut,False,True,False
S1-166460961,S2-541225009,beyond_rank_cut,False,True,False
S1-166460961,S3-89787920,beyond_rank_cut,False,True,False
S1-978149768,S3-375076112,beyond_rank_cut,False,True,False
S1-874329242,S3-400609217,beyond_rank_cut,False,True,False
S1-996753355,S2-511772016,no_shared_term,False,False,False
S1-683542496,S3-979239789,beyond_rank_cut,False,True,False
S1-116520011,S2-55987633,beyond_rank_cut,False,True,False
S1-978609152,S3-136444358,beyond_rank_cut,False,True,False
S1-351916067,S2-286024891,beyond_rank_cut,False,True,False
S1-354143781,S2-953505094,no_shared_term,False,False,False
S1-354143781,S3-260139509,no_shared_term,False,False,False
S1-878949092,S2-99232766,beyond_rank_cut,False,True,False
S1-878949092,S3-135967785,beyond_rank_cut,False,True,False
S1-101808393,S3-831226768,beyond_rank_cut,False,True,False
S1-460832673,S2-52768891,no_shared_term,False,False,False
S1-395743292,S2-479147632,no_shared_term,False,False,False
S1-395743292,S3-875001761,beyond_rank_cut,False,True,False
S1-407022577,S2-676751460,beyond_rank_cut,False,True,False
S1-456597235,S3-263095914,no_shared_term,False,False,False
S1-456597235,S3-973917444,beyond_rank_cut,False,True,False
S1-419281053,S3-222359754,beyond_rank_cut,False,True,False
S1-225205095,S3-867520463,beyond_rank_cut,False,True,False
S1-218919761,S3-111583790,beyond_rank_cut,False,True,False
S1-588893543,S2-172872595,beyond_rank_cut,False,True,False
S1-99083372,S2-483794152,no_shared_term,False,False,False
S1-944892789,S2-997942571,beyond_rank_cut,False,True,False
S1-476748479,S2-723897593,beyond_rank_cut,False,True,False
S1-779835149,S2-29993141,beyond_rank_cut,False,True,False
S1-779835149,S3-529130065,beyond_rank_cut,False,True,False
S1-841507481,S2-737854644,beyond_rank_cut,False,True,False
S1-209446441,S3-381039425,beyond_rank_cut,False,True,False
S1-116012598,S2-141095671,no_shared_term,False,False,False
S1-116012598,S2-57036677,no_shared_term,False,False,False
S1-533150356,S3-117619569,beyond_rank_cut,False,True,False
S1-624396621,S2-778789270,beyond_rank_cut,False,True,False
S1-451022117,S2-67209064,beyond_rank_cut,False,True,False
S1-976276899,S3-137285759,beyond_rank_cut,False,True,False
S1-635537442,S3-565753009,beyond_rank_cut,False,True,False
S1-348501036,S2-340684925,beyond_rank_cut,False,True,False
S1-262001452,S3-787698541,beyond_rank_cut,False,True,False
S1-133760755,S2-610620554,no_shared_term,False,False,False
S1-133760755,S3-675325948,beyond_rank_cut,False,True,False
S1-88694058,S3-972073089,beyond_rank_cut,False,True,False
S1-75855719,S3-5328671,no_shared_term,False,False,False
S1-129859002,S2-896423988,no_shared_term,False,False,False
S1-716768356,S2-194081201,no_shared_term,False,False,False
S1-716768356,S2-717636870,no_shared_term,False,False,False
S1-833492426,S2-625564599,beyond_rank_cut,False,True,False
S1-192440380,S3-721686238,beyond_rank_cut,False,True,False
S1-344137966,S3-213910603,beyond_rank_cut,False,True,False
S1-101677759,S3-190593743,beyond_rank_cut,False,True,False
S1-635306765,S3-569759025,beyond_rank_cut,False,True,False
S1-635306765,S3-931203120,beyond_rank_cut,False,True,False
S1-672858004,S3-478282342,no_shared_term,False,False,False
S1-923951418,S2-152861225,no_shared_term,False,False,False
S1-923951418,S3-674965940,no_shared_term,False,False,False
S1-36825316,S3-960612302,beyond_rank_cut,False,True,False
S1-675031473,S3-835714367,no_shared_term,False,False,False
S1-408499758,S3-211504158,beyond_rank_cut,False,True,False
S1-572973435,S3-302773802,no_shared_term,False,False,False
S1-680469148,S2-417047313,beyond_rank_cut,False,True,False
S1-99632589,S2-90627934,beyond_rank_cut,False,True,False
S1-702973572,S3-288855094,no_shared_term,False,False,False
S1-191638816,S3-110404058,no_shared_term,False,False,False
S1-341041402,S3-91071770,beyond_rank_cut,False,True,False
S1-360138724,S3-475257802,no_shared_term,False,False,False
S1-446536771,S3-156841399,beyond_rank_cut,False,True,False
S1-530877998,S3-901487915,beyond_rank_cut,False,True,False
S1-203542969,S3-51604646,beyond_rank_cut,False,True,False
S1-892157439,S2-981318568,beyond_rank_cut,False,True,False
S1-664377214,S2-305166343,no_shared_term,False,False,False
S1-664377214,S2-607189845,no_shared_term,False,False,False
S1-664377214,S2-659882587,beyond_rank_cut,False,True,False
S1-215617447,S2-816597023,beyond_rank_cut,False,True,False
S1-956420111,S3-68994836,beyond_rank_cut,False,True,False
S1-914924913,S3-780507518,beyond_rank_cut,False,True,False
S1-447285677,S3-458713166,beyond_rank_cut,False,True,False
S1-6083618,S3-363122738,no_shared_term,False,False,False
S1-6083618,S3-56340174,no_shared_term,False,False,False
S1-175363645,S3-398405113,beyond_rank_cut,False,True,False
S1-938434864,S3-756348854,no_shared_term,False,False,False
S1-961750321,S3-397026696,beyond_rank_cut,False,True,False
S1-992384516,S2-432826466,no_shared_term,False,False,False
S1-704265087,S3-415943569,beyond_rank_cut,False,True,False
S1-37237112,S2-705033255,beyond_rank_cut,False,True,False
S1-369596020,S2-612793081,beyond_rank_cut,False,True,False
S1-369596020,S3-51581558,beyond_rank_cut,False,True,False
S1-493877672,S2-853311667,beyond_rank_cut,False,True,False
S1-53006366,S3-418817911,beyond_rank_cut,False,True,False
S1-591336041,S2-847076753,no_shared_term,False,False,False
S1-591336041,S3-120512586,no_shared_term,False,False,False
S1-727484113,S2-327732293,beyond_rank_cut,False,True,False
S1-15402564,S2-8758802,no_shared_term,False,False,False
S1-869768384,S2-834549679,beyond_rank_cut,False,True,False
S1-957677130,S2-308920527,no_shared_term,False,False,False
S1-957677130,S2-698973459,beyond_rank_cut,False,True,False
S1-957677130,S2-707812261,beyond_rank_cut,False,True,False
S1-957677130,S3-199410358,beyond_rank_cut,False,True,False
S1-596055661,S3-975237664,no_shared_term,False,False,False
S1-675899248,S3-751140174,beyond_rank_cut,False,True,False
S1-675899248,S3-991349951,beyond_rank_cut,False,True,False
S1-260319857,S2-626984430,beyond_rank_cut,False,True,False
S1-260319857,S3-70250047,beyond_rank_cut,False,True,False
S1-749427563,S3-495117716,beyond_rank_cut,False,True,False
S1-772810589,S2-249598690,beyond_rank_cut,False,True,False
S1-477426866,S3-261151109,beyond_rank_cut,False,True,False
S1-465322284,S2-38955464,no_shared_term,False,False,False
S1-853899349,S3-68964822,no_shared_term,False,False,False
S1-160617980,S2-832335800,beyond_rank_cut,False,True,False
S1-144699320,S3-681289861,no_shared_term,False,False,False
S1-457291719,S3-175655702,no_shared_term,False,False,False
S1-405795439,S2-306620449,beyond_rank_cut,False,True,False
S1-897562594,S3-17725102,beyond_rank_cut,False,True,False
S1-135491910,S2-56582500,no_shared_term,False,False,False
S1-423636971,S3-16282179,no_shared_term,False,False,False
S1-990556419,S2-274793054,no_shared_term,False,False,False
S1-234821739,S2-518533000,beyond_rank_cut,False,True,False
S1-234821739,S2-797578070,beyond_rank_cut,False,True,False
S1-149016129,S2-302257102,beyond_rank_cut,False,True,False
S1-976211133,S3-608730544,no_shared_term,False,False,False
S1-103988587,S2-897099391,beyond_rank_cut,False,True,False
S1-646743880,S3-776498141,no_shared_term,False,False,False
S1-646743880,S3-901871371,beyond_rank_cut,False,True,False
S1-646743880,S3-94403142,beyond_rank_cut,False,True,False
S1-853472536,S2-261914123,beyond_rank_cut,False,True,False
S1-900212851,S2-412338939,beyond_rank_cut,False,True,False
S1-900212851,S2-413230018,beyond_rank_cut,False,True,False
S1-330977569,S2-85952948,beyond_rank_cut,False,True,False
S1-639760619,S2-476651350,no_shared_term,False,False,False
S1-893035671,S3-899928518,beyond_rank_cut,False,True,False
S1-686531414,S3-841448437,beyond_rank_cut,False,True,False
S1-541299601,S3-768475231,beyond_rank_cut,False,True,False
S1-475249272,S2-64253200,no_shared_term,False,False,False
S1-165885794,S3-870997134,no_shared_term,False,False,False
S1-487820301,S3-512144279,no_shared_term,False,False,False
S1-997062509,S2-602326523,beyond_rank_cut,False,True,False
S1-470954509,S3-238628535,beyond_rank_cut,False,True,False
S1-865296558,S2-660268695,beyond_rank_cut,False,True,False
S1-865296558,S2-862297957,beyond_rank_cut,False,True,False
S1-630634520,S2-24640792,beyond_rank_cut,False,True,False
S1-971059830,S2-794338375,beyond_rank_cut,False,True,False
S1-183677967,S2-958478769,no_shared_term,False,False,False
S1-183677967,S3-397755086,no_shared_term,False,False,False
S1-447903435,S2-121608963,no_shared_term,False,False,False
S1-797231361,S2-275608323,no_shared_term,False,False,False
S1-592117828,S2-369452207,no_shared_term,False,False,False
S1-911998205,S2-666754943,beyond_rank_cut,False,True,False
S1-982526983,S2-143483418,beyond_rank_cut,False,True,False
S1-982526983,S3-121823263,no_shared_term,False,False,False
S1-514178153,S3-175297077,beyond_rank_cut,False,True,False
S1-697481657,S3-853700040,no_shared_term,False,False,False
S1-146632659,S2-828129935,beyond_rank_cut,False,True,False
S1-353028164,S2-320668606,beyond_rank_cut,False,True,False
S1-353028164,S2-95023744,beyond_rank_cut,False,True,False
S1-9579145,S2-989396793,beyond_rank_cut,False,True,False
S1-620911036,S3-420644232,beyond_rank_cut,False,True,False
S1-951011810,S3-989466636,beyond_rank_cut,False,True,False
S1-447079533,S2-662777581,beyond_rank_cut,False,True,False
S1-447079533,S3-750572733,beyond_rank_cut,False,True,False
S1-447079533,S3-844604480,beyond_rank_cut,False,True,False
S1-161698091,S3-966706136,beyond_rank_cut,False,True,False
S1-979275350,S3-107568647,beyond_rank_cut,False,True,False
S1-979275350,S3-231520397,no_shared_term,False,False,False
S1-969260324,S3-14068828,beyond_rank_cut,False,True,False
S1-969260324,S3-77067827,beyond_rank_cut,False,True,False
S1-569782282,S2-411463570,beyond_rank_cut,False,True,False
S1-569782282,S2-523853433,beyond_rank_cut,False,True,False
S1-784813255,S3-898251111,beyond_rank_cut,False,True,False
S1-904523573,S3-7443103,beyond_rank_cut,False,True,False
S1-993035103,S2-889610371,no_shared_term,False,False,False
S1-101873091,S3-280437495,beyond_rank_cut,False,True,False
S1-94247287,S2-876507289,no_shared_term,False,False,False
S1-930710490,S2-892659431,beyond_rank_cut,False,True,False
S1-855551275,S2-50843676,beyond_rank_cut,False,True,False
S1-30192762,S2-143176177,beyond_rank_cut,False,True,False
S1-396177063,S3-819933789,no_shared_term,False,False,False
S1-168374539,S3-130619087,beyond_rank_cut,False,True,False
S1-168374539,S3-308468919,beyond_rank_cut,False,True,False
S1-168374539,S3-399632387,beyond_rank_cut,False,True,False
S1-494762582,S2-465115828,no_shared_term,False,False,False
S1-534219145,S3-339600067,beyond_rank_cut,False,True,False
S1-638016430,S3-555575622,beyond_rank_cut,False,True,False
S1-266196235,S2-359637425,beyond_rank_cut,False,True,False
S1-266196235,S2-738299733,beyond_rank_cut,False,True,False
S1-431982538,S3-994566237,beyond_rank_cut,False,True,False
S1-400487364,S3-359695937,no_shared_term,False,False,False
S1-164258060,S3-819041463,beyond_rank_cut,False,True,False
S1-405769486,S2-728264379,no_shared_term,False,False,False
S1-982986430,S2-831844306,beyond_rank_cut,False,True,False
S1-413344621,S3-285949942,beyond_rank_cut,False,True,False
S1-250754855,S3-688781509,beyond_rank_cut,False,True,False
S1-393864957,S2-771875325,beyond_rank_cut,False,True,False
S1-696888925,S2-56850813,no_shared_term,False,False,False
S1-696888925,S3-806856495,no_shared_term,False,False,False
S1-696888925,S3-982860817,no_shared_term,False,False,False
S1-286354910,S2-86804994,beyond_rank_cut,False,True,False
S1-286354910,S3-191398618,beyond_rank_cut,False,True,False
S1-319748197,S2-505801448,beyond_rank_cut,False,True,False
S1-315331880,S2-133906831,beyond_rank_cut,False,True,False
S1-452990233,S2-573148085,no_shared_term,False,False,False
S1-391794436,S3-625944672,beyond_rank_cut,False,True,False
S1-307495834,S3-590177979,beyond_rank_cut,False,True,False
S1-332182265,S3-389283869,no_shared_term,False,False,False
S1-332182265,S3-754455416,beyond_rank_cut,False,True,False
S1-704801117,S3-207320801,beyond_rank_cut,False,True,False
S1-704801117,S3-404625823,beyond_rank_cut,False,True,False
S1-704801117,S3-813489751,beyond_rank_cut,False,True,False
S1-232735283,S2-284657279,beyond_rank_cut,False,True,False
S1-603303960,S2-642126067,beyond_rank_cut,False,True,False
S1-157060210,S3-84815364,beyond_rank_cut,False,True,False
S1-456954128,S3-206669658,no_shared_term,False,False,False
S1-156520476,S2-509655326,beyond_rank_cut,False,True,False
S1-736429914,S2-837287636,beyond_rank_cut,False,True,False
S1-122700812,S3-381214550,beyond_rank_cut,False,True,False
S1-470822019,S2-788839726,beyond_rank_cut,False,True,False
S1-765800475,S2-615060508,beyond_rank_cut,False,True,False
S1-765800475,S3-446741315,no_shared_term,False,False,False
S1-765800475,S3-461210707,beyond_rank_cut,False,True,False
S1-938483832,S2-248059594,no_shared_term,False,False,False
S1-426698647,S2-775357694,beyond_rank_cut,False,True,False
S1-426698647,S3-646197415,beyond_rank_cut,False,True,False
S1-721014472,S2-552170037,no_shared_term,False,False,False
S1-135454933,S2-942877585,beyond_rank_cut,False,True,False
S1-931215853,S3-33752389,no_shared_term,False,False,False
S1-679815244,S3-948349527,beyond_rank_cut,False,True,False
S1-183443353,S3-915307407,beyond_rank_cut,False,True,False
S1-690036541,S3-145341592,beyond_rank_cut,False,True,False
S1-278042352,S3-935468987,beyond_rank_cut,False,True,False
S1-776823548,S3-321075125,beyond_rank_cut,False,True,False
S1-323319678,S3-949849205,beyond_rank_cut,False,True,False
S1-336335624,S2-780104888,no_shared_term,False,False,False
S1-336335624,S3-652630865,beyond_rank_cut,False,True,False
S1-60832694,S3-320217679,no_shared_term,False,False,False
S1-125633544,S2-565257942,no_shared_term,False,False,False
S1-970475401,S3-587488161,beyond_rank_cut,False,True,False
S1-604296812,S2-355068228,beyond_rank_cut,False,True,False
S1-604296812,S2-474438461,beyond_rank_cut,False,True,False
S1-501238834,S3-474435816,no_shared_term,False,False,False
S1-418349305,S2-666187971,no_shared_term,False,False,False
S1-418349305,S3-194484871,beyond_rank_cut,False,True,False
S1-418349305,S3-481049088,beyond_rank_cut,False,True,False
S1-372039028,S3-749771330,beyond_rank_cut,False,True,False
S1-612820942,S2-153569143,no_shared_term,False,False,False
S1-612820942,S3-48876859,no_shared_term,False,False,False
S1-83175827,S3-706007201,beyond_rank_cut,False,True,False
S1-176601836,S3-109697095,beyond_rank_cut,False,True,False
S1-28435455,S3-429127155,beyond_rank_cut,False,True,False
S1-777916455,S2-414433550,beyond_rank_cut,False,True,False
S1-926998803,S3-533877577,no_shared_term,False,False,False
S1-256437334,S2-251022723,no_shared_term,False,False,False
S1-256437334,S2-689823918,no_shared_term,False,False,False
S1-560188538,S3-288052211,beyond_rank_cut,False,True,False
S1-740243571,S3-311366262,beyond_rank_cut,False,True,False
S1-796397981,S2-315871971,beyond_rank_cut,False,True,False
S1-241602595,S2-913624940,beyond_rank_cut,False,True,False
S1-241602595,S3-413786715,beyond_rank_cut,False,True,False
S1-241602595,S3-648260381,beyond_rank_cut,False,True,False
S1-241602595,S3-796276621,beyond_rank_cut,False,True,False
S1-61857105,S3-859830405,no_shared_term,False,False,False
S1-478702332,S2-164461032,beyond_rank_cut,False,True,False
S1-478702332,S3-761772926,beyond_rank_cut,False,True,False
S1-324219462,S2-809824206,beyond_rank_cut,False,True,False
S1-645498279,S2-799199483,no_shared_term,False,False,False
S1-539063797,S3-49680736,beyond_rank_cut,False,True,False
S1-782122006,S2-490920532,beyond_rank_cut,False,True,False
S1-393861185,S3-158436824,beyond_rank_cut,False,True,False
S1-73423257,S2-460588396,beyond_rank_cut,False,True,False
S1-633496096,S3-945684586,beyond_rank_cut,False,True,False
S1-879677091,S2-134428093,beyond_rank_cut,False,True,False
S1-548194712,S2-200886064,beyond_rank_cut,False,True,False
S1-28416687,S2-806407377,beyond_rank_cut,False,True,False
S1-222622890,S3-750423611,beyond_rank_cut,False,True,False
S1-100002411,S2-821107510,beyond_rank_cut,False,True,False
S1-394175418,S3-819044751,beyond_rank_cut,False,True,False
